sku_id,horizon,week_start_date,actual_demand,forecast_demand,source_model
FOODS_1_001_CA_1,1,damped_trend_exponential_smoothing,2.0,4.66996675900364,damped_trend_exponential_smoothing
FOODS_1_001_CA_1,2,damped_trend_exponential_smoothing,4.0,4.66996675900364,damped_trend_exponential_smoothing
FOODS_1_001_CA_1,3,damped_trend_exponential_smoothing,8.0,4.66996675900364,damped_trend_exponential_smoothing
FOODS_1_001_CA_1,4,damped_trend_exponential_smoothing,9.0,4.66996675900364,damped_trend_exponential_smoothing
FOODS_1_001_CA_1,5,damped_trend_exponential_smoothing,9.0,4.66996675900364,damped_trend_exponential_smoothing
FOODS_1_001_CA_1,6,damped_trend_exponential_smoothing,9.0,4.66996675900364,damped_trend_exponential_smoothing
FOODS_1_001_CA_1,7,damped_trend_exponential_smoothing,6.0,4.66996675900364,damped_trend_exponential_smoothing
FOODS_1_001_CA_1,8,damped_trend_exponential_smoothing,9.0,4.66996675900364,damped_trend_exponential_smoothing
FOODS_1_001_CA_2,1,damped_trend_exponential_smoothing,5.0,8.667426926608359,damped_trend_exponential_smoothing
FOODS_1_001_CA_2,2,damped_trend_exponential_smoothing,10.0,8.661121092820474,damped_trend_exponential_smoothing
FOODS_1_001_CA_2,3,damped_trend_exponential_smoothing,7.0,8.654884250981645,damped_trend_exponential_smoothing
FOODS_1_001_CA_2,4,damped_trend_exponential_smoothing,3.0,8.64871564625291,damped_trend_exponential_smoothing
FOODS_1_001_CA_2,5,damped_trend_exponential_smoothing,3.0,8.64261453205398,damped_trend_exponential_smoothing
FOODS_1_001_CA_2,6,damped_trend_exponential_smoothing,4.0,8.636580169972873,damped_trend_exponential_smoothing
FOODS_1_001_CA_2,7,damped_trend_exponential_smoothing,3.0,8.63061182967656,damped_trend_exponential_smoothing
FOODS_1_001_CA_2,8,damped_trend_exponential_smoothing,20.0,8.624708788822563,damped_trend_exponential_smoothing
FOODS_1_001_CA_3,1,damped_trend_exponential_smoothing,14.0,6.358805302341636,damped_trend_exponential_smoothing
FOODS_1_001_CA_3,2,damped_trend_exponential_smoothing,2.0,6.357277056675192,damped_trend_exponential_smoothing
FOODS_1_001_CA_3,3,damped_trend_exponential_smoothing,3.0,6.355783712190865,damped_trend_exponential_smoothing
FOODS_1_001_CA_3,4,damped_trend_exponential_smoothing,11.0,6.354324471835841,damped_trend_exponential_smoothing
FOODS_1_001_CA_3,5,damped_trend_exponential_smoothing,13.0,6.3528985567599285,damped_trend_exponential_smoothing
FOODS_1_001_CA_3,6,damped_trend_exponential_smoothing,2.0,6.351505205899864,damped_trend_exponential_smoothing
FOODS_1_001_CA_3,7,damped_trend_exponential_smoothing,7.0,6.3501436755731016,damped_trend_exponential_smoothing
FOODS_1_001_CA_3,8,damped_trend_exponential_smoothing,13.0,6.348813239080883,damped_trend_exponential_smoothing
FOODS_1_001_CA_4,1,damped_trend_exponential_smoothing,1.0,0.8232071471038788,damped_trend_exponential_smoothing
FOODS_1_001_CA_4,2,damped_trend_exponential_smoothing,7.0,0.8232071471038788,damped_trend_exponential_smoothing
FOODS_1_001_CA_4,3,damped_trend_exponential_smoothing,2.0,0.8232071471038788,damped_trend_exponential_smoothing
FOODS_1_001_CA_4,4,damped_trend_exponential_smoothing,3.0,0.8232071471038788,damped_trend_exponential_smoothing
FOODS_1_001_CA_4,5,damped_trend_exponential_smoothing,3.0,0.8232071471038788,damped_trend_exponential_smoothing
FOODS_1_001_CA_4,6,damped_trend_exponential_smoothing,2.0,0.8232071471038788,damped_trend_exponential_smoothing
FOODS_1_001_CA_4,7,damped_trend_exponential_smoothing,0.0,0.8232071471038788,damped_trend_exponential_smoothing
FOODS_1_001_CA_4,8,damped_trend_exponential_smoothing,3.0,0.8232071471038788,damped_trend_exponential_smoothing
FOODS_1_001_TX_1,1,damped_trend_exponential_smoothing,0.0,4.710731485543308,damped_trend_exponential_smoothing
FOODS_1_001_TX_1,2,damped_trend_exponential_smoothing,5.0,4.708270463831027,damped_trend_exponential_smoothing
FOODS_1_001_TX_1,3,damped_trend_exponential_smoothing,5.0,4.706243804401824,damped_trend_exponential_smoothing
FOODS_1_001_TX_1,4,damped_trend_exponential_smoothing,7.0,4.704574843733384,damped_trend_exponential_smoothing
FOODS_1_001_TX_1,5,damped_trend_exponential_smoothing,0.0,4.703200449164337,damped_trend_exponential_smoothing
FOODS_1_001_TX_1,6,damped_trend_exponential_smoothing,1.0,4.702068630741564,damped_trend_exponential_smoothing
FOODS_1_001_TX_1,7,damped_trend_exponential_smoothing,0.0,4.701136574568629,damped_trend_exponential_smoothing
FOODS_1_001_TX_1,8,damped_trend_exponential_smoothing,0.0,4.700369023261788,damped_trend_exponential_smoothing
FOODS_1_001_TX_2,1,damped_trend_exponential_smoothing,9.0,4.076992508454783,damped_trend_exponential_smoothing
FOODS_1_001_TX_2,2,damped_trend_exponential_smoothing,3.0,4.076042109425279,damped_trend_exponential_smoothing
FOODS_1_001_TX_2,3,damped_trend_exponential_smoothing,3.0,4.0751123711226,damped_trend_exponential_smoothing
FOODS_1_001_TX_2,4,damped_trend_exponential_smoothing,3.0,4.074202844403157,damped_trend_exponential_smoothing
FOODS_1_001_TX_2,5,damped_trend_exponential_smoothing,4.0,4.073313089887291,damped_trend_exponential_smoothing
FOODS_1_001_TX_2,6,damped_trend_exponential_smoothing,1.0,4.072442677747021,damped_trend_exponential_smoothing
FOODS_1_001_TX_2,7,damped_trend_exponential_smoothing,5.0,4.071591187498397,damped_trend_exponential_smoothing
FOODS_1_001_TX_2,8,damped_trend_exponential_smoothing,1.0,4.070758207798369,damped_trend_exponential_smoothing
FOODS_1_001_TX_3,1,damped_trend_exponential_smoothing,1.0,2.730454866255457,damped_trend_exponential_smoothing
FOODS_1_001_TX_3,2,damped_trend_exponential_smoothing,5.0,2.730454866255457,damped_trend_exponential_smoothing
FOODS_1_001_TX_3,3,damped_trend_exponential_smoothing,1.0,2.730454866255457,damped_trend_exponential_smoothing
FOODS_1_001_TX_3,4,damped_trend_exponential_smoothing,3.0,2.730454866255457,damped_trend_exponential_smoothing
FOODS_1_001_TX_3,5,damped_trend_exponential_smoothing,2.0,2.730454866255457,damped_trend_exponential_smoothing
FOODS_1_001_TX_3,6,damped_trend_exponential_smoothing,5.0,2.730454866255457,damped_trend_exponential_smoothing
FOODS_1_001_TX_3,7,damped_trend_exponential_smoothing,3.0,2.730454866255457,damped_trend_exponential_smoothing
FOODS_1_001_TX_3,8,damped_trend_exponential_smoothing,5.0,2.730454866255457,damped_trend_exponential_smoothing
FOODS_1_001_WI_1,1,damped_trend_exponential_smoothing,1.0,3.0663048616713007,damped_trend_exponential_smoothing
FOODS_1_001_WI_1,2,damped_trend_exponential_smoothing,3.0,3.0648815971257566,damped_trend_exponential_smoothing
FOODS_1_001_WI_1,3,damped_trend_exponential_smoothing,0.0,3.0634872596584133,damped_trend_exponential_smoothing
FOODS_1_001_WI_1,4,damped_trend_exponential_smoothing,4.0,3.062121261342131,damped_trend_exponential_smoothing
FOODS_1_001_WI_1,5,damped_trend_exponential_smoothing,5.0,3.0607830261990694,damped_trend_exponential_smoothing
FOODS_1_001_WI_1,6,damped_trend_exponential_smoothing,1.0,3.059471989957825,damped_trend_exponential_smoothing
FOODS_1_001_WI_1,7,damped_trend_exponential_smoothing,1.0,3.058187599815504,damped_trend_exponential_smoothing
FOODS_1_001_WI_1,8,damped_trend_exponential_smoothing,3.0,3.0569293142046305,damped_trend_exponential_smoothing
FOODS_1_001_WI_2,1,damped_trend_exponential_smoothing,0.0,2.137188051635512,damped_trend_exponential_smoothing
FOODS_1_001_WI_2,2,damped_trend_exponential_smoothing,2.0,2.1371883505826386,damped_trend_exponential_smoothing
FOODS_1_001_WI_2,3,damped_trend_exponential_smoothing,2.0,2.137188631409402,damped_trend_exponential_smoothing
FOODS_1_001_WI_2,4,damped_trend_exponential_smoothing,4.0,2.13718889521415,damped_trend_exponential_smoothing
FOODS_1_001_WI_2,5,damped_trend_exponential_smoothing,0.0,2.1371891430286527,damped_trend_exponential_smoothing
FOODS_1_001_WI_2,6,damped_trend_exponential_smoothing,4.0,2.137189375822142,damped_trend_exponential_smoothing
FOODS_1_001_WI_2,7,damped_trend_exponential_smoothing,5.0,2.137189594505101,damped_trend_exponential_smoothing
FOODS_1_001_WI_2,8,damped_trend_exponential_smoothing,2.0,2.1371897999328247,damped_trend_exponential_smoothing
FOODS_1_001_WI_3,1,damped_trend_exponential_smoothing,3.0,0.7968893622360229,damped_trend_exponential_smoothing
FOODS_1_001_WI_3,2,damped_trend_exponential_smoothing,0.0,0.7728668222729174,damped_trend_exponential_smoothing
FOODS_1_001_WI_3,3,damped_trend_exponential_smoothing,2.0,0.7501288873994522,damped_trend_exponential_smoothing
FOODS_1_001_WI_3,4,damped_trend_exponential_smoothing,1.0,0.7286068633710193,damped_trend_exponential_smoothing
FOODS_1_001_WI_3,5,damped_trend_exponential_smoothing,3.0,0.7082357293670697,damped_trend_exponential_smoothing
FOODS_1_001_WI_3,6,damped_trend_exponential_smoothing,2.0,0.6889539415547972,damped_trend_exponential_smoothing
FOODS_1_001_WI_3,7,damped_trend_exponential_smoothing,1.0,0.6707032471572532,damped_trend_exponential_smoothing
FOODS_1_001_WI_3,8,damped_trend_exponential_smoothing,1.0,0.6534285084641668,damped_trend_exponential_smoothing
FOODS_1_002_CA_1,1,damped_trend_exponential_smoothing,1.0,2.7403099097938868,damped_trend_exponential_smoothing
FOODS_1_002_CA_1,2,damped_trend_exponential_smoothing,3.0,2.7300165540718635,damped_trend_exponential_smoothing
FOODS_1_002_CA_1,3,damped_trend_exponential_smoothing,6.0,2.7217818694942446,damped_trend_exponential_smoothing
FOODS_1_002_CA_1,4,damped_trend_exponential_smoothing,4.0,2.71519412183215,damped_trend_exponential_smoothing
FOODS_1_002_CA_1,5,damped_trend_exponential_smoothing,1.0,2.709923923702474,damped_trend_exponential_smoothing
FOODS_1_002_CA_1,6,damped_trend_exponential_smoothing,1.0,2.705707765198733,damped_trend_exponential_smoothing
FOODS_1_002_CA_1,7,damped_trend_exponential_smoothing,3.0,2.7023348383957404,damped_trend_exponential_smoothing
FOODS_1_002_CA_1,8,damped_trend_exponential_smoothing,7.0,2.6996364969533464,damped_trend_exponential_smoothing
FOODS_1_002_CA_2,1,damped_trend_exponential_smoothing,11.0,5.04145654901043,damped_trend_exponential_smoothing
FOODS_1_002_CA_2,2,damped_trend_exponential_smoothing,2.0,5.04145654901043,damped_trend_exponential_smoothing
FOODS_1_002_CA_2,3,damped_trend_exponential_smoothing,3.0,5.04145654901043,damped_trend_exponential_smoothing
FOODS_1_002_CA_2,4,damped_trend_exponential_smoothing,4.0,5.04145654901043,damped_trend_exponential_smoothing
FOODS_1_002_CA_2,5,damped_trend_exponential_smoothing,5.0,5.04145654901043,damped_trend_exponential_smoothing
FOODS_1_002_CA_2,6,damped_trend_exponential_smoothing,6.0,5.04145654901043,damped_trend_exponential_smoothing
FOODS_1_002_CA_2,7,damped_trend_exponential_smoothing,6.0,5.04145654901043,damped_trend_exponential_smoothing
FOODS_1_002_CA_2,8,damped_trend_exponential_smoothing,3.0,5.04145654901043,damped_trend_exponential_smoothing
FOODS_1_002_CA_3,1,damped_trend_exponential_smoothing,3.0,0.0735943797609641,damped_trend_exponential_smoothing
FOODS_1_002_CA_3,2,damped_trend_exponential_smoothing,4.0,0.0733443204161151,damped_trend_exponential_smoothing
FOODS_1_002_CA_3,3,damped_trend_exponential_smoothing,5.0,0.0731442729402359,damped_trend_exponential_smoothing
FOODS_1_002_CA_3,4,damped_trend_exponential_smoothing,2.0,0.0729842349595325,damped_trend_exponential_smoothing
FOODS_1_002_CA_3,5,damped_trend_exponential_smoothing,5.0,0.0728562045749698,damped_trend_exponential_smoothing
FOODS_1_002_CA_3,6,damped_trend_exponential_smoothing,2.0,0.0727537802673196,damped_trend_exponential_smoothing
FOODS_1_002_CA_3,7,damped_trend_exponential_smoothing,5.0,0.0726718408211995,damped_trend_exponential_smoothing
FOODS_1_002_CA_3,8,damped_trend_exponential_smoothing,2.0,0.0726062892643034,damped_trend_exponential_smoothing
FOODS_1_002_CA_4,1,damped_trend_exponential_smoothing,2.0,1.8966372185379516,damped_trend_exponential_smoothing
FOODS_1_002_CA_4,2,damped_trend_exponential_smoothing,4.0,1.8968418549231256,damped_trend_exponential_smoothing
FOODS_1_002_CA_4,3,damped_trend_exponential_smoothing,2.0,1.897042635358871,damped_trend_exponential_smoothing
FOODS_1_002_CA_4,4,damped_trend_exponential_smoothing,0.0,1.8972396325025789,damped_trend_exponential_smoothing
FOODS_1_002_CA_4,5,damped_trend_exponential_smoothing,2.0,1.897432917642563,damped_trend_exponential_smoothing
FOODS_1_002_CA_4,6,damped_trend_exponential_smoothing,3.0,1.897622560723856,damped_trend_exponential_smoothing
FOODS_1_002_CA_4,7,damped_trend_exponential_smoothing,0.0,1.897808630373521,damped_trend_exponential_smoothing
FOODS_1_002_CA_4,8,damped_trend_exponential_smoothing,0.0,1.8979911939254863,damped_trend_exponential_smoothing
FOODS_1_002_TX_1,1,damped_trend_exponential_smoothing,0.0,1.148946655297189,damped_trend_exponential_smoothing
FOODS_1_002_TX_1,2,damped_trend_exponential_smoothing,0.0,1.1489467035851348,damped_trend_exponential_smoothing
FOODS_1_002_TX_1,3,damped_trend_exponential_smoothing,0.0,1.148946748851135,damped_trend_exponential_smoothing
FOODS_1_002_TX_1,4,damped_trend_exponential_smoothing,0.0,1.1489467912843072,damped_trend_exponential_smoothing
FOODS_1_002_TX_1,5,damped_trend_exponential_smoothing,0.0,1.1489468310619362,damped_trend_exponential_smoothing
FOODS_1_002_TX_1,6,damped_trend_exponential_smoothing,0.0,1.14894686835021,damped_trend_exponential_smoothing
FOODS_1_002_TX_1,7,damped_trend_exponential_smoothing,1.0,1.148946903304917,damped_trend_exponential_smoothing
FOODS_1_002_TX_1,8,damped_trend_exponential_smoothing,1.0,1.148946936072096,damped_trend_exponential_smoothing
FOODS_1_002_TX_2,1,damped_trend_exponential_smoothing,1.0,1.3229678068346988,damped_trend_exponential_smoothing
FOODS_1_002_TX_2,2,damped_trend_exponential_smoothing,0.0,1.3229678068346988,damped_trend_exponential_smoothing
FOODS_1_002_TX_2,3,damped_trend_exponential_smoothing,1.0,1.3229678068346988,damped_trend_exponential_smoothing
FOODS_1_002_TX_2,4,damped_trend_exponential_smoothing,1.0,1.3229678068346988,damped_trend_exponential_smoothing
FOODS_1_002_TX_2,5,damped_trend_exponential_smoothing,1.0,1.3229678068346988,damped_trend_exponential_smoothing
FOODS_1_002_TX_2,6,damped_trend_exponential_smoothing,2.0,1.3229678068346988,damped_trend_exponential_smoothing
FOODS_1_002_TX_2,7,damped_trend_exponential_smoothing,1.0,1.3229678068346988,damped_trend_exponential_smoothing
FOODS_1_002_TX_2,8,damped_trend_exponential_smoothing,0.0,1.3229678068346988,damped_trend_exponential_smoothing
FOODS_1_002_TX_3,1,damped_trend_exponential_smoothing,4.0,1.455719805254282,damped_trend_exponential_smoothing
FOODS_1_002_TX_3,2,damped_trend_exponential_smoothing,0.0,1.455719805254282,damped_trend_exponential_smoothing
FOODS_1_002_TX_3,3,damped_trend_exponential_smoothing,1.0,1.455719805254282,damped_trend_exponential_smoothing
FOODS_1_002_TX_3,4,damped_trend_exponential_smoothing,5.0,1.455719805254282,damped_trend_exponential_smoothing
FOODS_1_002_TX_3,5,damped_trend_exponential_smoothing,4.0,1.455719805254282,damped_trend_exponential_smoothing
FOODS_1_002_TX_3,6,damped_trend_exponential_smoothing,2.0,1.455719805254282,damped_trend_exponential_smoothing
FOODS_1_002_TX_3,7,damped_trend_exponential_smoothing,1.0,1.455719805254282,damped_trend_exponential_smoothing
FOODS_1_002_TX_3,8,damped_trend_exponential_smoothing,3.0,1.455719805254282,damped_trend_exponential_smoothing
FOODS_1_002_WI_1,1,damped_trend_exponential_smoothing,5.0,7.325108544015613,damped_trend_exponential_smoothing
FOODS_1_002_WI_1,2,damped_trend_exponential_smoothing,5.0,7.360806143012154,damped_trend_exponential_smoothing
FOODS_1_002_WI_1,3,damped_trend_exponential_smoothing,7.0,7.396170821284137,damped_trend_exponential_smoothing
FOODS_1_002_WI_1,4,damped_trend_exponential_smoothing,6.0,7.431205683696088,damped_trend_exponential_smoothing
FOODS_1_002_WI_1,5,damped_trend_exponential_smoothing,7.0,7.465913806156141,damped_trend_exponential_smoothing
FOODS_1_002_WI_1,6,damped_trend_exponential_smoothing,6.0,7.500298235886086,damped_trend_exponential_smoothing
FOODS_1_002_WI_1,7,damped_trend_exponential_smoothing,6.0,7.534361991688903,damped_trend_exponential_smoothing
FOODS_1_002_WI_1,8,damped_trend_exponential_smoothing,10.0,7.568108064213802,damped_trend_exponential_smoothing
FOODS_1_002_WI_2,1,damped_trend_exponential_smoothing,6.0,3.2820913372074005,damped_trend_exponential_smoothing
FOODS_1_002_WI_2,2,damped_trend_exponential_smoothing,3.0,3.29161399010394,damped_trend_exponential_smoothing
FOODS_1_002_WI_2,3,damped_trend_exponential_smoothing,2.0,3.2993249205496227,damped_trend_exponential_smoothing
FOODS_1_002_WI_2,4,damped_trend_exponential_smoothing,3.0,3.305568815920394,damped_trend_exponential_smoothing
FOODS_1_002_WI_2,5,damped_trend_exponential_smoothing,4.0,3.310624785452964,damped_trend_exponential_smoothing
FOODS_1_002_WI_2,6,damped_trend_exponential_smoothing,3.0,3.314718836745677,damped_trend_exponential_smoothing
FOODS_1_002_WI_2,7,damped_trend_exponential_smoothing,3.0,3.3180339785556496,damped_trend_exponential_smoothing
FOODS_1_002_WI_2,8,damped_trend_exponential_smoothing,3.0,3.3207184014987106,damped_trend_exponential_smoothing
FOODS_1_002_WI_3,1,damped_trend_exponential_smoothing,1.0,1.2060999062445317,damped_trend_exponential_smoothing
FOODS_1_002_WI_3,2,damped_trend_exponential_smoothing,0.0,1.1987968453950977,damped_trend_exponential_smoothing
FOODS_1_002_WI_3,3,damped_trend_exponential_smoothing,2.0,1.1929543967155505,damped_trend_exponential_smoothing
FOODS_1_002_WI_3,4,damped_trend_exponential_smoothing,1.0,1.1882804377719125,damped_trend_exponential_smoothing
FOODS_1_002_WI_3,5,damped_trend_exponential_smoothing,2.0,1.184541270617002,damped_trend_exponential_smoothing
FOODS_1_002_WI_3,6,damped_trend_exponential_smoothing,2.0,1.1815499368930735,damped_trend_exponential_smoothing
FOODS_1_002_WI_3,7,damped_trend_exponential_smoothing,1.0,1.1791568699139312,damped_trend_exponential_smoothing
FOODS_1_002_WI_3,8,damped_trend_exponential_smoothing,1.0,1.1772424163306172,damped_trend_exponential_smoothing
FOODS_1_003_CA_1,1,damped_trend_exponential_smoothing,6.0,5.231807309033063,damped_trend_exponential_smoothing
FOODS_1_003_CA_1,2,damped_trend_exponential_smoothing,3.0,5.232928789056368,damped_trend_exponential_smoothing
FOODS_1_003_CA_1,3,damped_trend_exponential_smoothing,5.0,5.233941168795891,damped_trend_exponential_smoothing
FOODS_1_003_CA_1,4,damped_trend_exponential_smoothing,7.0,5.234855061790593,damped_trend_exponential_smoothing
FOODS_1_003_CA_1,5,damped_trend_exponential_smoothing,8.0,5.235680049068744,damped_trend_exponential_smoothing
FOODS_1_003_CA_1,6,damped_trend_exponential_smoothing,3.0,5.236424779593059,damped_trend_exponential_smoothing
FOODS_1_003_CA_1,7,damped_trend_exponential_smoothing,7.0,5.23709706093428,damped_trend_exponential_smoothing
FOODS_1_003_CA_1,8,damped_trend_exponential_smoothing,5.0,5.237703941123823,damped_trend_exponential_smoothing
FOODS_1_003_CA_2,1,damped_trend_exponential_smoothing,6.0,6.845755772049607,damped_trend_exponential_smoothing
FOODS_1_003_CA_2,2,damped_trend_exponential_smoothing,12.0,6.818602912695795,damped_trend_exponential_smoothing
FOODS_1_003_CA_2,3,damped_trend_exponential_smoothing,6.0,6.791585817638753,damped_trend_exponential_smoothing
FOODS_1_003_CA_2,4,damped_trend_exponential_smoothing,7.0,6.764703808056995,damped_trend_exponential_smoothing
FOODS_1_003_CA_2,5,damped_trend_exponential_smoothing,8.0,6.737956208523146,damped_trend_exponential_smoothing
FOODS_1_003_CA_2,6,damped_trend_exponential_smoothing,2.0,6.711342346986967,damped_trend_exponential_smoothing
FOODS_1_003_CA_2,7,damped_trend_exponential_smoothing,13.0,6.684861554758468,damped_trend_exponential_smoothing
FOODS_1_003_CA_2,8,damped_trend_exponential_smoothing,4.0,6.658513166491113,damped_trend_exponential_smoothing
FOODS_1_003_CA_3,1,damped_trend_exponential_smoothing,7.0,4.5691814374782735,damped_trend_exponential_smoothing
FOODS_1_003_CA_3,2,damped_trend_exponential_smoothing,6.0,4.562093343079314,damped_trend_exponential_smoothing
FOODS_1_003_CA_3,3,damped_trend_exponential_smoothing,6.0,4.555040689152349,damped_trend_exponential_smoothing
FOODS_1_003_CA_3,4,damped_trend_exponential_smoothing,3.0,4.54802329849502,damped_trend_exponential_smoothing
FOODS_1_003_CA_3,5,damped_trend_exponential_smoothing,8.0,4.541040994790976,damped_trend_exponential_smoothing
FOODS_1_003_CA_3,6,damped_trend_exponential_smoothing,5.0,4.534093602605453,damped_trend_exponential_smoothing
FOODS_1_003_CA_3,7,damped_trend_exponential_smoothing,5.0,4.527180947380858,damped_trend_exponential_smoothing
FOODS_1_003_CA_3,8,damped_trend_exponential_smoothing,9.0,4.520302855432385,damped_trend_exponential_smoothing
FOODS_1_003_CA_4,1,damped_trend_exponential_smoothing,3.0,1.6412788444003337,damped_trend_exponential_smoothing
FOODS_1_003_CA_4,2,damped_trend_exponential_smoothing,3.0,1.6412879486598346,damped_trend_exponential_smoothing
FOODS_1_003_CA_4,3,damped_trend_exponential_smoothing,1.0,1.641296677948166,damped_trend_exponential_smoothing
FOODS_1_003_CA_4,4,damped_trend_exponential_smoothing,3.0,1.64130504770902,damped_trend_exponential_smoothing
FOODS_1_003_CA_4,5,damped_trend_exponential_smoothing,2.0,1.6413130727500187,damped_trend_exponential_smoothing
FOODS_1_003_CA_4,6,damped_trend_exponential_smoothing,1.0,1.6413207672689134,damped_trend_exponential_smoothing
FOODS_1_003_CA_4,7,damped_trend_exponential_smoothing,3.0,1.6413281448787012,damped_trend_exponential_smoothing
FOODS_1_003_CA_4,8,damped_trend_exponential_smoothing,3.0,1.6413352186317096,damped_trend_exponential_smoothing
FOODS_1_003_TX_1,1,damped_trend_exponential_smoothing,7.0,1.657201438422759,damped_trend_exponential_smoothing
FOODS_1_003_TX_1,2,damped_trend_exponential_smoothing,2.0,1.6512183961315168,damped_trend_exponential_smoothing
FOODS_1_003_TX_1,3,damped_trend_exponential_smoothing,2.0,1.6452959881875338,damped_trend_exponential_smoothing
FOODS_1_003_TX_1,4,damped_trend_exponential_smoothing,1.0,1.6394336001000722,damped_trend_exponential_smoothing
FOODS_1_003_TX_1,5,damped_trend_exponential_smoothing,3.0,1.6336306236058702,damped_trend_exponential_smoothing
FOODS_1_003_TX_1,6,damped_trend_exponential_smoothing,1.0,1.6278864566060285,damped_trend_exponential_smoothing
FOODS_1_003_TX_1,7,damped_trend_exponential_smoothing,1.0,1.6222005031035391,damped_trend_exponential_smoothing
FOODS_1_003_TX_1,8,damped_trend_exponential_smoothing,1.0,1.616572173141447,damped_trend_exponential_smoothing
FOODS_1_003_TX_2,1,damped_trend_exponential_smoothing,4.0,2.1850367005416267,damped_trend_exponential_smoothing
FOODS_1_003_TX_2,2,damped_trend_exponential_smoothing,3.0,2.1853177466833857,damped_trend_exponential_smoothing
FOODS_1_003_TX_2,3,damped_trend_exponential_smoothing,5.0,2.185548811038032,damped_trend_exponential_smoothing
FOODS_1_003_TX_2,4,damped_trend_exponential_smoothing,4.0,2.1857387824628454,damped_trend_exponential_smoothing
FOODS_1_003_TX_2,5,damped_trend_exponential_smoothing,8.0,2.185894969003607,damped_trend_exponential_smoothing
FOODS_1_003_TX_2,6,damped_trend_exponential_smoothing,3.0,2.186023379029162,damped_trend_exponential_smoothing
FOODS_1_003_TX_2,7,damped_trend_exponential_smoothing,4.0,2.18612895236847,damped_trend_exponential_smoothing
FOODS_1_003_TX_2,8,damped_trend_exponential_smoothing,1.0,2.186215750341793,damped_trend_exponential_smoothing
FOODS_1_003_TX_3,1,damped_trend_exponential_smoothing,0.0,1.3742568729300657,damped_trend_exponential_smoothing
FOODS_1_003_TX_3,2,damped_trend_exponential_smoothing,0.0,1.372758927166063,damped_trend_exponential_smoothing
FOODS_1_003_TX_3,3,damped_trend_exponential_smoothing,0.0,1.371560570554861,damped_trend_exponential_smoothing
FOODS_1_003_TX_3,4,damped_trend_exponential_smoothing,1.0,1.3706018852658994,damped_trend_exponential_smoothing
FOODS_1_003_TX_3,5,damped_trend_exponential_smoothing,2.0,1.3698349370347302,damped_trend_exponential_smoothing
FOODS_1_003_TX_3,6,damped_trend_exponential_smoothing,0.0,1.3692213784497949,damped_trend_exponential_smoothing
FOODS_1_003_TX_3,7,damped_trend_exponential_smoothing,0.0,1.3687305315818463,damped_trend_exponential_smoothing
FOODS_1_003_TX_3,8,damped_trend_exponential_smoothing,0.0,1.3683378540874878,damped_trend_exponential_smoothing
FOODS_1_003_WI_1,1,damped_trend_exponential_smoothing,12.0,8.027145805576998,damped_trend_exponential_smoothing
FOODS_1_003_WI_1,2,damped_trend_exponential_smoothing,17.0,8.023963986885118,damped_trend_exponential_smoothing
FOODS_1_003_WI_1,3,damped_trend_exponential_smoothing,6.0,8.020820458216035,damped_trend_exponential_smoothing
FOODS_1_003_WI_1,4,damped_trend_exponential_smoothing,13.0,8.01771475878741,damped_trend_exponential_smoothing
FOODS_1_003_WI_1,5,damped_trend_exponential_smoothing,8.0,8.01464643336197,damped_trend_exponential_smoothing
FOODS_1_003_WI_1,6,damped_trend_exponential_smoothing,11.0,8.01161503218076,damped_trend_exponential_smoothing
FOODS_1_003_WI_1,7,damped_trend_exponential_smoothing,5.0,8.008620110897235,damped_trend_exponential_smoothing
FOODS_1_003_WI_1,8,damped_trend_exponential_smoothing,4.0,8.005661230512114,damped_trend_exponential_smoothing
FOODS_1_003_WI_2,1,damped_trend_exponential_smoothing,2.0,0.0026534566008759,damped_trend_exponential_smoothing
FOODS_1_003_WI_2,2,damped_trend_exponential_smoothing,1.0,0.0,damped_trend_exponential_smoothing
FOODS_1_003_WI_2,3,damped_trend_exponential_smoothing,4.0,0.0,damped_trend_exponential_smoothing
FOODS_1_003_WI_2,4,damped_trend_exponential_smoothing,3.0,0.0,damped_trend_exponential_smoothing
FOODS_1_003_WI_2,5,damped_trend_exponential_smoothing,1.0,0.0,damped_trend_exponential_smoothing
FOODS_1_003_WI_2,6,damped_trend_exponential_smoothing,1.0,0.0,damped_trend_exponential_smoothing
FOODS_1_003_WI_2,7,damped_trend_exponential_smoothing,0.0,0.0,damped_trend_exponential_smoothing
FOODS_1_003_WI_2,8,damped_trend_exponential_smoothing,0.0,0.0,damped_trend_exponential_smoothing
FOODS_1_003_WI_3,1,damped_trend_exponential_smoothing,0.0,1.5426358121627235,damped_trend_exponential_smoothing
FOODS_1_003_WI_3,2,damped_trend_exponential_smoothing,4.0,1.542635825449925,damped_trend_exponential_smoothing
FOODS_1_003_WI_3,3,damped_trend_exponential_smoothing,6.0,1.542635837839382,damped_trend_exponential_smoothing
FOODS_1_003_WI_3,4,damped_trend_exponential_smoothing,3.0,1.5426358493917502,damped_trend_exponential_smoothing
FOODS_1_003_WI_3,5,damped_trend_exponential_smoothing,0.0,1.5426358601635872,damped_trend_exponential_smoothing
FOODS_1_003_WI_3,6,damped_trend_exponential_smoothing,0.0,1.5426358702076293,damped_trend_exponential_smoothing
FOODS_1_003_WI_3,7,damped_trend_exponential_smoothing,0.0,1.5426358795730497,damped_trend_exponential_smoothing
FOODS_1_003_WI_3,8,damped_trend_exponential_smoothing,1.0,1.542635888305699,damped_trend_exponential_smoothing
FOODS_1_004_CA_1,1,damped_trend_exponential_smoothing,0.0,1.823307704960099,damped_trend_exponential_smoothing
FOODS_1_004_CA_1,2,damped_trend_exponential_smoothing,0.0,1.823307704961273,damped_trend_exponential_smoothing
FOODS_1_004_CA_1,3,damped_trend_exponential_smoothing,0.0,1.823307704962292,damped_trend_exponential_smoothing
FOODS_1_004_CA_1,4,damped_trend_exponential_smoothing,0.0,1.823307704963176,damped_trend_exponential_smoothing
FOODS_1_004_CA_1,5,damped_trend_exponential_smoothing,0.0,1.8233077049639432,damped_trend_exponential_smoothing
FOODS_1_004_CA_1,6,damped_trend_exponential_smoothing,0.0,1.8233077049646087,damped_trend_exponential_smoothing
FOODS_1_004_CA_1,7,damped_trend_exponential_smoothing,0.0,1.8233077049651871,damped_trend_exponential_smoothing
FOODS_1_004_CA_1,8,damped_trend_exponential_smoothing,0.0,1.8233077049656887,damped_trend_exponential_smoothing
FOODS_1_004_CA_2,1,damped_trend_exponential_smoothing,0.0,0.5670926116968451,damped_trend_exponential_smoothing
FOODS_1_004_CA_2,2,damped_trend_exponential_smoothing,0.0,0.5670926117043065,damped_trend_exponential_smoothing
FOODS_1_004_CA_2,3,damped_trend_exponential_smoothing,0.0,0.5670926117108375,damped_trend_exponential_smoothing
FOODS_1_004_CA_2,4,damped_trend_exponential_smoothing,0.0,0.567092611716554,damped_trend_exponential_smoothing
FOODS_1_004_CA_2,5,damped_trend_exponential_smoothing,0.0,0.5670926117215579,damped_trend_exponential_smoothing
FOODS_1_004_CA_2,6,damped_trend_exponential_smoothing,0.0,0.5670926117259377,damped_trend_exponential_smoothing
FOODS_1_004_CA_2,7,damped_trend_exponential_smoothing,0.0,0.5670926117297714,damped_trend_exponential_smoothing
FOODS_1_004_CA_2,8,damped_trend_exponential_smoothing,0.0,0.5670926117331271,damped_trend_exponential_smoothing
FOODS_1_004_CA_3,1,damped_trend_exponential_smoothing,5.0,5.9733869073873445,damped_trend_exponential_smoothing
FOODS_1_004_CA_3,2,damped_trend_exponential_smoothing,0.0,5.973386907387351,damped_trend_exponential_smoothing
FOODS_1_004_CA_3,3,damped_trend_exponential_smoothing,0.0,5.973386907387356,damped_trend_exponential_smoothing
FOODS_1_004_CA_3,4,damped_trend_exponential_smoothing,0.0,5.973386907387361,damped_trend_exponential_smoothing
FOODS_1_004_CA_3,5,damped_trend_exponential_smoothing,0.0,5.973386907387365,damped_trend_exponential_smoothing
FOODS_1_004_CA_3,6,damped_trend_exponential_smoothing,0.0,5.973386907387368,damped_trend_exponential_smoothing
FOODS_1_004_CA_3,7,damped_trend_exponential_smoothing,0.0,5.97338690738737,damped_trend_exponential_smoothing
FOODS_1_004_CA_3,8,damped_trend_exponential_smoothing,0.0,5.973386907387373,damped_trend_exponential_smoothing
FOODS_1_004_CA_4,1,damped_trend_exponential_smoothing,0.0,1.1126934858304005,damped_trend_exponential_smoothing
FOODS_1_004_CA_4,2,damped_trend_exponential_smoothing,0.0,1.1126934858304005,damped_trend_exponential_smoothing
FOODS_1_004_CA_4,3,damped_trend_exponential_smoothing,0.0,1.1126934858304005,damped_trend_exponential_smoothing
FOODS_1_004_CA_4,4,damped_trend_exponential_smoothing,0.0,1.1126934858304005,damped_trend_exponential_smoothing
FOODS_1_004_CA_4,5,damped_trend_exponential_smoothing,0.0,1.1126934858304005,damped_trend_exponential_smoothing
FOODS_1_004_CA_4,6,damped_trend_exponential_smoothing,0.0,1.1126934858304005,damped_trend_exponential_smoothing
FOODS_1_004_CA_4,7,damped_trend_exponential_smoothing,0.0,1.1126934858304005,damped_trend_exponential_smoothing
FOODS_1_004_CA_4,8,damped_trend_exponential_smoothing,0.0,1.1126934858304005,damped_trend_exponential_smoothing
FOODS_1_004_TX_1,1,damped_trend_exponential_smoothing,0.0,4.8409273345287,damped_trend_exponential_smoothing
FOODS_1_004_TX_1,2,damped_trend_exponential_smoothing,0.0,4.8409273345289785,damped_trend_exponential_smoothing
FOODS_1_004_TX_1,3,damped_trend_exponential_smoothing,0.0,4.84092733452922,damped_trend_exponential_smoothing
FOODS_1_004_TX_1,4,damped_trend_exponential_smoothing,0.0,4.840927334529428,damped_trend_exponential_smoothing
FOODS_1_004_TX_1,5,damped_trend_exponential_smoothing,0.0,4.840927334529607,damped_trend_exponential_smoothing
FOODS_1_004_TX_1,6,damped_trend_exponential_smoothing,0.0,4.840927334529762,damped_trend_exponential_smoothing
FOODS_1_004_TX_1,7,damped_trend_exponential_smoothing,0.0,4.840927334529896,damped_trend_exponential_smoothing
FOODS_1_004_TX_1,8,damped_trend_exponential_smoothing,0.0,4.8409273345300114,damped_trend_exponential_smoothing
FOODS_1_004_TX_2,1,damped_trend_exponential_smoothing,0.0,0.428707002760322,damped_trend_exponential_smoothing
FOODS_1_004_TX_2,2,damped_trend_exponential_smoothing,0.0,0.428707002998258,damped_trend_exponential_smoothing
FOODS_1_004_TX_2,3,damped_trend_exponential_smoothing,0.0,0.4287070032101302,damped_trend_exponential_smoothing
FOODS_1_004_TX_2,4,damped_trend_exponential_smoothing,0.0,0.4287070033987937,damped_trend_exponential_smoothing
FOODS_1_004_TX_2,5,damped_trend_exponential_smoothing,0.0,0.428707003566791,damped_trend_exponential_smoothing
FOODS_1_004_TX_2,6,damped_trend_exponential_smoothing,0.0,0.4287070037163856,damped_trend_exponential_smoothing
FOODS_1_004_TX_2,7,damped_trend_exponential_smoothing,0.0,0.4287070038495935,damped_trend_exponential_smoothing
FOODS_1_004_TX_2,8,damped_trend_exponential_smoothing,0.0,0.4287070039682096,damped_trend_exponential_smoothing
FOODS_1_004_TX_3,1,damped_trend_exponential_smoothing,0.0,11.211697293602189,damped_trend_exponential_smoothing
FOODS_1_004_TX_3,2,damped_trend_exponential_smoothing,0.0,11.211697293602189,damped_trend_exponential_smoothing
FOODS_1_004_TX_3,3,damped_trend_exponential_smoothing,0.0,11.211697293602189,damped_trend_exponential_smoothing
FOODS_1_004_TX_3,4,damped_trend_exponential_smoothing,0.0,11.211697293602189,damped_trend_exponential_smoothing
FOODS_1_004_TX_3,5,damped_trend_exponential_smoothing,0.0,11.211697293602189,damped_trend_exponential_smoothing
FOODS_1_004_TX_3,6,damped_trend_exponential_smoothing,0.0,11.211697293602189,damped_trend_exponential_smoothing
FOODS_1_004_TX_3,7,damped_trend_exponential_smoothing,0.0,11.211697293602189,damped_trend_exponential_smoothing
FOODS_1_004_TX_3,8,damped_trend_exponential_smoothing,0.0,11.211697293602189,damped_trend_exponential_smoothing
FOODS_1_004_WI_1,1,damped_trend_exponential_smoothing,0.0,1.6711762860469002,damped_trend_exponential_smoothing
FOODS_1_004_WI_1,2,damped_trend_exponential_smoothing,0.0,1.671176286046983,damped_trend_exponential_smoothing
FOODS_1_004_WI_1,3,damped_trend_exponential_smoothing,0.0,1.6711762860470545,damped_trend_exponential_smoothing
FOODS_1_004_WI_1,4,damped_trend_exponential_smoothing,0.0,1.671176286047115,damped_trend_exponential_smoothing
FOODS_1_004_WI_1,5,damped_trend_exponential_smoothing,0.0,1.6711762860471673,damped_trend_exponential_smoothing
FOODS_1_004_WI_1,6,damped_trend_exponential_smoothing,0.0,1.671176286047212,damped_trend_exponential_smoothing
FOODS_1_004_WI_1,7,damped_trend_exponential_smoothing,0.0,1.67117628604725,damped_trend_exponential_smoothing
FOODS_1_004_WI_1,8,damped_trend_exponential_smoothing,0.0,1.671176286047283,damped_trend_exponential_smoothing
FOODS_1_004_WI_2,1,damped_trend_exponential_smoothing,0.0,21.10245001196605,damped_trend_exponential_smoothing
FOODS_1_004_WI_2,2,damped_trend_exponential_smoothing,0.0,21.10245001615262,damped_trend_exponential_smoothing
FOODS_1_004_WI_2,3,damped_trend_exponential_smoothing,0.0,21.102450019929908,damped_trend_exponential_smoothing
FOODS_1_004_WI_2,4,damped_trend_exponential_smoothing,0.0,21.102450023337923,damped_trend_exponential_smoothing
FOODS_1_004_WI_2,5,damped_trend_exponential_smoothing,0.0,21.102450026412765,damped_trend_exponential_smoothing
FOODS_1_004_WI_2,6,damped_trend_exponential_smoothing,0.0,21.102450029187008,damped_trend_exponential_smoothing
FOODS_1_004_WI_2,7,damped_trend_exponential_smoothing,0.0,21.102450031690037,damped_trend_exponential_smoothing
FOODS_1_004_WI_2,8,damped_trend_exponential_smoothing,0.0,21.10245003394836,damped_trend_exponential_smoothing
FOODS_1_004_WI_3,1,damped_trend_exponential_smoothing,0.0,0.4997990565514921,damped_trend_exponential_smoothing
FOODS_1_004_WI_3,2,damped_trend_exponential_smoothing,0.0,0.4997990565528988,damped_trend_exponential_smoothing
FOODS_1_004_WI_3,3,damped_trend_exponential_smoothing,0.0,0.4997990565541187,damped_trend_exponential_smoothing
FOODS_1_004_WI_3,4,damped_trend_exponential_smoothing,0.0,0.4997990565551765,damped_trend_exponential_smoothing
FOODS_1_004_WI_3,5,damped_trend_exponential_smoothing,0.0,0.4997990565560937,damped_trend_exponential_smoothing
FOODS_1_004_WI_3,6,damped_trend_exponential_smoothing,0.0,0.4997990565568891,damped_trend_exponential_smoothing
FOODS_1_004_WI_3,7,damped_trend_exponential_smoothing,0.0,0.4997990565575789,damped_trend_exponential_smoothing
FOODS_1_004_WI_3,8,damped_trend_exponential_smoothing,0.0,0.4997990565581769,damped_trend_exponential_smoothing
FOODS_1_005_CA_1,1,damped_trend_exponential_smoothing,5.0,9.488327746108531,damped_trend_exponential_smoothing
FOODS_1_005_CA_1,2,damped_trend_exponential_smoothing,7.0,9.488327746108531,damped_trend_exponential_smoothing
FOODS_1_005_CA_1,3,damped_trend_exponential_smoothing,15.0,9.488327746108531,damped_trend_exponential_smoothing
FOODS_1_005_CA_1,4,damped_trend_exponential_smoothing,9.0,9.488327746108531,damped_trend_exponential_smoothing
FOODS_1_005_CA_1,5,damped_trend_exponential_smoothing,10.0,9.488327746108531,damped_trend_exponential_smoothing
FOODS_1_005_CA_1,6,damped_trend_exponential_smoothing,5.0,9.488327746108531,damped_trend_exponential_smoothing
FOODS_1_005_CA_1,7,damped_trend_exponential_smoothing,10.0,9.488327746108531,damped_trend_exponential_smoothing
FOODS_1_005_CA_1,8,damped_trend_exponential_smoothing,9.0,9.488327746108531,damped_trend_exponential_smoothing
FOODS_1_005_CA_2,1,damped_trend_exponential_smoothing,8.0,28.147938644729017,damped_trend_exponential_smoothing
FOODS_1_005_CA_2,2,damped_trend_exponential_smoothing,50.0,28.14793864450425,damped_trend_exponential_smoothing
FOODS_1_005_CA_2,3,damped_trend_exponential_smoothing,29.0,28.14793864430261,damped_trend_exponential_smoothing
FOODS_1_005_CA_2,4,damped_trend_exponential_smoothing,43.0,28.14793864412169,damped_trend_exponential_smoothing
FOODS_1_005_CA_2,5,damped_trend_exponential_smoothing,43.0,28.14793864395939,damped_trend_exponential_smoothing
FOODS_1_005_CA_2,6,damped_trend_exponential_smoothing,41.0,28.147938643813777,damped_trend_exponential_smoothing
FOODS_1_005_CA_2,7,damped_trend_exponential_smoothing,65.0,28.147938643683137,damped_trend_exponential_smoothing
FOODS_1_005_CA_2,8,damped_trend_exponential_smoothing,23.0,28.147938643565936,damped_trend_exponential_smoothing
FOODS_1_005_CA_3,1,damped_trend_exponential_smoothing,19.0,24.570709095103588,damped_trend_exponential_smoothing
FOODS_1_005_CA_3,2,damped_trend_exponential_smoothing,11.0,24.57070909506969,damped_trend_exponential_smoothing
FOODS_1_005_CA_3,3,damped_trend_exponential_smoothing,21.0,24.570709095039536,damped_trend_exponential_smoothing
FOODS_1_005_CA_3,4,damped_trend_exponential_smoothing,24.0,24.570709095012703,damped_trend_exponential_smoothing
FOODS_1_005_CA_3,5,damped_trend_exponential_smoothing,25.0,24.570709094988825,damped_trend_exponential_smoothing
FOODS_1_005_CA_3,6,damped_trend_exponential_smoothing,16.0,24.570709094967583,damped_trend_exponential_smoothing
FOODS_1_005_CA_3,7,damped_trend_exponential_smoothing,21.0,24.57070909494868,damped_trend_exponential_smoothing
FOODS_1_005_CA_3,8,damped_trend_exponential_smoothing,7.0,24.57070909493186,damped_trend_exponential_smoothing
FOODS_1_005_CA_4,1,damped_trend_exponential_smoothing,1.0,3.329031378305719,damped_trend_exponential_smoothing
FOODS_1_005_CA_4,2,damped_trend_exponential_smoothing,4.0,3.329031378297972,damped_trend_exponential_smoothing
FOODS_1_005_CA_4,3,damped_trend_exponential_smoothing,8.0,3.3290313782910617,damped_trend_exponential_smoothing
FOODS_1_005_CA_4,4,damped_trend_exponential_smoothing,11.0,3.329031378284898,damped_trend_exponential_smoothing
FOODS_1_005_CA_4,5,damped_trend_exponential_smoothing,16.0,3.3290313782794008,damped_trend_exponential_smoothing
FOODS_1_005_CA_4,6,damped_trend_exponential_smoothing,8.0,3.329031378274497,damped_trend_exponential_smoothing
FOODS_1_005_CA_4,7,damped_trend_exponential_smoothing,9.0,3.329031378270123,damped_trend_exponential_smoothing
FOODS_1_005_CA_4,8,damped_trend_exponential_smoothing,7.0,3.329031378266221,damped_trend_exponential_smoothing
FOODS_1_005_TX_1,1,damped_trend_exponential_smoothing,4.0,4.511975090470376,damped_trend_exponential_smoothing
FOODS_1_005_TX_1,2,damped_trend_exponential_smoothing,5.0,4.511975090467156,damped_trend_exponential_smoothing
FOODS_1_005_TX_1,3,damped_trend_exponential_smoothing,8.0,4.511975090464299,damped_trend_exponential_smoothing
FOODS_1_005_TX_1,4,damped_trend_exponential_smoothing,11.0,4.511975090461763,damped_trend_exponential_smoothing
FOODS_1_005_TX_1,5,damped_trend_exponential_smoothing,9.0,4.511975090459513,damped_trend_exponential_smoothing
FOODS_1_005_TX_1,6,damped_trend_exponential_smoothing,5.0,4.511975090457516,damped_trend_exponential_smoothing
FOODS_1_005_TX_1,7,damped_trend_exponential_smoothing,2.0,4.511975090455744,damped_trend_exponential_smoothing
FOODS_1_005_TX_1,8,damped_trend_exponential_smoothing,5.0,4.511975090454172,damped_trend_exponential_smoothing
FOODS_1_005_TX_2,1,damped_trend_exponential_smoothing,2.0,8.374958655892137,damped_trend_exponential_smoothing
FOODS_1_005_TX_2,2,damped_trend_exponential_smoothing,2.0,8.374958655892113,damped_trend_exponential_smoothing
FOODS_1_005_TX_2,3,damped_trend_exponential_smoothing,4.0,8.374958655892096,damped_trend_exponential_smoothing
FOODS_1_005_TX_2,4,damped_trend_exponential_smoothing,14.0,8.37495865589208,damped_trend_exponential_smoothing
FOODS_1_005_TX_2,5,damped_trend_exponential_smoothing,20.0,8.374958655892065,damped_trend_exponential_smoothing
FOODS_1_005_TX_2,6,damped_trend_exponential_smoothing,4.0,8.374958655892053,damped_trend_exponential_smoothing
FOODS_1_005_TX_2,7,damped_trend_exponential_smoothing,7.0,8.374958655892042,damped_trend_exponential_smoothing
FOODS_1_005_TX_2,8,damped_trend_exponential_smoothing,8.0,8.374958655892033,damped_trend_exponential_smoothing
FOODS_1_005_TX_3,1,damped_trend_exponential_smoothing,5.0,6.881289778697914,damped_trend_exponential_smoothing
FOODS_1_005_TX_3,2,damped_trend_exponential_smoothing,7.0,6.881289751738473,damped_trend_exponential_smoothing
FOODS_1_005_TX_3,3,damped_trend_exponential_smoothing,7.0,6.881289726777996,damped_trend_exponential_smoothing
FOODS_1_005_TX_3,4,damped_trend_exponential_smoothing,6.0,6.881289703668264,damped_trend_exponential_smoothing
FOODS_1_005_TX_3,5,damped_trend_exponential_smoothing,13.0,6.881289682272051,damped_trend_exponential_smoothing
FOODS_1_005_TX_3,6,damped_trend_exponential_smoothing,10.0,6.881289662462304,damped_trend_exponential_smoothing
FOODS_1_005_TX_3,7,damped_trend_exponential_smoothing,4.0,6.881289644121392,damped_trend_exponential_smoothing
FOODS_1_005_TX_3,8,damped_trend_exponential_smoothing,9.0,6.881289627140404,damped_trend_exponential_smoothing
FOODS_1_005_WI_1,1,damped_trend_exponential_smoothing,21.0,19.28002658903589,damped_trend_exponential_smoothing
FOODS_1_005_WI_1,2,damped_trend_exponential_smoothing,28.0,19.280026589021848,damped_trend_exponential_smoothing
FOODS_1_005_WI_1,3,damped_trend_exponential_smoothing,23.0,19.28002658900932,damped_trend_exponential_smoothing
FOODS_1_005_WI_1,4,damped_trend_exponential_smoothing,14.0,19.28002658899815,damped_trend_exponential_smoothing
FOODS_1_005_WI_1,5,damped_trend_exponential_smoothing,18.0,19.280026588988196,damped_trend_exponential_smoothing
FOODS_1_005_WI_1,6,damped_trend_exponential_smoothing,19.0,19.28002658897931,damped_trend_exponential_smoothing
FOODS_1_005_WI_1,7,damped_trend_exponential_smoothing,15.0,19.2800265889714,damped_trend_exponential_smoothing
FOODS_1_005_WI_1,8,damped_trend_exponential_smoothing,20.0,19.280026588964333,damped_trend_exponential_smoothing
FOODS_1_005_WI_2,1,damped_trend_exponential_smoothing,19.0,24.856930437662296,damped_trend_exponential_smoothing
FOODS_1_005_WI_2,2,damped_trend_exponential_smoothing,16.0,24.8925496665501,damped_trend_exponential_smoothing
FOODS_1_005_WI_2,3,damped_trend_exponential_smoothing,10.0,24.927990799293465,damped_trend_exponential_smoothing
FOODS_1_005_WI_2,4,damped_trend_exponential_smoothing,8.0,24.963254726373112,damped_trend_exponential_smoothing
FOODS_1_005_WI_2,5,damped_trend_exponential_smoothing,8.0,24.99834233381736,damped_trend_exponential_smoothing
FOODS_1_005_WI_2,6,damped_trend_exponential_smoothing,10.0,25.03325450322439,damped_trend_exponential_smoothing
FOODS_1_005_WI_2,7,damped_trend_exponential_smoothing,17.0,25.067992111784385,damped_trend_exponential_smoothing
FOODS_1_005_WI_2,8,damped_trend_exponential_smoothing,16.0,25.102556032301575,damped_trend_exponential_smoothing
FOODS_1_005_WI_3,1,damped_trend_exponential_smoothing,11.0,14.713787618996015,damped_trend_exponential_smoothing
FOODS_1_005_WI_3,2,damped_trend_exponential_smoothing,18.0,14.71378761899599,damped_trend_exponential_smoothing
FOODS_1_005_WI_3,3,damped_trend_exponential_smoothing,13.0,14.71378761899597,damped_trend_exponential_smoothing
FOODS_1_005_WI_3,4,damped_trend_exponential_smoothing,8.0,14.713787618995951,damped_trend_exponential_smoothing
FOODS_1_005_WI_3,5,damped_trend_exponential_smoothing,7.0,14.71378761899594,damped_trend_exponential_smoothing
FOODS_1_005_WI_3,6,damped_trend_exponential_smoothing,5.0,14.713787618995925,damped_trend_exponential_smoothing
FOODS_1_005_WI_3,7,damped_trend_exponential_smoothing,16.0,14.713787618995914,damped_trend_exponential_smoothing
FOODS_1_005_WI_3,8,damped_trend_exponential_smoothing,14.0,14.713787618995903,damped_trend_exponential_smoothing
FOODS_1_006_CA_1,1,damped_trend_exponential_smoothing,13.0,12.789519434812307,damped_trend_exponential_smoothing
FOODS_1_006_CA_1,2,damped_trend_exponential_smoothing,14.0,12.78951939433627,damped_trend_exponential_smoothing
FOODS_1_006_CA_1,3,damped_trend_exponential_smoothing,14.0,12.789519356883622,damped_trend_exponential_smoothing
FOODS_1_006_CA_1,4,damped_trend_exponential_smoothing,12.0,12.789519322228529,damped_trend_exponential_smoothing
FOODS_1_006_CA_1,5,damped_trend_exponential_smoothing,10.0,12.789519290162024,damped_trend_exponential_smoothing
FOODS_1_006_CA_1,6,damped_trend_exponential_smoothing,19.0,12.789519260490747,damped_trend_exponential_smoothing
FOODS_1_006_CA_1,7,damped_trend_exponential_smoothing,6.0,12.789519233035792,damped_trend_exponential_smoothing
FOODS_1_006_CA_1,8,damped_trend_exponential_smoothing,12.0,12.789519207631605,damped_trend_exponential_smoothing
FOODS_1_006_CA_2,1,damped_trend_exponential_smoothing,13.0,5.118421696444517,damped_trend_exponential_smoothing
FOODS_1_006_CA_2,2,damped_trend_exponential_smoothing,10.0,5.119410293571638,damped_trend_exponential_smoothing
FOODS_1_006_CA_2,3,damped_trend_exponential_smoothing,10.0,5.120380212814388,damped_trend_exponential_smoothing
FOODS_1_006_CA_2,4,damped_trend_exponential_smoothing,4.0,5.121331807060061,damped_trend_exponential_smoothing
FOODS_1_006_CA_2,5,damped_trend_exponential_smoothing,0.0,5.122265422528736,damped_trend_exponential_smoothing
FOODS_1_006_CA_2,6,damped_trend_exponential_smoothing,6.0,5.123181398899246,damped_trend_exponential_smoothing
FOODS_1_006_CA_2,7,damped_trend_exponential_smoothing,8.0,5.124080069432761,damped_trend_exponential_smoothing
FOODS_1_006_CA_2,8,damped_trend_exponential_smoothing,4.0,5.124961761094042,damped_trend_exponential_smoothing
FOODS_1_006_CA_3,1,damped_trend_exponential_smoothing,12.0,10.940443571689515,damped_trend_exponential_smoothing
FOODS_1_006_CA_3,2,damped_trend_exponential_smoothing,9.0,10.94173206552052,damped_trend_exponential_smoothing
FOODS_1_006_CA_3,3,damped_trend_exponential_smoothing,10.0,10.943004201358889,damped_trend_exponential_smoothing
FOODS_1_006_CA_3,4,damped_trend_exponential_smoothing,4.0,10.944260186876493,damped_trend_exponential_smoothing
FOODS_1_006_CA_3,5,damped_trend_exponential_smoothing,7.0,10.945500227108717,damped_trend_exponential_smoothing
FOODS_1_006_CA_3,6,damped_trend_exponential_smoothing,10.0,10.946724524487928,damped_trend_exponential_smoothing
FOODS_1_006_CA_3,7,damped_trend_exponential_smoothing,11.0,10.947933278876535,damped_trend_exponential_smoothing
FOODS_1_006_CA_3,8,damped_trend_exponential_smoothing,9.0,10.949126687599597,damped_trend_exponential_smoothing
FOODS_1_006_CA_4,1,damped_trend_exponential_smoothing,9.0,10.525946634289156,damped_trend_exponential_smoothing
FOODS_1_006_CA_4,2,damped_trend_exponential_smoothing,8.0,10.525946634289156,damped_trend_exponential_smoothing
FOODS_1_006_CA_4,3,damped_trend_exponential_smoothing,10.0,10.525946634289156,damped_trend_exponential_smoothing
FOODS_1_006_CA_4,4,damped_trend_exponential_smoothing,14.0,10.525946634289156,damped_trend_exponential_smoothing
FOODS_1_006_CA_4,5,damped_trend_exponential_smoothing,9.0,10.525946634289156,damped_trend_exponential_smoothing
FOODS_1_006_CA_4,6,damped_trend_exponential_smoothing,9.0,10.525946634289156,damped_trend_exponential_smoothing
FOODS_1_006_CA_4,7,damped_trend_exponential_smoothing,9.0,10.525946634289156,damped_trend_exponential_smoothing
FOODS_1_006_CA_4,8,damped_trend_exponential_smoothing,5.0,10.525946634289156,damped_trend_exponential_smoothing
FOODS_1_006_TX_1,1,damped_trend_exponential_smoothing,5.0,3.339306840475404,damped_trend_exponential_smoothing
FOODS_1_006_TX_1,2,damped_trend_exponential_smoothing,1.0,3.339465017333348,damped_trend_exponential_smoothing
FOODS_1_006_TX_1,3,damped_trend_exponential_smoothing,3.0,3.339619160657163,damped_trend_exponential_smoothing
FOODS_1_006_TX_1,4,damped_trend_exponential_smoothing,7.0,3.339769373302588,damped_trend_exponential_smoothing
FOODS_1_006_TX_1,5,damped_trend_exponential_smoothing,5.0,3.339915755502524,damped_trend_exponential_smoothing
FOODS_1_006_TX_1,6,damped_trend_exponential_smoothing,2.0,3.340058404933917,damped_trend_exponential_smoothing
FOODS_1_006_TX_1,7,damped_trend_exponential_smoothing,3.0,3.34019741678294,damped_trend_exponential_smoothing
FOODS_1_006_TX_1,8,damped_trend_exponential_smoothing,1.0,3.340332883808499,damped_trend_exponential_smoothing
FOODS_1_006_TX_2,1,damped_trend_exponential_smoothing,3.0,4.33660412732945,damped_trend_exponential_smoothing
FOODS_1_006_TX_2,2,damped_trend_exponential_smoothing,5.0,4.33660412732945,damped_trend_exponential_smoothing
FOODS_1_006_TX_2,3,damped_trend_exponential_smoothing,0.0,4.33660412732945,damped_trend_exponential_smoothing
FOODS_1_006_TX_2,4,damped_trend_exponential_smoothing,6.0,4.33660412732945,damped_trend_exponential_smoothing
FOODS_1_006_TX_2,5,damped_trend_exponential_smoothing,10.0,4.33660412732945,damped_trend_exponential_smoothing
FOODS_1_006_TX_2,6,damped_trend_exponential_smoothing,4.0,4.33660412732945,damped_trend_exponential_smoothing
FOODS_1_006_TX_2,7,damped_trend_exponential_smoothing,4.0,4.33660412732945,damped_trend_exponential_smoothing
FOODS_1_006_TX_2,8,damped_trend_exponential_smoothing,4.0,4.33660412732945,damped_trend_exponential_smoothing
FOODS_1_006_TX_3,1,damped_trend_exponential_smoothing,0.0,4.1199446137464735,damped_trend_exponential_smoothing
FOODS_1_006_TX_3,2,damped_trend_exponential_smoothing,0.0,4.118952156770105,damped_trend_exponential_smoothing
FOODS_1_006_TX_3,3,damped_trend_exponential_smoothing,0.0,4.117981430219995,damped_trend_exponential_smoothing
FOODS_1_006_TX_3,4,damped_trend_exponential_smoothing,0.0,4.117031958295746,damped_trend_exponential_smoothing
FOODS_1_006_TX_3,5,damped_trend_exponential_smoothing,4.0,4.116103275614885,damped_trend_exponential_smoothing
FOODS_1_006_TX_3,6,damped_trend_exponential_smoothing,6.0,4.115194926984766,damped_trend_exponential_smoothing
FOODS_1_006_TX_3,7,damped_trend_exponential_smoothing,8.0,4.114306467179446,damped_trend_exponential_smoothing
FOODS_1_006_TX_3,8,damped_trend_exponential_smoothing,3.0,4.113437460721469,damped_trend_exponential_smoothing
FOODS_1_006_WI_1,1,damped_trend_exponential_smoothing,16.0,10.369508463033691,damped_trend_exponential_smoothing
FOODS_1_006_WI_1,2,damped_trend_exponential_smoothing,3.0,10.369508463033691,damped_trend_exponential_smoothing
FOODS_1_006_WI_1,3,damped_trend_exponential_smoothing,8.0,10.369508463033691,damped_trend_exponential_smoothing
FOODS_1_006_WI_1,4,damped_trend_exponential_smoothing,13.0,10.369508463033691,damped_trend_exponential_smoothing
FOODS_1_006_WI_1,5,damped_trend_exponential_smoothing,2.0,10.369508463033691,damped_trend_exponential_smoothing
FOODS_1_006_WI_1,6,damped_trend_exponential_smoothing,19.0,10.369508463033691,damped_trend_exponential_smoothing
FOODS_1_006_WI_1,7,damped_trend_exponential_smoothing,13.0,10.369508463033691,damped_trend_exponential_smoothing
FOODS_1_006_WI_1,8,damped_trend_exponential_smoothing,12.0,10.369508463033691,damped_trend_exponential_smoothing
FOODS_1_006_WI_2,1,damped_trend_exponential_smoothing,14.0,8.44749786148453,damped_trend_exponential_smoothing
FOODS_1_006_WI_2,2,damped_trend_exponential_smoothing,6.0,8.44749786148453,damped_trend_exponential_smoothing
FOODS_1_006_WI_2,3,damped_trend_exponential_smoothing,6.0,8.447497861484528,damped_trend_exponential_smoothing
FOODS_1_006_WI_2,4,damped_trend_exponential_smoothing,10.0,8.447497861484528,damped_trend_exponential_smoothing
FOODS_1_006_WI_2,5,damped_trend_exponential_smoothing,4.0,8.447497861484527,damped_trend_exponential_smoothing
FOODS_1_006_WI_2,6,damped_trend_exponential_smoothing,8.0,8.447497861484527,damped_trend_exponential_smoothing
FOODS_1_006_WI_2,7,damped_trend_exponential_smoothing,11.0,8.447497861484527,damped_trend_exponential_smoothing
FOODS_1_006_WI_2,8,damped_trend_exponential_smoothing,12.0,8.447497861484527,damped_trend_exponential_smoothing
FOODS_1_006_WI_3,1,damped_trend_exponential_smoothing,5.0,6.583524530758675,damped_trend_exponential_smoothing
FOODS_1_006_WI_3,2,damped_trend_exponential_smoothing,4.0,6.583524530758675,damped_trend_exponential_smoothing
FOODS_1_006_WI_3,3,damped_trend_exponential_smoothing,7.0,6.583524530758675,damped_trend_exponential_smoothing
FOODS_1_006_WI_3,4,damped_trend_exponential_smoothing,8.0,6.583524530758675,damped_trend_exponential_smoothing
FOODS_1_006_WI_3,5,damped_trend_exponential_smoothing,10.0,6.583524530758675,damped_trend_exponential_smoothing
FOODS_1_006_WI_3,6,damped_trend_exponential_smoothing,31.0,6.583524530758675,damped_trend_exponential_smoothing
FOODS_1_006_WI_3,7,damped_trend_exponential_smoothing,1.0,6.583524530758675,damped_trend_exponential_smoothing
FOODS_1_006_WI_3,8,damped_trend_exponential_smoothing,5.0,6.583524530758675,damped_trend_exponential_smoothing
FOODS_1_008_CA_1,1,damped_trend_exponential_smoothing,3.0,2.5330984946614685,damped_trend_exponential_smoothing
FOODS_1_008_CA_1,2,damped_trend_exponential_smoothing,0.0,2.5330984946606767,damped_trend_exponential_smoothing
FOODS_1_008_CA_1,3,damped_trend_exponential_smoothing,1.0,2.533098494659973,damped_trend_exponential_smoothing
FOODS_1_008_CA_1,4,damped_trend_exponential_smoothing,3.0,2.5330984946593467,damped_trend_exponential_smoothing
FOODS_1_008_CA_1,5,damped_trend_exponential_smoothing,3.0,2.5330984946587907,damped_trend_exponential_smoothing
FOODS_1_008_CA_1,6,damped_trend_exponential_smoothing,1.0,2.5330984946582964,damped_trend_exponential_smoothing
FOODS_1_008_CA_1,7,damped_trend_exponential_smoothing,1.0,2.533098494657857,damped_trend_exponential_smoothing
FOODS_1_008_CA_1,8,damped_trend_exponential_smoothing,1.0,2.5330984946574664,damped_trend_exponential_smoothing
FOODS_1_008_CA_2,1,damped_trend_exponential_smoothing,0.0,1.7372862179430966,damped_trend_exponential_smoothing
FOODS_1_008_CA_2,2,damped_trend_exponential_smoothing,0.0,1.7372862179430966,damped_trend_exponential_smoothing
FOODS_1_008_CA_2,3,damped_trend_exponential_smoothing,2.0,1.7372862179430966,damped_trend_exponential_smoothing
FOODS_1_008_CA_2,4,damped_trend_exponential_smoothing,2.0,1.7372862179430966,damped_trend_exponential_smoothing
FOODS_1_008_CA_2,5,damped_trend_exponential_smoothing,6.0,1.7372862179430966,damped_trend_exponential_smoothing
FOODS_1_008_CA_2,6,damped_trend_exponential_smoothing,1.0,1.7372862179430966,damped_trend_exponential_smoothing
FOODS_1_008_CA_2,7,damped_trend_exponential_smoothing,2.0,1.7372862179430966,damped_trend_exponential_smoothing
FOODS_1_008_CA_2,8,damped_trend_exponential_smoothing,2.0,1.7372862179430966,damped_trend_exponential_smoothing
FOODS_1_008_CA_3,1,damped_trend_exponential_smoothing,0.0,1.9839991466511275,damped_trend_exponential_smoothing
FOODS_1_008_CA_3,2,damped_trend_exponential_smoothing,3.0,1.9844116002735896,damped_trend_exponential_smoothing
FOODS_1_008_CA_3,3,damped_trend_exponential_smoothing,1.0,1.9848139768487167,damped_trend_exponential_smoothing
FOODS_1_008_CA_3,4,damped_trend_exponential_smoothing,0.0,1.9852065225784523,damped_trend_exponential_smoothing
FOODS_1_008_CA_3,5,damped_trend_exponential_smoothing,0.0,1.985589477649543,damped_trend_exponential_smoothing
FOODS_1_008_CA_3,6,damped_trend_exponential_smoothing,0.0,1.9859630763805065,damped_trend_exponential_smoothing
FOODS_1_008_CA_3,7,damped_trend_exponential_smoothing,0.0,1.9863275473650008,damped_trend_exponential_smoothing
FOODS_1_008_CA_3,8,damped_trend_exponential_smoothing,1.0,1.9866831136116945,damped_trend_exponential_smoothing
FOODS_1_008_CA_4,1,damped_trend_exponential_smoothing,4.0,1.437282841993721,damped_trend_exponential_smoothing
FOODS_1_008_CA_4,2,damped_trend_exponential_smoothing,1.0,1.437282841993721,damped_trend_exponential_smoothing
FOODS_1_008_CA_4,3,damped_trend_exponential_smoothing,1.0,1.437282841993721,damped_trend_exponential_smoothing
FOODS_1_008_CA_4,4,damped_trend_exponential_smoothing,1.0,1.437282841993721,damped_trend_exponential_smoothing
FOODS_1_008_CA_4,5,damped_trend_exponential_smoothing,1.0,1.437282841993721,damped_trend_exponential_smoothing
FOODS_1_008_CA_4,6,damped_trend_exponential_smoothing,3.0,1.437282841993721,damped_trend_exponential_smoothing
FOODS_1_008_CA_4,7,damped_trend_exponential_smoothing,2.0,1.437282841993721,damped_trend_exponential_smoothing
FOODS_1_008_CA_4,8,damped_trend_exponential_smoothing,0.0,1.437282841993721,damped_trend_exponential_smoothing
FOODS_1_008_TX_1,1,damped_trend_exponential_smoothing,5.0,0.7847700697526256,damped_trend_exponential_smoothing
FOODS_1_008_TX_1,2,damped_trend_exponential_smoothing,0.0,0.7864323973652716,damped_trend_exponential_smoothing
FOODS_1_008_TX_1,3,damped_trend_exponential_smoothing,0.0,0.7877622594553884,damped_trend_exponential_smoothing
FOODS_1_008_TX_1,4,damped_trend_exponential_smoothing,0.0,0.7888261491274818,damped_trend_exponential_smoothing
FOODS_1_008_TX_1,5,damped_trend_exponential_smoothing,0.0,0.7896772608651565,damped_trend_exponential_smoothing
FOODS_1_008_TX_1,6,damped_trend_exponential_smoothing,1.0,0.7903581502552963,damped_trend_exponential_smoothing
FOODS_1_008_TX_1,7,damped_trend_exponential_smoothing,1.0,0.7909028617674082,damped_trend_exponential_smoothing
FOODS_1_008_TX_1,8,damped_trend_exponential_smoothing,0.0,0.7913386309770977,damped_trend_exponential_smoothing
FOODS_1_008_TX_2,1,damped_trend_exponential_smoothing,4.0,1.7934664243941307,damped_trend_exponential_smoothing
FOODS_1_008_TX_2,2,damped_trend_exponential_smoothing,0.0,1.7782206396332054,damped_trend_exponential_smoothing
FOODS_1_008_TX_2,3,damped_trend_exponential_smoothing,1.0,1.765539030257056,damped_trend_exponential_smoothing
FOODS_1_008_TX_2,4,damped_trend_exponential_smoothing,0.0,1.7549903298201048,damped_trend_exponential_smoothing
FOODS_1_008_TX_2,5,damped_trend_exponential_smoothing,0.0,1.7462158062081556,damped_trend_exponential_smoothing
FOODS_1_008_TX_2,6,damped_trend_exponential_smoothing,0.0,1.738917062151783,damped_trend_exponential_smoothing
FOODS_1_008_TX_2,7,damped_trend_exponential_smoothing,2.0,1.7328458875608477,damped_trend_exponential_smoothing
FOODS_1_008_TX_2,8,damped_trend_exponential_smoothing,2.0,1.7277958185861118,damped_trend_exponential_smoothing
FOODS_1_008_TX_3,1,damped_trend_exponential_smoothing,1.0,1.275645703648173,damped_trend_exponential_smoothing
FOODS_1_008_TX_3,2,damped_trend_exponential_smoothing,1.0,1.275645703648173,damped_trend_exponential_smoothing
FOODS_1_008_TX_3,3,damped_trend_exponential_smoothing,2.0,1.275645703648173,damped_trend_exponential_smoothing
FOODS_1_008_TX_3,4,damped_trend_exponential_smoothing,0.0,1.275645703648173,damped_trend_exponential_smoothing
FOODS_1_008_TX_3,5,damped_trend_exponential_smoothing,0.0,1.275645703648173,damped_trend_exponential_smoothing
FOODS_1_008_TX_3,6,damped_trend_exponential_smoothing,1.0,1.275645703648173,damped_trend_exponential_smoothing
FOODS_1_008_TX_3,7,damped_trend_exponential_smoothing,0.0,1.275645703648173,damped_trend_exponential_smoothing
FOODS_1_008_TX_3,8,damped_trend_exponential_smoothing,4.0,1.275645703648173,damped_trend_exponential_smoothing
FOODS_1_008_WI_1,1,damped_trend_exponential_smoothing,4.0,3.337173154593162,damped_trend_exponential_smoothing
FOODS_1_008_WI_1,2,damped_trend_exponential_smoothing,3.0,3.337173154593162,damped_trend_exponential_smoothing
FOODS_1_008_WI_1,3,damped_trend_exponential_smoothing,7.0,3.337173154593162,damped_trend_exponential_smoothing
FOODS_1_008_WI_1,4,damped_trend_exponential_smoothing,4.0,3.337173154593162,damped_trend_exponential_smoothing
FOODS_1_008_WI_1,5,damped_trend_exponential_smoothing,4.0,3.337173154593162,damped_trend_exponential_smoothing
FOODS_1_008_WI_1,6,damped_trend_exponential_smoothing,1.0,3.337173154593162,damped_trend_exponential_smoothing
FOODS_1_008_WI_1,7,damped_trend_exponential_smoothing,2.0,3.337173154593162,damped_trend_exponential_smoothing
FOODS_1_008_WI_1,8,damped_trend_exponential_smoothing,2.0,3.337173154593162,damped_trend_exponential_smoothing
FOODS_1_008_WI_2,1,damped_trend_exponential_smoothing,2.0,2.939805852464821,damped_trend_exponential_smoothing
FOODS_1_008_WI_2,2,damped_trend_exponential_smoothing,6.0,2.94034645314216,damped_trend_exponential_smoothing
FOODS_1_008_WI_2,3,damped_trend_exponential_smoothing,1.0,2.940875812072437,damped_trend_exponential_smoothing
FOODS_1_008_WI_2,4,damped_trend_exponential_smoothing,1.0,2.9413941630268696,damped_trend_exponential_smoothing
FOODS_1_008_WI_2,5,damped_trend_exponential_smoothing,0.0,2.9419017349154166,damped_trend_exponential_smoothing
FOODS_1_008_WI_2,6,damped_trend_exponential_smoothing,1.0,2.9423987518878767,damped_trend_exponential_smoothing
FOODS_1_008_WI_2,7,damped_trend_exponential_smoothing,1.0,2.9428854334328696,damped_trend_exponential_smoothing
FOODS_1_008_WI_2,8,damped_trend_exponential_smoothing,1.0,2.943361994474768,damped_trend_exponential_smoothing
FOODS_1_008_WI_3,1,damped_trend_exponential_smoothing,0.0,1.213238784222199,damped_trend_exponential_smoothing
FOODS_1_008_WI_3,2,damped_trend_exponential_smoothing,0.0,1.21370535862908,damped_trend_exponential_smoothing
FOODS_1_008_WI_3,3,damped_trend_exponential_smoothing,1.0,1.2141628827520032,damped_trend_exponential_smoothing
FOODS_1_008_WI_3,4,damped_trend_exponential_smoothing,2.0,1.214611532142046,damped_trend_exponential_smoothing
FOODS_1_008_WI_3,5,damped_trend_exponential_smoothing,0.0,1.2150514789450682,damped_trend_exponential_smoothing
FOODS_1_008_WI_3,6,damped_trend_exponential_smoothing,3.0,1.2154828919677656,damped_trend_exponential_smoothing
FOODS_1_008_WI_3,7,damped_trend_exponential_smoothing,0.0,1.215905936742439,damped_trend_exponential_smoothing
FOODS_1_008_WI_3,8,damped_trend_exponential_smoothing,2.0,1.2163207755905094,damped_trend_exponential_smoothing
FOODS_1_009_CA_1,1,damped_trend_exponential_smoothing,0.0,3.034105347621051,damped_trend_exponential_smoothing
FOODS_1_009_CA_1,2,damped_trend_exponential_smoothing,0.0,3.03410534762106,damped_trend_exponential_smoothing
FOODS_1_009_CA_1,3,damped_trend_exponential_smoothing,0.0,3.034105347621068,damped_trend_exponential_smoothing
FOODS_1_009_CA_1,4,damped_trend_exponential_smoothing,0.0,3.034105347621074,damped_trend_exponential_smoothing
FOODS_1_009_CA_1,5,damped_trend_exponential_smoothing,0.0,3.03410534762108,damped_trend_exponential_smoothing
FOODS_1_009_CA_1,6,damped_trend_exponential_smoothing,0.0,3.0341053476210846,damped_trend_exponential_smoothing
FOODS_1_009_CA_1,7,damped_trend_exponential_smoothing,0.0,3.034105347621089,damped_trend_exponential_smoothing
FOODS_1_009_CA_1,8,damped_trend_exponential_smoothing,0.0,3.0341053476210926,damped_trend_exponential_smoothing
FOODS_1_009_CA_2,1,damped_trend_exponential_smoothing,0.0,2.6205883621290518,damped_trend_exponential_smoothing
FOODS_1_009_CA_2,2,damped_trend_exponential_smoothing,0.0,2.62058836212937,damped_trend_exponential_smoothing
FOODS_1_009_CA_2,3,damped_trend_exponential_smoothing,0.0,2.6205883621296486,damped_trend_exponential_smoothing
FOODS_1_009_CA_2,4,damped_trend_exponential_smoothing,0.0,2.6205883621298907,damped_trend_exponential_smoothing
FOODS_1_009_CA_2,5,damped_trend_exponential_smoothing,0.0,2.6205883621301016,damped_trend_exponential_smoothing
FOODS_1_009_CA_2,6,damped_trend_exponential_smoothing,0.0,2.620588362130285,damped_trend_exponential_smoothing
FOODS_1_009_CA_2,7,damped_trend_exponential_smoothing,0.0,2.6205883621304458,damped_trend_exponential_smoothing
FOODS_1_009_CA_2,8,damped_trend_exponential_smoothing,0.0,2.6205883621305857,damped_trend_exponential_smoothing
FOODS_1_009_CA_3,1,damped_trend_exponential_smoothing,1.0,3.674826568856159,damped_trend_exponential_smoothing
FOODS_1_009_CA_3,2,damped_trend_exponential_smoothing,0.0,3.674826602225678,damped_trend_exponential_smoothing
FOODS_1_009_CA_3,3,damped_trend_exponential_smoothing,0.0,3.674826632989821,damped_trend_exponential_smoothing
FOODS_1_009_CA_3,4,damped_trend_exponential_smoothing,1.0,3.6748266613520046,damped_trend_exponential_smoothing
FOODS_1_009_CA_3,5,damped_trend_exponential_smoothing,0.0,3.6748266874997673,damped_trend_exponential_smoothing
FOODS_1_009_CA_3,6,damped_trend_exponential_smoothing,0.0,3.674826711606003,damped_trend_exponential_smoothing
FOODS_1_009_CA_3,7,damped_trend_exponential_smoothing,0.0,3.6748267338301073,damped_trend_exponential_smoothing
FOODS_1_009_CA_3,8,damped_trend_exponential_smoothing,0.0,3.67482675431903,damped_trend_exponential_smoothing
FOODS_1_009_CA_4,1,damped_trend_exponential_smoothing,0.0,1.887547722492573,damped_trend_exponential_smoothing
FOODS_1_009_CA_4,2,damped_trend_exponential_smoothing,0.0,1.887547722806204,damped_trend_exponential_smoothing
FOODS_1_009_CA_4,3,damped_trend_exponential_smoothing,0.0,1.88754772309039,damped_trend_exponential_smoothing
FOODS_1_009_CA_4,4,damped_trend_exponential_smoothing,0.0,1.8875477233478968,damped_trend_exponential_smoothing
FOODS_1_009_CA_4,5,damped_trend_exponential_smoothing,0.0,1.8875477235812288,damped_trend_exponential_smoothing
FOODS_1_009_CA_4,6,damped_trend_exponential_smoothing,0.0,1.8875477237926548,damped_trend_exponential_smoothing
FOODS_1_009_CA_4,7,damped_trend_exponential_smoothing,0.0,1.887547723984232,damped_trend_exponential_smoothing
FOODS_1_009_CA_4,8,damped_trend_exponential_smoothing,0.0,1.887547724157824,damped_trend_exponential_smoothing
FOODS_1_009_TX_1,1,damped_trend_exponential_smoothing,0.0,1.0069171104228276,damped_trend_exponential_smoothing
FOODS_1_009_TX_1,2,damped_trend_exponential_smoothing,0.0,1.0069171104228276,damped_trend_exponential_smoothing
FOODS_1_009_TX_1,3,damped_trend_exponential_smoothing,0.0,1.0069171104228276,damped_trend_exponential_smoothing
FOODS_1_009_TX_1,4,damped_trend_exponential_smoothing,0.0,1.0069171104228276,damped_trend_exponential_smoothing
FOODS_1_009_TX_1,5,damped_trend_exponential_smoothing,0.0,1.0069171104228276,damped_trend_exponential_smoothing
FOODS_1_009_TX_1,6,damped_trend_exponential_smoothing,0.0,1.0069171104228276,damped_trend_exponential_smoothing
FOODS_1_009_TX_1,7,damped_trend_exponential_smoothing,0.0,1.0069171104228276,damped_trend_exponential_smoothing
FOODS_1_009_TX_1,8,damped_trend_exponential_smoothing,0.0,1.0069171104228276,damped_trend_exponential_smoothing
FOODS_1_009_TX_2,1,damped_trend_exponential_smoothing,0.0,0.3136695521597636,damped_trend_exponential_smoothing
FOODS_1_009_TX_2,2,damped_trend_exponential_smoothing,0.0,0.3136695521597644,damped_trend_exponential_smoothing
FOODS_1_009_TX_2,3,damped_trend_exponential_smoothing,0.0,0.313669552159765,damped_trend_exponential_smoothing
FOODS_1_009_TX_2,4,damped_trend_exponential_smoothing,0.0,0.3136695521597656,damped_trend_exponential_smoothing
FOODS_1_009_TX_2,5,damped_trend_exponential_smoothing,0.0,0.313669552159766,damped_trend_exponential_smoothing
FOODS_1_009_TX_2,6,damped_trend_exponential_smoothing,0.0,0.3136695521597664,damped_trend_exponential_smoothing
FOODS_1_009_TX_2,7,damped_trend_exponential_smoothing,0.0,0.3136695521597668,damped_trend_exponential_smoothing
FOODS_1_009_TX_2,8,damped_trend_exponential_smoothing,0.0,0.313669552159767,damped_trend_exponential_smoothing
FOODS_1_009_TX_3,1,damped_trend_exponential_smoothing,0.0,1.2930750767315882,damped_trend_exponential_smoothing
FOODS_1_009_TX_3,2,damped_trend_exponential_smoothing,0.0,1.2930753689609236,damped_trend_exponential_smoothing
FOODS_1_009_TX_3,3,damped_trend_exponential_smoothing,0.0,1.2930756436400452,damped_trend_exponential_smoothing
FOODS_1_009_TX_3,4,damped_trend_exponential_smoothing,0.0,1.2930759018229545,damped_trend_exponential_smoothing
FOODS_1_009_TX_3,5,damped_trend_exponential_smoothing,0.0,1.2930761445003525,damped_trend_exponential_smoothing
FOODS_1_009_TX_3,6,damped_trend_exponential_smoothing,0.0,1.2930763726034429,damped_trend_exponential_smoothing
FOODS_1_009_TX_3,7,damped_trend_exponential_smoothing,0.0,1.293076587007505,damped_trend_exponential_smoothing
FOODS_1_009_TX_3,8,damped_trend_exponential_smoothing,0.0,1.2930767885352517,damped_trend_exponential_smoothing
FOODS_1_009_WI_1,1,damped_trend_exponential_smoothing,0.0,1.4555455365122678,damped_trend_exponential_smoothing
FOODS_1_009_WI_1,2,damped_trend_exponential_smoothing,0.0,1.455545536512268,damped_trend_exponential_smoothing
FOODS_1_009_WI_1,3,damped_trend_exponential_smoothing,0.0,1.4555455365122685,damped_trend_exponential_smoothing
FOODS_1_009_WI_1,4,damped_trend_exponential_smoothing,0.0,1.4555455365122685,damped_trend_exponential_smoothing
FOODS_1_009_WI_1,5,damped_trend_exponential_smoothing,0.0,1.4555455365122685,damped_trend_exponential_smoothing
FOODS_1_009_WI_1,6,damped_trend_exponential_smoothing,0.0,1.4555455365122685,damped_trend_exponential_smoothing
FOODS_1_009_WI_1,7,damped_trend_exponential_smoothing,0.0,1.4555455365122685,damped_trend_exponential_smoothing
FOODS_1_009_WI_1,8,damped_trend_exponential_smoothing,0.0,1.4555455365122687,damped_trend_exponential_smoothing
FOODS_1_009_WI_2,1,damped_trend_exponential_smoothing,0.0,1.7829084197388674,damped_trend_exponential_smoothing
FOODS_1_009_WI_2,2,damped_trend_exponential_smoothing,0.0,1.782908419738868,damped_trend_exponential_smoothing
FOODS_1_009_WI_2,3,damped_trend_exponential_smoothing,0.0,1.782908419738869,damped_trend_exponential_smoothing
FOODS_1_009_WI_2,4,damped_trend_exponential_smoothing,0.0,1.7829084197388694,damped_trend_exponential_smoothing
FOODS_1_009_WI_2,5,damped_trend_exponential_smoothing,0.0,1.78290841973887,damped_trend_exponential_smoothing
FOODS_1_009_WI_2,6,damped_trend_exponential_smoothing,0.0,1.7829084197388705,damped_trend_exponential_smoothing
FOODS_1_009_WI_2,7,damped_trend_exponential_smoothing,0.0,1.782908419738871,damped_trend_exponential_smoothing
FOODS_1_009_WI_2,8,damped_trend_exponential_smoothing,0.0,1.7829084197388712,damped_trend_exponential_smoothing
FOODS_1_009_WI_3,1,damped_trend_exponential_smoothing,0.0,0.7734827433785084,damped_trend_exponential_smoothing
FOODS_1_009_WI_3,2,damped_trend_exponential_smoothing,0.0,0.7734827433785084,damped_trend_exponential_smoothing
FOODS_1_009_WI_3,3,damped_trend_exponential_smoothing,0.0,0.7734827433785084,damped_trend_exponential_smoothing
FOODS_1_009_WI_3,4,damped_trend_exponential_smoothing,0.0,0.7734827433785084,damped_trend_exponential_smoothing
FOODS_1_009_WI_3,5,damped_trend_exponential_smoothing,0.0,0.7734827433785084,damped_trend_exponential_smoothing
FOODS_1_009_WI_3,6,damped_trend_exponential_smoothing,0.0,0.7734827433785084,damped_trend_exponential_smoothing
FOODS_1_009_WI_3,7,damped_trend_exponential_smoothing,0.0,0.7734827433785084,damped_trend_exponential_smoothing
FOODS_1_009_WI_3,8,damped_trend_exponential_smoothing,0.0,0.7734827433785084,damped_trend_exponential_smoothing
FOODS_1_010_CA_1,1,damped_trend_exponential_smoothing,0.0,1.5623055951724132,damped_trend_exponential_smoothing
FOODS_1_010_CA_1,2,damped_trend_exponential_smoothing,0.0,1.5623055953580538,damped_trend_exponential_smoothing
FOODS_1_010_CA_1,3,damped_trend_exponential_smoothing,3.0,1.5623055955263647,damped_trend_exponential_smoothing
FOODS_1_010_CA_1,4,damped_trend_exponential_smoothing,0.0,1.5623055956789635,damped_trend_exponential_smoothing
FOODS_1_010_CA_1,5,damped_trend_exponential_smoothing,0.0,1.5623055958173169,damped_trend_exponential_smoothing
FOODS_1_010_CA_1,6,damped_trend_exponential_smoothing,5.0,1.5623055959427548,damped_trend_exponential_smoothing
FOODS_1_010_CA_1,7,damped_trend_exponential_smoothing,0.0,1.562305596056483,damped_trend_exponential_smoothing
FOODS_1_010_CA_1,8,damped_trend_exponential_smoothing,0.0,1.5623055961595942,damped_trend_exponential_smoothing
FOODS_1_010_CA_2,1,damped_trend_exponential_smoothing,7.0,2.76683594389569,damped_trend_exponential_smoothing
FOODS_1_010_CA_2,2,damped_trend_exponential_smoothing,2.0,2.771756663152821,damped_trend_exponential_smoothing
FOODS_1_010_CA_2,3,damped_trend_exponential_smoothing,7.0,2.7766328579516446,damped_trend_exponential_smoothing
FOODS_1_010_CA_2,4,damped_trend_exponential_smoothing,1.0,2.78146493116566,damped_trend_exponential_smoothing
FOODS_1_010_CA_2,5,damped_trend_exponential_smoothing,0.0,2.786253282023021,damped_trend_exponential_smoothing
FOODS_1_010_CA_2,6,damped_trend_exponential_smoothing,1.0,2.7909983061395205,damped_trend_exponential_smoothing
FOODS_1_010_CA_2,7,damped_trend_exponential_smoothing,2.0,2.795700395551273,damped_trend_exponential_smoothing
FOODS_1_010_CA_2,8,damped_trend_exponential_smoothing,2.0,2.800359938747111,damped_trend_exponential_smoothing
FOODS_1_010_CA_3,1,damped_trend_exponential_smoothing,3.0,3.529988665995976,damped_trend_exponential_smoothing
FOODS_1_010_CA_3,2,damped_trend_exponential_smoothing,2.0,3.533409207898079,damped_trend_exponential_smoothing
FOODS_1_010_CA_3,3,damped_trend_exponential_smoothing,2.0,3.536786883039253,damped_trend_exponential_smoothing
FOODS_1_010_CA_3,4,damped_trend_exponential_smoothing,6.0,3.540122228632386,damped_trend_exponential_smoothing
FOODS_1_010_CA_3,5,damped_trend_exponential_smoothing,7.0,3.5434157751579303,damped_trend_exponential_smoothing
FOODS_1_010_CA_3,6,damped_trend_exponential_smoothing,6.0,3.546668046448274,damped_trend_exponential_smoothing
FOODS_1_010_CA_3,7,damped_trend_exponential_smoothing,4.0,3.549879559771059,damped_trend_exponential_smoothing
FOODS_1_010_CA_3,8,damped_trend_exponential_smoothing,3.0,3.5530508259114475,damped_trend_exponential_smoothing
FOODS_1_010_CA_4,1,damped_trend_exponential_smoothing,0.0,0.0004318206871719,damped_trend_exponential_smoothing
FOODS_1_010_CA_4,2,damped_trend_exponential_smoothing,0.0,0.000516441956694,damped_trend_exponential_smoothing
FOODS_1_010_CA_4,3,damped_trend_exponential_smoothing,0.0,0.0005983279155868,damped_trend_exponential_smoothing
FOODS_1_010_CA_4,4,damped_trend_exponential_smoothing,0.0,0.0006775669804419,damped_trend_exponential_smoothing
FOODS_1_010_CA_4,5,damped_trend_exponential_smoothing,0.0,0.00075424470986,damped_trend_exponential_smoothing
FOODS_1_010_CA_4,6,damped_trend_exponential_smoothing,0.0,0.0008284438968325,damped_trend_exponential_smoothing
FOODS_1_010_CA_4,7,damped_trend_exponential_smoothing,0.0,0.0009002446581377,damped_trend_exponential_smoothing
FOODS_1_010_CA_4,8,damped_trend_exponential_smoothing,1.0,0.0009697245208473,damped_trend_exponential_smoothing
FOODS_1_010_TX_1,1,damped_trend_exponential_smoothing,0.0,2.2365267166903644,damped_trend_exponential_smoothing
FOODS_1_010_TX_1,2,damped_trend_exponential_smoothing,0.0,2.2365267166892773,damped_trend_exponential_smoothing
FOODS_1_010_TX_1,3,damped_trend_exponential_smoothing,4.0,2.236526716688311,damped_trend_exponential_smoothing
FOODS_1_010_TX_1,4,damped_trend_exponential_smoothing,4.0,2.236526716687451,damped_trend_exponential_smoothing
FOODS_1_010_TX_1,5,damped_trend_exponential_smoothing,5.0,2.2365267166866865,damped_trend_exponential_smoothing
FOODS_1_010_TX_1,6,damped_trend_exponential_smoothing,2.0,2.2365267166860066,damped_trend_exponential_smoothing
FOODS_1_010_TX_1,7,damped_trend_exponential_smoothing,9.0,2.236526716685402,damped_trend_exponential_smoothing
FOODS_1_010_TX_1,8,damped_trend_exponential_smoothing,5.0,2.2365267166848644,damped_trend_exponential_smoothing
FOODS_1_010_TX_2,1,damped_trend_exponential_smoothing,3.0,7.102128548273296,damped_trend_exponential_smoothing
FOODS_1_010_TX_2,2,damped_trend_exponential_smoothing,12.0,7.109657457409393,damped_trend_exponential_smoothing
FOODS_1_010_TX_2,3,damped_trend_exponential_smoothing,9.0,7.117148721999811,damped_trend_exponential_smoothing
FOODS_1_010_TX_2,4,damped_trend_exponential_smoothing,3.0,7.124602530267277,damped_trend_exponential_smoothing
FOODS_1_010_TX_2,5,damped_trend_exponential_smoothing,3.0,7.1320190694934045,damped_trend_exponential_smoothing
FOODS_1_010_TX_2,6,damped_trend_exponential_smoothing,4.0,7.1393985260234025,damped_trend_exponential_smoothing
FOODS_1_010_TX_2,7,damped_trend_exponential_smoothing,0.0,7.146741085270749,damped_trend_exponential_smoothing
FOODS_1_010_TX_2,8,damped_trend_exponential_smoothing,3.0,7.154046931721861,damped_trend_exponential_smoothing
FOODS_1_010_TX_3,1,damped_trend_exponential_smoothing,6.0,4.928773211019874,damped_trend_exponential_smoothing
FOODS_1_010_TX_3,2,damped_trend_exponential_smoothing,5.0,4.928773211021927,damped_trend_exponential_smoothing
FOODS_1_010_TX_3,3,damped_trend_exponential_smoothing,9.0,4.928773211023737,damped_trend_exponential_smoothing
FOODS_1_010_TX_3,4,damped_trend_exponential_smoothing,5.0,4.928773211025334,damped_trend_exponential_smoothing
FOODS_1_010_TX_3,5,damped_trend_exponential_smoothing,13.0,4.928773211026741,damped_trend_exponential_smoothing
FOODS_1_010_TX_3,6,damped_trend_exponential_smoothing,4.0,4.928773211027981,damped_trend_exponential_smoothing
FOODS_1_010_TX_3,7,damped_trend_exponential_smoothing,8.0,4.928773211029076,damped_trend_exponential_smoothing
FOODS_1_010_TX_3,8,damped_trend_exponential_smoothing,6.0,4.928773211030041,damped_trend_exponential_smoothing
FOODS_1_010_WI_1,1,damped_trend_exponential_smoothing,5.0,9.437712921177456,damped_trend_exponential_smoothing
FOODS_1_010_WI_1,2,damped_trend_exponential_smoothing,7.0,9.460219125299352,damped_trend_exponential_smoothing
FOODS_1_010_WI_1,3,damped_trend_exponential_smoothing,12.0,9.481504261641687,damped_trend_exponential_smoothing
FOODS_1_010_WI_1,4,damped_trend_exponential_smoothing,12.0,9.501634578893684,damped_trend_exponential_smoothing
FOODS_1_010_WI_1,5,damped_trend_exponential_smoothing,12.0,9.52067273144054,damped_trend_exponential_smoothing
FOODS_1_010_WI_1,6,damped_trend_exponential_smoothing,11.0,9.53867797437139,damped_trend_exponential_smoothing
FOODS_1_010_WI_1,7,damped_trend_exponential_smoothing,11.0,9.555706347907169,damped_trend_exponential_smoothing
FOODS_1_010_WI_1,8,damped_trend_exponential_smoothing,20.0,9.571810851822368,damped_trend_exponential_smoothing
FOODS_1_010_WI_2,1,damped_trend_exponential_smoothing,1.0,2.208804763732666,damped_trend_exponential_smoothing
FOODS_1_010_WI_2,2,damped_trend_exponential_smoothing,8.0,2.209163521914515,damped_trend_exponential_smoothing
FOODS_1_010_WI_2,3,damped_trend_exponential_smoothing,1.0,2.2095124587197748,damped_trend_exponential_smoothing
FOODS_1_010_WI_2,4,damped_trend_exponential_smoothing,3.0,2.209851843018796,damped_trend_exponential_smoothing
FOODS_1_010_WI_2,5,damped_trend_exponential_smoothing,0.0,2.210181936321326,damped_trend_exponential_smoothing
FOODS_1_010_WI_2,6,damped_trend_exponential_smoothing,6.0,2.2105029929780105,damped_trend_exponential_smoothing
FOODS_1_010_WI_2,7,damped_trend_exponential_smoothing,1.0,2.2108152603763838,damped_trend_exponential_smoothing
FOODS_1_010_WI_2,8,damped_trend_exponential_smoothing,0.0,2.211118979131489,damped_trend_exponential_smoothing
FOODS_1_010_WI_3,1,damped_trend_exponential_smoothing,9.0,5.912191645445815,damped_trend_exponential_smoothing
FOODS_1_010_WI_3,2,damped_trend_exponential_smoothing,3.0,5.923909000430274,damped_trend_exponential_smoothing
FOODS_1_010_WI_3,3,damped_trend_exponential_smoothing,4.0,5.935567768639811,damped_trend_exponential_smoothing
FOODS_1_010_WI_3,4,damped_trend_exponential_smoothing,0.0,5.9471682430083,damped_trend_exponential_smoothing
FOODS_1_010_WI_3,5,damped_trend_exponential_smoothing,3.0,5.958710715004947,damped_trend_exponential_smoothing
FOODS_1_010_WI_3,6,damped_trend_exponential_smoothing,6.0,5.970195474641611,damped_trend_exponential_smoothing
FOODS_1_010_WI_3,7,damped_trend_exponential_smoothing,3.0,5.981622810480091,damped_trend_exponential_smoothing
FOODS_1_010_WI_3,8,damped_trend_exponential_smoothing,2.0,5.992993009639378,damped_trend_exponential_smoothing
FOODS_1_011_CA_1,1,damped_trend_exponential_smoothing,5.0,9.319684239047984,damped_trend_exponential_smoothing
FOODS_1_011_CA_1,2,damped_trend_exponential_smoothing,7.0,9.319684239047984,damped_trend_exponential_smoothing
FOODS_1_011_CA_1,3,damped_trend_exponential_smoothing,5.0,9.319684239047984,damped_trend_exponential_smoothing
FOODS_1_011_CA_1,4,damped_trend_exponential_smoothing,0.0,9.319684239047984,damped_trend_exponential_smoothing
FOODS_1_011_CA_1,5,damped_trend_exponential_smoothing,11.0,9.319684239047984,damped_trend_exponential_smoothing
FOODS_1_011_CA_1,6,damped_trend_exponential_smoothing,6.0,9.319684239047984,damped_trend_exponential_smoothing
FOODS_1_011_CA_1,7,damped_trend_exponential_smoothing,4.0,9.319684239047984,damped_trend_exponential_smoothing
FOODS_1_011_CA_1,8,damped_trend_exponential_smoothing,12.0,9.319684239047984,damped_trend_exponential_smoothing
FOODS_1_011_CA_2,1,damped_trend_exponential_smoothing,30.0,17.524580563231723,damped_trend_exponential_smoothing
FOODS_1_011_CA_2,2,damped_trend_exponential_smoothing,12.0,17.524580563231723,damped_trend_exponential_smoothing
FOODS_1_011_CA_2,3,damped_trend_exponential_smoothing,21.0,17.524580563231723,damped_trend_exponential_smoothing
FOODS_1_011_CA_2,4,damped_trend_exponential_smoothing,20.0,17.524580563231723,damped_trend_exponential_smoothing
FOODS_1_011_CA_2,5,damped_trend_exponential_smoothing,17.0,17.524580563231723,damped_trend_exponential_smoothing
FOODS_1_011_CA_2,6,damped_trend_exponential_smoothing,19.0,17.524580563231723,damped_trend_exponential_smoothing
FOODS_1_011_CA_2,7,damped_trend_exponential_smoothing,18.0,17.524580563231723,damped_trend_exponential_smoothing
FOODS_1_011_CA_2,8,damped_trend_exponential_smoothing,28.0,17.524580563231723,damped_trend_exponential_smoothing
FOODS_1_011_CA_3,1,damped_trend_exponential_smoothing,21.0,7.458480643549413,damped_trend_exponential_smoothing
FOODS_1_011_CA_3,2,damped_trend_exponential_smoothing,5.0,7.458480643549413,damped_trend_exponential_smoothing
FOODS_1_011_CA_3,3,damped_trend_exponential_smoothing,13.0,7.458480643549413,damped_trend_exponential_smoothing
FOODS_1_011_CA_3,4,damped_trend_exponential_smoothing,15.0,7.458480643549413,damped_trend_exponential_smoothing
FOODS_1_011_CA_3,5,damped_trend_exponential_smoothing,16.0,7.458480643549413,damped_trend_exponential_smoothing
FOODS_1_011_CA_3,6,damped_trend_exponential_smoothing,16.0,7.458480643549413,damped_trend_exponential_smoothing
FOODS_1_011_CA_3,7,damped_trend_exponential_smoothing,14.0,7.458480643549413,damped_trend_exponential_smoothing
FOODS_1_011_CA_3,8,damped_trend_exponential_smoothing,8.0,7.458480643549413,damped_trend_exponential_smoothing
FOODS_1_011_CA_4,1,damped_trend_exponential_smoothing,12.0,6.747599054780503,damped_trend_exponential_smoothing
FOODS_1_011_CA_4,2,damped_trend_exponential_smoothing,7.0,6.7475990470221525,damped_trend_exponential_smoothing
FOODS_1_011_CA_4,3,damped_trend_exponential_smoothing,10.0,6.747599039881563,damped_trend_exponential_smoothing
FOODS_1_011_CA_4,4,damped_trend_exponential_smoothing,8.0,6.7475990333095455,damped_trend_exponential_smoothing
FOODS_1_011_CA_4,5,damped_trend_exponential_smoothing,5.0,6.747599027260826,damped_trend_exponential_smoothing
FOODS_1_011_CA_4,6,damped_trend_exponential_smoothing,5.0,6.747599021693737,damped_trend_exponential_smoothing
FOODS_1_011_CA_4,7,damped_trend_exponential_smoothing,7.0,6.747599016569929,damped_trend_exponential_smoothing
FOODS_1_011_CA_4,8,damped_trend_exponential_smoothing,9.0,6.747599011854105,damped_trend_exponential_smoothing
FOODS_1_011_TX_1,1,damped_trend_exponential_smoothing,4.0,4.936087153485832,damped_trend_exponential_smoothing
FOODS_1_011_TX_1,2,damped_trend_exponential_smoothing,5.0,4.9360871535034665,damped_trend_exponential_smoothing
FOODS_1_011_TX_1,3,damped_trend_exponential_smoothing,2.0,4.936087153519231,damped_trend_exponential_smoothing
FOODS_1_011_TX_1,4,damped_trend_exponential_smoothing,9.0,4.936087153533321,damped_trend_exponential_smoothing
FOODS_1_011_TX_1,5,damped_trend_exponential_smoothing,6.0,4.936087153545916,damped_trend_exponential_smoothing
FOODS_1_011_TX_1,6,damped_trend_exponential_smoothing,1.0,4.936087153557175,damped_trend_exponential_smoothing
FOODS_1_011_TX_1,7,damped_trend_exponential_smoothing,0.0,4.936087153567238,damped_trend_exponential_smoothing
FOODS_1_011_TX_1,8,damped_trend_exponential_smoothing,6.0,4.936087153576233,damped_trend_exponential_smoothing
FOODS_1_011_TX_2,1,damped_trend_exponential_smoothing,2.0,3.481898555002533,damped_trend_exponential_smoothing
FOODS_1_011_TX_2,2,damped_trend_exponential_smoothing,1.0,3.4818985550025685,damped_trend_exponential_smoothing
FOODS_1_011_TX_2,3,damped_trend_exponential_smoothing,1.0,3.4818985550026,damped_trend_exponential_smoothing
FOODS_1_011_TX_2,4,damped_trend_exponential_smoothing,6.0,3.4818985550026262,damped_trend_exponential_smoothing
FOODS_1_011_TX_2,5,damped_trend_exponential_smoothing,1.0,3.4818985550026493,damped_trend_exponential_smoothing
FOODS_1_011_TX_2,6,damped_trend_exponential_smoothing,1.0,3.4818985550026693,damped_trend_exponential_smoothing
FOODS_1_011_TX_2,7,damped_trend_exponential_smoothing,1.0,3.481898555002686,damped_trend_exponential_smoothing
FOODS_1_011_TX_2,8,damped_trend_exponential_smoothing,3.0,3.4818985550027017,damped_trend_exponential_smoothing
FOODS_1_011_TX_3,1,damped_trend_exponential_smoothing,3.0,1.594905595351131,damped_trend_exponential_smoothing
FOODS_1_011_TX_3,2,damped_trend_exponential_smoothing,5.0,1.5948970613412294,damped_trend_exponential_smoothing
FOODS_1_011_TX_3,3,damped_trend_exponential_smoothing,3.0,1.5948889083530842,damped_trend_exponential_smoothing
FOODS_1_011_TX_3,4,damped_trend_exponential_smoothing,2.0,1.5948811193750465,damped_trend_exponential_smoothing
FOODS_1_011_TX_3,5,damped_trend_exponential_smoothing,1.0,1.594873678154994,damped_trend_exponential_smoothing
FOODS_1_011_TX_3,6,damped_trend_exponential_smoothing,1.0,1.594866569166421,damped_trend_exponential_smoothing
FOODS_1_011_TX_3,7,damped_trend_exponential_smoothing,2.0,1.5948597775760396,damped_trend_exponential_smoothing
FOODS_1_011_TX_3,8,damped_trend_exponential_smoothing,3.0,1.594853289212831,damped_trend_exponential_smoothing
FOODS_1_011_WI_1,1,damped_trend_exponential_smoothing,9.0,6.58837981090528,damped_trend_exponential_smoothing
FOODS_1_011_WI_1,2,damped_trend_exponential_smoothing,7.0,6.587806269475268,damped_trend_exponential_smoothing
FOODS_1_011_WI_1,3,damped_trend_exponential_smoothing,5.0,6.587246748389881,damped_trend_exponential_smoothing
FOODS_1_011_WI_1,4,damped_trend_exponential_smoothing,7.0,6.586700904918755,damped_trend_exponential_smoothing
FOODS_1_011_WI_1,5,damped_trend_exponential_smoothing,4.0,6.586168404709642,damped_trend_exponential_smoothing
FOODS_1_011_WI_1,6,damped_trend_exponential_smoothing,9.0,6.585648921583609,damped_trend_exponential_smoothing
FOODS_1_011_WI_1,7,damped_trend_exponential_smoothing,7.0,6.58514213733524,damped_trend_exponential_smoothing
FOODS_1_011_WI_1,8,damped_trend_exponential_smoothing,12.0,6.584647741537713,damped_trend_exponential_smoothing
FOODS_1_011_WI_2,1,damped_trend_exponential_smoothing,3.0,5.030753095406509,damped_trend_exponential_smoothing
FOODS_1_011_WI_2,2,damped_trend_exponential_smoothing,6.0,5.034144425783142,damped_trend_exponential_smoothing
FOODS_1_011_WI_2,3,damped_trend_exponential_smoothing,7.0,5.0375187995078905,damped_trend_exponential_smoothing
FOODS_1_011_WI_2,4,damped_trend_exponential_smoothing,6.0,5.040876301364016,damped_trend_exponential_smoothing
FOODS_1_011_WI_2,5,damped_trend_exponential_smoothing,4.0,5.044217015710862,damped_trend_exponential_smoothing
FOODS_1_011_WI_2,6,damped_trend_exponential_smoothing,7.0,5.047541026485972,damped_trend_exponential_smoothing
FOODS_1_011_WI_2,7,damped_trend_exponential_smoothing,4.0,5.050848417207208,damped_trend_exponential_smoothing
FOODS_1_011_WI_2,8,damped_trend_exponential_smoothing,5.0,5.054139270974837,damped_trend_exponential_smoothing
FOODS_1_011_WI_3,1,damped_trend_exponential_smoothing,2.0,1.3001360969110412,damped_trend_exponential_smoothing
FOODS_1_011_WI_3,2,damped_trend_exponential_smoothing,4.0,1.3001360969110412,damped_trend_exponential_smoothing
FOODS_1_011_WI_3,3,damped_trend_exponential_smoothing,1.0,1.3001360969110412,damped_trend_exponential_smoothing
FOODS_1_011_WI_3,4,damped_trend_exponential_smoothing,0.0,1.3001360969110412,damped_trend_exponential_smoothing
FOODS_1_011_WI_3,5,damped_trend_exponential_smoothing,2.0,1.3001360969110412,damped_trend_exponential_smoothing
FOODS_1_011_WI_3,6,damped_trend_exponential_smoothing,3.0,1.3001360969110412,damped_trend_exponential_smoothing
FOODS_1_011_WI_3,7,damped_trend_exponential_smoothing,2.0,1.3001360969110412,damped_trend_exponential_smoothing
FOODS_1_011_WI_3,8,damped_trend_exponential_smoothing,1.0,1.3001360969110412,damped_trend_exponential_smoothing
HOBBIES_1_001_CA_1,1,damped_trend_exponential_smoothing,10.0,6.035602834345593,damped_trend_exponential_smoothing
HOBBIES_1_001_CA_1,2,damped_trend_exponential_smoothing,6.0,6.049262244028908,damped_trend_exponential_smoothing
HOBBIES_1_001_CA_1,3,damped_trend_exponential_smoothing,6.0,6.062853356663806,damped_trend_exponential_smoothing
HOBBIES_1_001_CA_1,4,damped_trend_exponential_smoothing,10.0,6.0763765137355294,damped_trend_exponential_smoothing
HOBBIES_1_001_CA_1,5,damped_trend_exponential_smoothing,3.0,6.089832055021895,damped_trend_exponential_smoothing
HOBBIES_1_001_CA_1,6,damped_trend_exponential_smoothing,10.0,6.103220318601828,damped_trend_exponential_smoothing
HOBBIES_1_001_CA_1,7,damped_trend_exponential_smoothing,5.0,6.116541640863861,damped_trend_exponential_smoothing
HOBBIES_1_001_CA_1,8,damped_trend_exponential_smoothing,9.0,6.129796356514585,damped_trend_exponential_smoothing
HOBBIES_1_001_CA_2,1,damped_trend_exponential_smoothing,6.0,4.416440977093503,damped_trend_exponential_smoothing
HOBBIES_1_001_CA_2,2,damped_trend_exponential_smoothing,4.0,4.427936256623577,damped_trend_exponential_smoothing
HOBBIES_1_001_CA_2,3,damped_trend_exponential_smoothing,7.0,4.439374059756002,damped_trend_exponential_smoothing
HOBBIES_1_001_CA_2,4,damped_trend_exponential_smoothing,6.0,4.450754673872764,damped_trend_exponential_smoothing
HOBBIES_1_001_CA_2,5,damped_trend_exponential_smoothing,8.0,4.462078384918942,damped_trend_exponential_smoothing
HOBBIES_1_001_CA_2,6,damped_trend_exponential_smoothing,3.0,4.4733454774098895,damped_trend_exponential_smoothing
HOBBIES_1_001_CA_2,7,damped_trend_exponential_smoothing,2.0,4.484556234438382,damped_trend_exponential_smoothing
HOBBIES_1_001_CA_2,8,damped_trend_exponential_smoothing,7.0,4.495710937681732,damped_trend_exponential_smoothing
HOBBIES_1_001_CA_3,1,damped_trend_exponential_smoothing,6.0,5.940627993206323,damped_trend_exponential_smoothing
HOBBIES_1_001_CA_3,2,damped_trend_exponential_smoothing,7.0,5.955980136771349,damped_trend_exponential_smoothing
HOBBIES_1_001_CA_3,3,damped_trend_exponential_smoothing,7.0,5.97125551961855,damped_trend_exponential_smoothing
HOBBIES_1_001_CA_3,4,damped_trend_exponential_smoothing,12.0,5.986454525551515,damped_trend_exponential_smoothing
HOBBIES_1_001_CA_3,5,damped_trend_exponential_smoothing,6.0,6.001577536454816,damped_trend_exponential_smoothing
HOBBIES_1_001_CA_3,6,damped_trend_exponential_smoothing,9.0,6.0166249323036,damped_trend_exponential_smoothing
HOBBIES_1_001_CA_3,7,damped_trend_exponential_smoothing,3.0,6.031597091173141,damped_trend_exponential_smoothing
HOBBIES_1_001_CA_3,8,damped_trend_exponential_smoothing,9.0,6.046494389248332,damped_trend_exponential_smoothing
HOBBIES_1_001_CA_4,1,damped_trend_exponential_smoothing,8.0,5.647194603473907,damped_trend_exponential_smoothing
HOBBIES_1_001_CA_4,2,damped_trend_exponential_smoothing,3.0,5.661628691111853,damped_trend_exponential_smoothing
HOBBIES_1_001_CA_4,3,damped_trend_exponential_smoothing,8.0,5.6759906083116105,damped_trend_exponential_smoothing
HOBBIES_1_001_CA_4,4,damped_trend_exponential_smoothing,8.0,5.690280715925369,damped_trend_exponential_smoothing
HOBBIES_1_001_CA_4,5,damped_trend_exponential_smoothing,9.0,5.704499373001059,damped_trend_exponential_smoothing
HOBBIES_1_001_CA_4,6,damped_trend_exponential_smoothing,2.0,5.7186469367913695,damped_trend_exponential_smoothing
HOBBIES_1_001_CA_4,7,damped_trend_exponential_smoothing,4.0,5.732723762762729,damped_trend_exponential_smoothing
HOBBIES_1_001_CA_4,8,damped_trend_exponential_smoothing,3.0,5.746730204604232,damped_trend_exponential_smoothing
HOBBIES_1_001_TX_1,1,damped_trend_exponential_smoothing,2.0,1.6470061803378713,damped_trend_exponential_smoothing
HOBBIES_1_001_TX_1,2,damped_trend_exponential_smoothing,3.0,1.6511427536183765,damped_trend_exponential_smoothing
HOBBIES_1_001_TX_1,3,damped_trend_exponential_smoothing,2.0,1.6552528975242515,damped_trend_exponential_smoothing
HOBBIES_1_001_TX_1,4,damped_trend_exponential_smoothing,3.0,1.659336780917933,damped_trend_exponential_smoothing
HOBBIES_1_001_TX_1,5,damped_trend_exponential_smoothing,2.0,1.6633945715829623,damped_trend_exponential_smoothing
HOBBIES_1_001_TX_1,6,damped_trend_exponential_smoothing,2.0,1.6674264362308793,damped_trend_exponential_smoothing
HOBBIES_1_001_TX_1,7,damped_trend_exponential_smoothing,2.0,1.671432540508071,damped_trend_exponential_smoothing
HOBBIES_1_001_TX_1,8,damped_trend_exponential_smoothing,2.0,1.6754130490025774,damped_trend_exponential_smoothing
HOBBIES_1_001_TX_2,1,damped_trend_exponential_smoothing,1.0,4.088226721868439,damped_trend_exponential_smoothing
HOBBIES_1_001_TX_2,2,damped_trend_exponential_smoothing,2.0,4.098243439971321,damped_trend_exponential_smoothing
HOBBIES_1_001_TX_2,3,damped_trend_exponential_smoothing,2.0,4.108210074483688,damped_trend_exponential_smoothing
HOBBIES_1_001_TX_2,4,damped_trend_exponential_smoothing,3.0,4.118126875823494,damped_trend_exponential_smoothing
HOBBIES_1_001_TX_2,5,damped_trend_exponential_smoothing,2.0,4.1279940931566,damped_trend_exponential_smoothing
HOBBIES_1_001_TX_2,6,damped_trend_exponential_smoothing,4.0,4.137811974403041,damped_trend_exponential_smoothing
HOBBIES_1_001_TX_2,7,damped_trend_exponential_smoothing,2.0,4.147580766243249,damped_trend_exponential_smoothing
HOBBIES_1_001_TX_2,8,damped_trend_exponential_smoothing,1.0,4.157300714124257,damped_trend_exponential_smoothing
HOBBIES_1_001_TX_3,1,damped_trend_exponential_smoothing,3.0,4.225681925863804,damped_trend_exponential_smoothing
HOBBIES_1_001_TX_3,2,damped_trend_exponential_smoothing,4.0,4.235437231876405,damped_trend_exponential_smoothing
HOBBIES_1_001_TX_3,3,damped_trend_exponential_smoothing,3.0,4.245143761358944,damped_trend_exponential_smoothing
HOBBIES_1_001_TX_3,4,damped_trend_exponential_smoothing,3.0,4.25480175819407,damped_trend_exponential_smoothing
HOBBIES_1_001_TX_3,5,damped_trend_exponential_smoothing,3.0,4.26441146504502,damped_trend_exponential_smoothing
HOBBIES_1_001_TX_3,6,damped_trend_exponential_smoothing,2.0,4.273973123361715,damped_trend_exponential_smoothing
HOBBIES_1_001_TX_3,7,damped_trend_exponential_smoothing,2.0,4.283486973386827,damped_trend_exponential_smoothing
HOBBIES_1_001_TX_3,8,damped_trend_exponential_smoothing,3.0,4.292953254161813,damped_trend_exponential_smoothing
HOBBIES_1_001_WI_1,1,damped_trend_exponential_smoothing,1.0,3.464966446389457,damped_trend_exponential_smoothing
HOBBIES_1_001_WI_1,2,damped_trend_exponential_smoothing,5.0,3.4842296405174857,damped_trend_exponential_smoothing
HOBBIES_1_001_WI_1,3,damped_trend_exponential_smoothing,3.0,3.5028537503481307,damped_trend_exponential_smoothing
HOBBIES_1_001_WI_1,4,damped_trend_exponential_smoothing,4.0,3.520859978426331,damped_trend_exponential_smoothing
HOBBIES_1_001_WI_1,5,damped_trend_exponential_smoothing,4.0,3.5382688238719626,damped_trend_exponential_smoothing
HOBBIES_1_001_WI_1,6,damped_trend_exponential_smoothing,2.0,3.5551001057169818,damped_trend_exponential_smoothing
HOBBIES_1_001_WI_1,7,damped_trend_exponential_smoothing,1.0,3.5713729854683245,damped_trend_exponential_smoothing
HOBBIES_1_001_WI_1,8,damped_trend_exponential_smoothing,3.0,3.5871059889222487,damped_trend_exponential_smoothing
HOBBIES_1_001_WI_2,1,damped_trend_exponential_smoothing,0.0,0.2844524003768481,damped_trend_exponential_smoothing
HOBBIES_1_001_WI_2,2,damped_trend_exponential_smoothing,0.0,0.285342246322096,damped_trend_exponential_smoothing
HOBBIES_1_001_WI_2,3,damped_trend_exponential_smoothing,0.0,0.2862238102408093,damped_trend_exponential_smoothing
HOBBIES_1_001_WI_2,4,damped_trend_exponential_smoothing,1.0,0.2870971692159527,damped_trend_exponential_smoothing
HOBBIES_1_001_WI_2,5,damped_trend_exponential_smoothing,1.0,0.2879623996130598,damped_trend_exponential_smoothing
HOBBIES_1_001_WI_2,6,damped_trend_exponential_smoothing,2.0,0.2888195770869102,damped_trend_exponential_smoothing
HOBBIES_1_001_WI_2,7,damped_trend_exponential_smoothing,2.0,0.2896687765881451,damped_trend_exponential_smoothing
HOBBIES_1_001_WI_2,8,damped_trend_exponential_smoothing,1.0,0.2905100723698206,damped_trend_exponential_smoothing
HOBBIES_1_001_WI_3,1,damped_trend_exponential_smoothing,4.0,1.8640520577644923,damped_trend_exponential_smoothing
HOBBIES_1_001_WI_3,2,damped_trend_exponential_smoothing,0.0,1.8694796372493447,damped_trend_exponential_smoothing
HOBBIES_1_001_WI_3,3,damped_trend_exponential_smoothing,3.0,1.8748800788367737,damped_trend_exponential_smoothing
HOBBIES_1_001_WI_3,4,damped_trend_exponential_smoothing,1.0,1.8802535182162652,damped_trend_exponential_smoothing
HOBBIES_1_001_WI_3,5,damped_trend_exponential_smoothing,2.0,1.8856000903988592,damped_trend_exponential_smoothing
HOBBIES_1_001_WI_3,6,damped_trend_exponential_smoothing,1.0,1.8909199297205403,damped_trend_exponential_smoothing
HOBBIES_1_001_WI_3,7,damped_trend_exponential_smoothing,0.0,1.896213169845613,damped_trend_exponential_smoothing
HOBBIES_1_001_WI_3,8,damped_trend_exponential_smoothing,1.0,1.90147994377006,damped_trend_exponential_smoothing
HOBBIES_1_002_CA_1,1,damped_trend_exponential_smoothing,1.0,2.4647408869130696,damped_trend_exponential_smoothing
HOBBIES_1_002_CA_1,2,damped_trend_exponential_smoothing,3.0,2.4679115240326444,damped_trend_exponential_smoothing
HOBBIES_1_002_CA_1,3,damped_trend_exponential_smoothing,1.0,2.471066307966621,damped_trend_exponential_smoothing
HOBBIES_1_002_CA_1,4,damped_trend_exponential_smoothing,2.0,2.4742053179809287,damped_trend_exponential_smoothing
HOBBIES_1_002_CA_1,5,damped_trend_exponential_smoothing,3.0,2.477328632945164,damped_trend_exponential_smoothing
HOBBIES_1_002_CA_1,6,damped_trend_exponential_smoothing,0.0,2.4804363313345785,damped_trend_exponential_smoothing
HOBBIES_1_002_CA_1,7,damped_trend_exponential_smoothing,0.0,2.483528491232045,damped_trend_exponential_smoothing
HOBBIES_1_002_CA_1,8,damped_trend_exponential_smoothing,1.0,2.486605190330025,damped_trend_exponential_smoothing
HOBBIES_1_002_CA_2,1,damped_trend_exponential_smoothing,1.0,0.9178610248592022,damped_trend_exponential_smoothing
HOBBIES_1_002_CA_2,2,damped_trend_exponential_smoothing,1.0,0.9169277602667578,damped_trend_exponential_smoothing
HOBBIES_1_002_CA_2,3,damped_trend_exponential_smoothing,0.0,0.9160050652700226,damped_trend_exponential_smoothing
HOBBIES_1_002_CA_2,4,damped_trend_exponential_smoothing,0.0,0.9150928201640872,damped_trend_exponential_smoothing
HOBBIES_1_002_CA_2,5,damped_trend_exponential_smoothing,0.0,0.9141909065997488,damped_trend_exponential_smoothing
HOBBIES_1_002_CA_2,6,damped_trend_exponential_smoothing,1.0,0.9132992075681554,damped_trend_exponential_smoothing
HOBBIES_1_002_CA_2,7,damped_trend_exponential_smoothing,0.0,0.9124176073856288,damped_trend_exponential_smoothing
HOBBIES_1_002_CA_2,8,damped_trend_exponential_smoothing,2.0,0.911545991678654,damped_trend_exponential_smoothing
HOBBIES_1_002_CA_3,1,damped_trend_exponential_smoothing,1.0,1.150440199943866,damped_trend_exponential_smoothing
HOBBIES_1_002_CA_3,2,damped_trend_exponential_smoothing,0.0,1.1504414957246654,damped_trend_exponential_smoothing
HOBBIES_1_002_CA_3,3,damped_trend_exponential_smoothing,0.0,1.1504427256591068,damped_trend_exponential_smoothing
HOBBIES_1_002_CA_3,4,damped_trend_exponential_smoothing,0.0,1.1504438930932368,damped_trend_exponential_smoothing
HOBBIES_1_002_CA_3,5,damped_trend_exponential_smoothing,0.0,1.1504450012030691,damped_trend_exponential_smoothing
HOBBIES_1_002_CA_3,6,damped_trend_exponential_smoothing,0.0,1.1504460530032257,damped_trend_exponential_smoothing
HOBBIES_1_002_CA_3,7,damped_trend_exponential_smoothing,0.0,1.1504470513551373,damped_trend_exponential_smoothing
HOBBIES_1_002_CA_3,8,damped_trend_exponential_smoothing,2.0,1.150447998974828,damped_trend_exponential_smoothing
HOBBIES_1_002_CA_4,1,damped_trend_exponential_smoothing,2.0,1.4148389301912314,damped_trend_exponential_smoothing
HOBBIES_1_002_CA_4,2,damped_trend_exponential_smoothing,1.0,1.4148390298957143,damped_trend_exponential_smoothing
HOBBIES_1_002_CA_4,3,damped_trend_exponential_smoothing,0.0,1.4148391235938842,damped_trend_exponential_smoothing
HOBBIES_1_002_CA_4,4,damped_trend_exponential_smoothing,1.0,1.4148392116475677,damped_trend_exponential_smoothing
HOBBIES_1_002_CA_4,5,damped_trend_exponential_smoothing,0.0,1.4148392943967951,damped_trend_exponential_smoothing
HOBBIES_1_002_CA_4,6,damped_trend_exponential_smoothing,1.0,1.414839372161114,damped_trend_exponential_smoothing
HOBBIES_1_002_CA_4,7,damped_trend_exponential_smoothing,0.0,1.4148394452408195,damped_trend_exponential_smoothing
HOBBIES_1_002_CA_4,8,damped_trend_exponential_smoothing,1.0,1.4148395139181196,damped_trend_exponential_smoothing
HOBBIES_1_002_TX_1,1,damped_trend_exponential_smoothing,1.0,0.4157784720074574,damped_trend_exponential_smoothing
HOBBIES_1_002_TX_1,2,damped_trend_exponential_smoothing,0.0,0.4157784720075174,damped_trend_exponential_smoothing
HOBBIES_1_002_TX_1,3,damped_trend_exponential_smoothing,1.0,0.4157784720075701,damped_trend_exponential_smoothing
HOBBIES_1_002_TX_1,4,damped_trend_exponential_smoothing,0.0,0.4157784720076164,damped_trend_exponential_smoothing
HOBBIES_1_002_TX_1,5,damped_trend_exponential_smoothing,0.0,0.415778472007657,damped_trend_exponential_smoothing
HOBBIES_1_002_TX_1,6,damped_trend_exponential_smoothing,0.0,0.4157784720076927,damped_trend_exponential_smoothing
HOBBIES_1_002_TX_1,7,damped_trend_exponential_smoothing,1.0,0.415778472007724,damped_trend_exponential_smoothing
HOBBIES_1_002_TX_1,8,damped_trend_exponential_smoothing,0.0,0.4157784720077515,damped_trend_exponential_smoothing
HOBBIES_1_002_TX_2,1,damped_trend_exponential_smoothing,0.0,0.9269949129677848,damped_trend_exponential_smoothing
HOBBIES_1_002_TX_2,2,damped_trend_exponential_smoothing,0.0,0.9269949129677848,damped_trend_exponential_smoothing
HOBBIES_1_002_TX_2,3,damped_trend_exponential_smoothing,1.0,0.9269949129677848,damped_trend_exponential_smoothing
HOBBIES_1_002_TX_2,4,damped_trend_exponential_smoothing,0.0,0.9269949129677848,damped_trend_exponential_smoothing
HOBBIES_1_002_TX_2,5,damped_trend_exponential_smoothing,1.0,0.9269949129677848,damped_trend_exponential_smoothing
HOBBIES_1_002_TX_2,6,damped_trend_exponential_smoothing,0.0,0.9269949129677848,damped_trend_exponential_smoothing
HOBBIES_1_002_TX_2,7,damped_trend_exponential_smoothing,0.0,0.9269949129677848,damped_trend_exponential_smoothing
HOBBIES_1_002_TX_2,8,damped_trend_exponential_smoothing,4.0,0.9269949129677848,damped_trend_exponential_smoothing
HOBBIES_1_002_TX_3,1,damped_trend_exponential_smoothing,0.0,0.516387770658975,damped_trend_exponential_smoothing
HOBBIES_1_002_TX_3,2,damped_trend_exponential_smoothing,1.0,0.5130896865150129,damped_trend_exponential_smoothing
HOBBIES_1_002_TX_3,3,damped_trend_exponential_smoothing,0.0,0.5104512191998432,damped_trend_exponential_smoothing
HOBBIES_1_002_TX_3,4,damped_trend_exponential_smoothing,2.0,0.5083404453477073,damped_trend_exponential_smoothing
HOBBIES_1_002_TX_3,5,damped_trend_exponential_smoothing,1.0,0.5066518262659987,damped_trend_exponential_smoothing
HOBBIES_1_002_TX_3,6,damped_trend_exponential_smoothing,1.0,0.5053009310006318,damped_trend_exponential_smoothing
HOBBIES_1_002_TX_3,7,damped_trend_exponential_smoothing,0.0,0.5042202147883382,damped_trend_exponential_smoothing
HOBBIES_1_002_TX_3,8,damped_trend_exponential_smoothing,1.0,0.5033556418185035,damped_trend_exponential_smoothing
HOBBIES_1_002_WI_1,1,damped_trend_exponential_smoothing,4.0,6.155677098156153,damped_trend_exponential_smoothing
HOBBIES_1_002_WI_1,2,damped_trend_exponential_smoothing,9.0,6.161538384795804,damped_trend_exponential_smoothing
HOBBIES_1_002_WI_1,3,damped_trend_exponential_smoothing,1.0,6.167370365002258,damped_trend_exponential_smoothing
HOBBIES_1_002_WI_1,4,damped_trend_exponential_smoothing,6.0,6.173173185307679,damped_trend_exponential_smoothing
HOBBIES_1_002_WI_1,5,damped_trend_exponential_smoothing,11.0,6.178946991511573,damped_trend_exponential_smoothing
HOBBIES_1_002_WI_1,6,damped_trend_exponential_smoothing,5.0,6.184691928684448,damped_trend_exponential_smoothing
HOBBIES_1_002_WI_1,7,damped_trend_exponential_smoothing,3.0,6.190408141171458,damped_trend_exponential_smoothing
HOBBIES_1_002_WI_1,8,damped_trend_exponential_smoothing,7.0,6.196095772596033,damped_trend_exponential_smoothing
HOBBIES_1_002_WI_2,1,damped_trend_exponential_smoothing,5.0,4.972534868506748,damped_trend_exponential_smoothing
HOBBIES_1_002_WI_2,2,damped_trend_exponential_smoothing,5.0,4.979211396236726,damped_trend_exponential_smoothing
HOBBIES_1_002_WI_2,3,damped_trend_exponential_smoothing,2.0,4.985854541328055,damped_trend_exponential_smoothing
HOBBIES_1_002_WI_2,4,damped_trend_exponential_smoothing,5.0,4.992464470693927,damped_trend_exponential_smoothing
HOBBIES_1_002_WI_2,5,damped_trend_exponential_smoothing,2.0,4.99904135041297,damped_trend_exponential_smoothing
HOBBIES_1_002_WI_2,6,damped_trend_exponential_smoothing,6.0,5.005585345733417,damped_trend_exponential_smoothing
HOBBIES_1_002_WI_2,7,damped_trend_exponential_smoothing,5.0,5.012096621077262,damped_trend_exponential_smoothing
HOBBIES_1_002_WI_2,8,damped_trend_exponential_smoothing,2.0,5.018575340044388,damped_trend_exponential_smoothing
HOBBIES_1_002_WI_3,1,damped_trend_exponential_smoothing,3.0,2.840307033774499,damped_trend_exponential_smoothing
HOBBIES_1_002_WI_3,2,damped_trend_exponential_smoothing,1.0,2.8395422639525103,damped_trend_exponential_smoothing
HOBBIES_1_002_WI_3,3,damped_trend_exponential_smoothing,0.0,2.8387862110299427,damped_trend_exponential_smoothing
HOBBIES_1_002_WI_3,4,damped_trend_exponential_smoothing,8.0,2.8380387756509724,damped_trend_exponential_smoothing
HOBBIES_1_002_WI_3,5,damped_trend_exponential_smoothing,0.0,2.8372998595922403,damped_trend_exponential_smoothing
HOBBIES_1_002_WI_3,6,damped_trend_exponential_smoothing,2.0,2.8365693657499444,damped_trend_exponential_smoothing
HOBBIES_1_002_WI_3,7,damped_trend_exponential_smoothing,3.0,2.835847198127078,damped_trend_exponential_smoothing
HOBBIES_1_002_WI_3,8,damped_trend_exponential_smoothing,2.0,2.835133261820815,damped_trend_exponential_smoothing
HOBBIES_1_003_CA_1,1,damped_trend_exponential_smoothing,0.0,1.953169688874661,damped_trend_exponential_smoothing
HOBBIES_1_003_CA_1,2,damped_trend_exponential_smoothing,10.0,1.9579946722372303,damped_trend_exponential_smoothing
HOBBIES_1_003_CA_1,3,damped_trend_exponential_smoothing,3.0,1.962795530682987,damped_trend_exponential_smoothing
HOBBIES_1_003_CA_1,4,damped_trend_exponential_smoothing,1.0,1.967572384836515,damped_trend_exponential_smoothing
HOBBIES_1_003_CA_1,5,damped_trend_exponential_smoothing,1.0,1.9723253547192752,damped_trend_exponential_smoothing
HOBBIES_1_003_CA_1,6,damped_trend_exponential_smoothing,2.0,1.9770545597526212,damped_trend_exponential_smoothing
HOBBIES_1_003_CA_1,7,damped_trend_exponential_smoothing,5.0,1.9817601187608007,damped_trend_exponential_smoothing
HOBBIES_1_003_CA_1,8,damped_trend_exponential_smoothing,7.0,1.98644214997394,damped_trend_exponential_smoothing
HOBBIES_1_003_CA_2,1,damped_trend_exponential_smoothing,3.0,4.5200315566935165,damped_trend_exponential_smoothing
HOBBIES_1_003_CA_2,2,damped_trend_exponential_smoothing,1.0,4.6428207279619045,damped_trend_exponential_smoothing
HOBBIES_1_003_CA_2,3,damped_trend_exponential_smoothing,2.0,4.764995953373951,damped_trend_exponential_smoothing
HOBBIES_1_003_CA_2,4,damped_trend_exponential_smoothing,2.0,4.886560302658937,damped_trend_exponential_smoothing
HOBBIES_1_003_CA_2,5,damped_trend_exponential_smoothing,6.0,5.007516830197499,damped_trend_exponential_smoothing
HOBBIES_1_003_CA_2,6,damped_trend_exponential_smoothing,4.0,5.127868575098368,damped_trend_exponential_smoothing
HOBBIES_1_003_CA_2,7,damped_trend_exponential_smoothing,2.0,5.247618561274732,damped_trend_exponential_smoothing
HOBBIES_1_003_CA_2,8,damped_trend_exponential_smoothing,5.0,5.366769797520214,damped_trend_exponential_smoothing
HOBBIES_1_003_CA_3,1,damped_trend_exponential_smoothing,3.0,2.258540518326667,damped_trend_exponential_smoothing
HOBBIES_1_003_CA_3,2,damped_trend_exponential_smoothing,5.0,2.262686428499876,damped_trend_exponential_smoothing
HOBBIES_1_003_CA_3,3,damped_trend_exponential_smoothing,4.0,2.266811609122219,damped_trend_exponential_smoothing
HOBBIES_1_003_CA_3,4,damped_trend_exponential_smoothing,3.0,2.2709161638414503,damped_trend_exponential_smoothing
HOBBIES_1_003_CA_3,5,damped_trend_exponential_smoothing,1.0,2.2750001957870856,damped_trend_exponential_smoothing
HOBBIES_1_003_CA_3,6,damped_trend_exponential_smoothing,2.0,2.2790638075729928,damped_trend_exponential_smoothing
HOBBIES_1_003_CA_3,7,damped_trend_exponential_smoothing,2.0,2.28310710129997,damped_trend_exponential_smoothing
HOBBIES_1_003_CA_3,8,damped_trend_exponential_smoothing,0.0,2.2871301785583125,damped_trend_exponential_smoothing
HOBBIES_1_003_CA_4,1,damped_trend_exponential_smoothing,2.0,1.3781406087667576,damped_trend_exponential_smoothing
HOBBIES_1_003_CA_4,2,damped_trend_exponential_smoothing,2.0,1.3815290338299726,damped_trend_exponential_smoothing
HOBBIES_1_003_CA_4,3,damped_trend_exponential_smoothing,4.0,1.3849005167678716,damped_trend_exponential_smoothing
HOBBIES_1_003_CA_4,4,damped_trend_exponential_smoothing,3.0,1.3882551422910814,damped_trend_exponential_smoothing
HOBBIES_1_003_CA_4,5,damped_trend_exponential_smoothing,0.0,1.391592994686675,damped_trend_exponential_smoothing
HOBBIES_1_003_CA_4,6,damped_trend_exponential_smoothing,3.0,1.3949141578202904,damped_trend_exponential_smoothing
HOBBIES_1_003_CA_4,7,damped_trend_exponential_smoothing,1.0,1.398218715138238,damped_trend_exponential_smoothing
HOBBIES_1_003_CA_4,8,damped_trend_exponential_smoothing,3.0,1.4015067496695957,damped_trend_exponential_smoothing
HOBBIES_1_003_TX_1,1,damped_trend_exponential_smoothing,0.0,1.239210396743044,damped_trend_exponential_smoothing
HOBBIES_1_003_TX_1,2,damped_trend_exponential_smoothing,4.0,1.2418720410332025,damped_trend_exponential_smoothing
HOBBIES_1_003_TX_1,3,damped_trend_exponential_smoothing,3.0,1.2445203771019098,damped_trend_exponential_smoothing
HOBBIES_1_003_TX_1,4,damped_trend_exponential_smoothing,0.0,1.2471554714902735,damped_trend_exponential_smoothing
HOBBIES_1_003_TX_1,5,damped_trend_exponential_smoothing,0.0,1.2497773904066958,damped_trend_exponential_smoothing
HOBBIES_1_003_TX_1,6,damped_trend_exponential_smoothing,2.0,1.2523861997285357,damped_trend_exponential_smoothing
HOBBIES_1_003_TX_1,7,damped_trend_exponential_smoothing,4.0,1.2549819650037666,damped_trend_exponential_smoothing
HOBBIES_1_003_TX_1,8,damped_trend_exponential_smoothing,0.0,1.2575647514526211,damped_trend_exponential_smoothing
HOBBIES_1_003_TX_2,1,damped_trend_exponential_smoothing,1.0,0.9541605615816674,damped_trend_exponential_smoothing
HOBBIES_1_003_TX_2,2,damped_trend_exponential_smoothing,0.0,0.956525055114693,damped_trend_exponential_smoothing
HOBBIES_1_003_TX_2,3,damped_trend_exponential_smoothing,0.0,0.9588777261800536,damped_trend_exponential_smoothing
HOBBIES_1_003_TX_2,4,damped_trend_exponential_smoothing,0.0,0.9612186338900872,damped_trend_exponential_smoothing
HOBBIES_1_003_TX_2,5,damped_trend_exponential_smoothing,1.0,0.9635478370615708,damped_trend_exponential_smoothing
HOBBIES_1_003_TX_2,6,damped_trend_exponential_smoothing,1.0,0.9658653942171967,damped_trend_exponential_smoothing
HOBBIES_1_003_TX_2,7,damped_trend_exponential_smoothing,0.0,0.9681713635870448,damped_trend_exponential_smoothing
HOBBIES_1_003_TX_2,8,damped_trend_exponential_smoothing,1.0,0.9704658031100436,damped_trend_exponential_smoothing
HOBBIES_1_003_TX_3,1,damped_trend_exponential_smoothing,0.0,1.3789561605713962,damped_trend_exponential_smoothing
HOBBIES_1_003_TX_3,2,damped_trend_exponential_smoothing,1.0,1.3824070312082872,damped_trend_exponential_smoothing
HOBBIES_1_003_TX_3,3,damped_trend_exponential_smoothing,3.0,1.3858406474919938,damped_trend_exponential_smoothing
HOBBIES_1_003_TX_3,4,damped_trend_exponential_smoothing,1.0,1.3892570956942818,damped_trend_exponential_smoothing
HOBBIES_1_003_TX_3,5,damped_trend_exponential_smoothing,3.0,1.3926564616555583,damped_trend_exponential_smoothing
HOBBIES_1_003_TX_3,6,damped_trend_exponential_smoothing,2.0,1.3960388307870286,damped_trend_exponential_smoothing
HOBBIES_1_003_TX_3,7,damped_trend_exponential_smoothing,3.0,1.3994042880728417,damped_trend_exponential_smoothing
HOBBIES_1_003_TX_3,8,damped_trend_exponential_smoothing,1.0,1.4027529180722254,damped_trend_exponential_smoothing
HOBBIES_1_003_WI_1,1,damped_trend_exponential_smoothing,5.0,1.6058111289378474,damped_trend_exponential_smoothing
HOBBIES_1_003_WI_1,2,damped_trend_exponential_smoothing,0.0,1.609625416601492,damped_trend_exponential_smoothing
HOBBIES_1_003_WI_1,3,damped_trend_exponential_smoothing,3.0,1.6134206328268184,damped_trend_exponential_smoothing
HOBBIES_1_003_WI_1,4,damped_trend_exponential_smoothing,1.0,1.617196872971018,damped_trend_exponential_smoothing
HOBBIES_1_003_WI_1,5,damped_trend_exponential_smoothing,4.0,1.6209542319144965,damped_trend_exponential_smoothing
HOBBIES_1_003_WI_1,6,damped_trend_exponential_smoothing,1.0,1.6246928040632578,damped_trend_exponential_smoothing
HOBBIES_1_003_WI_1,7,damped_trend_exponential_smoothing,2.0,1.628412683351275,damped_trend_exponential_smoothing
HOBBIES_1_003_WI_1,8,damped_trend_exponential_smoothing,6.0,1.6321139632428523,damped_trend_exponential_smoothing
HOBBIES_1_003_WI_2,1,damped_trend_exponential_smoothing,1.0,0.8056639529259105,damped_trend_exponential_smoothing
HOBBIES_1_003_WI_2,2,damped_trend_exponential_smoothing,2.0,0.8078954366934888,damped_trend_exponential_smoothing
HOBBIES_1_003_WI_2,3,damped_trend_exponential_smoothing,0.0,0.8101157630422292,damped_trend_exponential_smoothing
HOBBIES_1_003_WI_2,4,damped_trend_exponential_smoothing,3.0,0.8123249877592259,damped_trend_exponential_smoothing
HOBBIES_1_003_WI_2,5,damped_trend_exponential_smoothing,0.0,0.8145231663526376,damped_trend_exponential_smoothing
HOBBIES_1_003_WI_2,6,damped_trend_exponential_smoothing,2.0,0.8167103540530822,damped_trend_exponential_smoothing
HOBBIES_1_003_WI_2,7,damped_trend_exponential_smoothing,2.0,0.8188866058150246,damped_trend_exponential_smoothing
HOBBIES_1_003_WI_2,8,damped_trend_exponential_smoothing,3.0,0.8210519763181573,damped_trend_exponential_smoothing
HOBBIES_1_003_WI_3,1,damped_trend_exponential_smoothing,0.0,0.6787943802438527,damped_trend_exponential_smoothing
HOBBIES_1_003_WI_3,2,damped_trend_exponential_smoothing,0.0,0.6802754199531605,damped_trend_exponential_smoothing
HOBBIES_1_003_WI_3,3,damped_trend_exponential_smoothing,0.0,0.6817490544639218,damped_trend_exponential_smoothing
HOBBIES_1_003_WI_3,4,damped_trend_exponential_smoothing,0.0,0.6832153208021291,damped_trend_exponential_smoothing
HOBBIES_1_003_WI_3,5,damped_trend_exponential_smoothing,0.0,0.6846742558086455,damped_trend_exponential_smoothing
HOBBIES_1_003_WI_3,6,damped_trend_exponential_smoothing,1.0,0.6861258961401293,damped_trend_exponential_smoothing
HOBBIES_1_003_WI_3,7,damped_trend_exponential_smoothing,1.0,0.6875702782699556,damped_trend_exponential_smoothing
HOBBIES_1_003_WI_3,8,damped_trend_exponential_smoothing,0.0,0.6890074384891328,damped_trend_exponential_smoothing
HOBBIES_1_004_CA_1,1,damped_trend_exponential_smoothing,7.0,14.444660478859529,damped_trend_exponential_smoothing
HOBBIES_1_004_CA_1,2,damped_trend_exponential_smoothing,10.0,14.444660468382333,damped_trend_exponential_smoothing
HOBBIES_1_004_CA_1,3,damped_trend_exponential_smoothing,14.0,14.444660458703076,damped_trend_exponential_smoothing
HOBBIES_1_004_CA_1,4,damped_trend_exponential_smoothing,16.0,14.444660449760994,damped_trend_exponential_smoothing
HOBBIES_1_004_CA_1,5,damped_trend_exponential_smoothing,15.0,14.444660441499938,damped_trend_exponential_smoothing
HOBBIES_1_004_CA_1,6,damped_trend_exponential_smoothing,10.0,14.444660433868044,damped_trend_exponential_smoothing
HOBBIES_1_004_CA_1,7,damped_trend_exponential_smoothing,15.0,14.444660426817393,damped_trend_exponential_smoothing
HOBBIES_1_004_CA_1,8,damped_trend_exponential_smoothing,14.0,14.44466042030372,damped_trend_exponential_smoothing
HOBBIES_1_004_CA_2,1,damped_trend_exponential_smoothing,13.0,23.35954799201067,damped_trend_exponential_smoothing
HOBBIES_1_004_CA_2,2,damped_trend_exponential_smoothing,8.0,23.35954799201067,damped_trend_exponential_smoothing
HOBBIES_1_004_CA_2,3,damped_trend_exponential_smoothing,20.0,23.35954799201067,damped_trend_exponential_smoothing
HOBBIES_1_004_CA_2,4,damped_trend_exponential_smoothing,20.0,23.35954799201067,damped_trend_exponential_smoothing
HOBBIES_1_004_CA_2,5,damped_trend_exponential_smoothing,24.0,23.35954799201067,damped_trend_exponential_smoothing
HOBBIES_1_004_CA_2,6,damped_trend_exponential_smoothing,23.0,23.35954799201067,damped_trend_exponential_smoothing
HOBBIES_1_004_CA_2,7,damped_trend_exponential_smoothing,19.0,23.35954799201067,damped_trend_exponential_smoothing
HOBBIES_1_004_CA_2,8,damped_trend_exponential_smoothing,15.0,23.35954799201067,damped_trend_exponential_smoothing
HOBBIES_1_004_CA_3,1,damped_trend_exponential_smoothing,41.0,44.651915507375385,damped_trend_exponential_smoothing
HOBBIES_1_004_CA_3,2,damped_trend_exponential_smoothing,50.0,44.67146058157774,damped_trend_exponential_smoothing
HOBBIES_1_004_CA_3,3,damped_trend_exponential_smoothing,49.0,44.69076267908758,damped_trend_exponential_smoothing
HOBBIES_1_004_CA_3,4,damped_trend_exponential_smoothing,18.0,44.70982482049579,damped_trend_exponential_smoothing
HOBBIES_1_004_CA_3,5,damped_trend_exponential_smoothing,43.0,44.72864998884246,damped_trend_exponential_smoothing
HOBBIES_1_004_CA_3,6,damped_trend_exponential_smoothing,50.0,44.74724113008371,damped_trend_exponential_smoothing
HOBBIES_1_004_CA_3,7,damped_trend_exponential_smoothing,42.0,44.76560115355266,damped_trend_exponential_smoothing
HOBBIES_1_004_CA_3,8,damped_trend_exponential_smoothing,42.0,44.78373293241477,damped_trend_exponential_smoothing
HOBBIES_1_004_CA_4,1,damped_trend_exponential_smoothing,7.0,4.209964754320127,damped_trend_exponential_smoothing
HOBBIES_1_004_CA_4,2,damped_trend_exponential_smoothing,5.0,4.209964754320127,damped_trend_exponential_smoothing
HOBBIES_1_004_CA_4,3,damped_trend_exponential_smoothing,2.0,4.209964754320127,damped_trend_exponential_smoothing
HOBBIES_1_004_CA_4,4,damped_trend_exponential_smoothing,10.0,4.209964754320127,damped_trend_exponential_smoothing
HOBBIES_1_004_CA_4,5,damped_trend_exponential_smoothing,3.0,4.209964754320127,damped_trend_exponential_smoothing
HOBBIES_1_004_CA_4,6,damped_trend_exponential_smoothing,7.0,4.209964754320127,damped_trend_exponential_smoothing
HOBBIES_1_004_CA_4,7,damped_trend_exponential_smoothing,8.0,4.209964754320127,damped_trend_exponential_smoothing
HOBBIES_1_004_CA_4,8,damped_trend_exponential_smoothing,5.0,4.209964754320127,damped_trend_exponential_smoothing
HOBBIES_1_004_TX_1,1,damped_trend_exponential_smoothing,9.0,1.677974386853316,damped_trend_exponential_smoothing
HOBBIES_1_004_TX_1,2,damped_trend_exponential_smoothing,7.0,1.677974543210089,damped_trend_exponential_smoothing
HOBBIES_1_004_TX_1,3,damped_trend_exponential_smoothing,11.0,1.6779746893764569,damped_trend_exponential_smoothing
HOBBIES_1_004_TX_1,4,damped_trend_exponential_smoothing,8.0,1.677974826016569,damped_trend_exponential_smoothing
HOBBIES_1_004_TX_1,5,damped_trend_exponential_smoothing,3.0,1.6779749537512905,damped_trend_exponential_smoothing
HOBBIES_1_004_TX_1,6,damped_trend_exponential_smoothing,7.0,1.677975073161022,damped_trend_exponential_smoothing
HOBBIES_1_004_TX_1,7,damped_trend_exponential_smoothing,6.0,1.6779751847883366,damped_trend_exponential_smoothing
HOBBIES_1_004_TX_1,8,damped_trend_exponential_smoothing,6.0,1.677975289140446,damped_trend_exponential_smoothing
HOBBIES_1_004_TX_2,1,damped_trend_exponential_smoothing,5.0,7.302712073386026,damped_trend_exponential_smoothing
HOBBIES_1_004_TX_2,2,damped_trend_exponential_smoothing,4.0,7.30310522102428,damped_trend_exponential_smoothing
HOBBIES_1_004_TX_2,3,damped_trend_exponential_smoothing,8.0,7.303487900862511,damped_trend_exponential_smoothing
HOBBIES_1_004_TX_2,4,damped_trend_exponential_smoothing,15.0,7.303860391612396,damped_trend_exponential_smoothing
HOBBIES_1_004_TX_2,5,damped_trend_exponential_smoothing,9.0,7.304222964564738,damped_trend_exponential_smoothing
HOBBIES_1_004_TX_2,6,damped_trend_exponential_smoothing,7.0,7.304575883787059,damped_trend_exponential_smoothing
HOBBIES_1_004_TX_2,7,damped_trend_exponential_smoothing,7.0,7.304919406315913,damped_trend_exponential_smoothing
HOBBIES_1_004_TX_2,8,damped_trend_exponential_smoothing,10.0,7.3052537823441,damped_trend_exponential_smoothing
HOBBIES_1_004_TX_3,1,damped_trend_exponential_smoothing,0.0,6.294741113290871,damped_trend_exponential_smoothing
HOBBIES_1_004_TX_3,2,damped_trend_exponential_smoothing,0.0,6.294741457249466,damped_trend_exponential_smoothing
HOBBIES_1_004_TX_3,3,damped_trend_exponential_smoothing,6.0,6.2947417775629,damped_trend_exponential_smoothing
HOBBIES_1_004_TX_3,4,damped_trend_exponential_smoothing,2.0,6.29474207585664,damped_trend_exponential_smoothing
HOBBIES_1_004_TX_3,5,damped_trend_exponential_smoothing,6.0,6.294742353644412,damped_trend_exponential_smoothing
HOBBIES_1_004_TX_3,6,damped_trend_exponential_smoothing,9.0,6.294742612335884,damped_trend_exponential_smoothing
HOBBIES_1_004_TX_3,7,damped_trend_exponential_smoothing,7.0,6.294742853243815,damped_trend_exponential_smoothing
HOBBIES_1_004_TX_3,8,damped_trend_exponential_smoothing,0.0,6.29474307759072,damped_trend_exponential_smoothing
HOBBIES_1_004_WI_1,1,damped_trend_exponential_smoothing,2.0,2.695580679095878,damped_trend_exponential_smoothing
HOBBIES_1_004_WI_1,2,damped_trend_exponential_smoothing,1.0,2.6954357312044213,damped_trend_exponential_smoothing
HOBBIES_1_004_WI_1,3,damped_trend_exponential_smoothing,3.0,2.695319772891256,damped_trend_exponential_smoothing
HOBBIES_1_004_WI_1,4,damped_trend_exponential_smoothing,3.0,2.695227006240724,damped_trend_exponential_smoothing
HOBBIES_1_004_WI_1,5,damped_trend_exponential_smoothing,2.0,2.695152792920298,damped_trend_exponential_smoothing
HOBBIES_1_004_WI_1,6,damped_trend_exponential_smoothing,1.0,2.695093422263957,damped_trend_exponential_smoothing
HOBBIES_1_004_WI_1,7,damped_trend_exponential_smoothing,0.0,2.695045925738885,damped_trend_exponential_smoothing
HOBBIES_1_004_WI_1,8,damped_trend_exponential_smoothing,4.0,2.695007928518827,damped_trend_exponential_smoothing
HOBBIES_1_004_WI_2,1,damped_trend_exponential_smoothing,4.0,4.095234163228486,damped_trend_exponential_smoothing
HOBBIES_1_004_WI_2,2,damped_trend_exponential_smoothing,3.0,4.098051573559553,damped_trend_exponential_smoothing
HOBBIES_1_004_WI_2,3,damped_trend_exponential_smoothing,2.0,4.100854896838964,damped_trend_exponential_smoothing
HOBBIES_1_004_WI_2,4,damped_trend_exponential_smoothing,4.0,4.103644203501979,damped_trend_exponential_smoothing
HOBBIES_1_004_WI_2,5,damped_trend_exponential_smoothing,4.0,4.106419563631678,damped_trend_exponential_smoothing
HOBBIES_1_004_WI_2,6,damped_trend_exponential_smoothing,0.0,4.109181046960729,damped_trend_exponential_smoothing
HOBBIES_1_004_WI_2,7,damped_trend_exponential_smoothing,4.0,4.111928722873135,damped_trend_exponential_smoothing
HOBBIES_1_004_WI_2,8,damped_trend_exponential_smoothing,7.0,4.114662660405978,damped_trend_exponential_smoothing
HOBBIES_1_004_WI_3,1,damped_trend_exponential_smoothing,13.0,17.592125716543393,damped_trend_exponential_smoothing
HOBBIES_1_004_WI_3,2,damped_trend_exponential_smoothing,20.0,17.592717390207365,damped_trend_exponential_smoothing
HOBBIES_1_004_WI_3,3,damped_trend_exponential_smoothing,16.0,17.59329624500509,damped_trend_exponential_smoothing
HOBBIES_1_004_WI_3,4,damped_trend_exponential_smoothing,8.0,17.593862558662856,damped_trend_exponential_smoothing
HOBBIES_1_004_WI_3,5,damped_trend_exponential_smoothing,0.0,17.594416602889897,damped_trend_exponential_smoothing
HOBBIES_1_004_WI_3,6,damped_trend_exponential_smoothing,0.0,17.594958643508743,damped_trend_exponential_smoothing
HOBBIES_1_004_WI_3,7,damped_trend_exponential_smoothing,6.0,17.595488940582765,damped_trend_exponential_smoothing
HOBBIES_1_004_WI_3,8,damped_trend_exponential_smoothing,5.0,17.596007748540952,damped_trend_exponential_smoothing
HOBBIES_1_005_CA_1,1,damped_trend_exponential_smoothing,6.0,7.645585845433127,damped_trend_exponential_smoothing
HOBBIES_1_005_CA_1,2,damped_trend_exponential_smoothing,8.0,7.645585845433127,damped_trend_exponential_smoothing
HOBBIES_1_005_CA_1,3,damped_trend_exponential_smoothing,9.0,7.645585845433127,damped_trend_exponential_smoothing
HOBBIES_1_005_CA_1,4,damped_trend_exponential_smoothing,10.0,7.645585845433127,damped_trend_exponential_smoothing
HOBBIES_1_005_CA_1,5,damped_trend_exponential_smoothing,9.0,7.645585845433127,damped_trend_exponential_smoothing
HOBBIES_1_005_CA_1,6,damped_trend_exponential_smoothing,7.0,7.645585845433127,damped_trend_exponential_smoothing
HOBBIES_1_005_CA_1,7,damped_trend_exponential_smoothing,8.0,7.645585845433127,damped_trend_exponential_smoothing
HOBBIES_1_005_CA_1,8,damped_trend_exponential_smoothing,8.0,7.645585845433127,damped_trend_exponential_smoothing
HOBBIES_1_005_CA_2,1,damped_trend_exponential_smoothing,15.0,11.03691045107788,damped_trend_exponential_smoothing
HOBBIES_1_005_CA_2,2,damped_trend_exponential_smoothing,9.0,11.03691045107788,damped_trend_exponential_smoothing
HOBBIES_1_005_CA_2,3,damped_trend_exponential_smoothing,12.0,11.03691045107788,damped_trend_exponential_smoothing
HOBBIES_1_005_CA_2,4,damped_trend_exponential_smoothing,12.0,11.03691045107788,damped_trend_exponential_smoothing
HOBBIES_1_005_CA_2,5,damped_trend_exponential_smoothing,14.0,11.03691045107788,damped_trend_exponential_smoothing
HOBBIES_1_005_CA_2,6,damped_trend_exponential_smoothing,14.0,11.03691045107788,damped_trend_exponential_smoothing
HOBBIES_1_005_CA_2,7,damped_trend_exponential_smoothing,7.0,11.03691045107788,damped_trend_exponential_smoothing
HOBBIES_1_005_CA_2,8,damped_trend_exponential_smoothing,5.0,11.03691045107788,damped_trend_exponential_smoothing
HOBBIES_1_005_CA_3,1,damped_trend_exponential_smoothing,10.0,11.743220917525242,damped_trend_exponential_smoothing
HOBBIES_1_005_CA_3,2,damped_trend_exponential_smoothing,29.0,11.743220917525242,damped_trend_exponential_smoothing
HOBBIES_1_005_CA_3,3,damped_trend_exponential_smoothing,21.0,11.743220917525242,damped_trend_exponential_smoothing
HOBBIES_1_005_CA_3,4,damped_trend_exponential_smoothing,27.0,11.743220917525242,damped_trend_exponential_smoothing
HOBBIES_1_005_CA_3,5,damped_trend_exponential_smoothing,16.0,11.743220917525242,damped_trend_exponential_smoothing
HOBBIES_1_005_CA_3,6,damped_trend_exponential_smoothing,13.0,11.743220917525242,damped_trend_exponential_smoothing
HOBBIES_1_005_CA_3,7,damped_trend_exponential_smoothing,7.0,11.743220917525242,damped_trend_exponential_smoothing
HOBBIES_1_005_CA_3,8,damped_trend_exponential_smoothing,11.0,11.743220917525242,damped_trend_exponential_smoothing
HOBBIES_1_005_CA_4,1,damped_trend_exponential_smoothing,11.0,14.248285471347188,damped_trend_exponential_smoothing
HOBBIES_1_005_CA_4,2,damped_trend_exponential_smoothing,20.0,14.310719647873595,damped_trend_exponential_smoothing
HOBBIES_1_005_CA_4,3,damped_trend_exponential_smoothing,10.0,14.36066698909472,damped_trend_exponential_smoothing
HOBBIES_1_005_CA_4,4,damped_trend_exponential_smoothing,6.0,14.40062486207162,damped_trend_exponential_smoothing
HOBBIES_1_005_CA_4,5,damped_trend_exponential_smoothing,9.0,14.43259116045314,damped_trend_exponential_smoothing
HOBBIES_1_005_CA_4,6,damped_trend_exponential_smoothing,11.0,14.458164199158356,damped_trend_exponential_smoothing
HOBBIES_1_005_CA_4,7,damped_trend_exponential_smoothing,8.0,14.47862263012253,damped_trend_exponential_smoothing
HOBBIES_1_005_CA_4,8,damped_trend_exponential_smoothing,2.0,14.494989374893867,damped_trend_exponential_smoothing
HOBBIES_1_005_TX_1,1,damped_trend_exponential_smoothing,7.0,5.629382893311523,damped_trend_exponential_smoothing
HOBBIES_1_005_TX_1,2,damped_trend_exponential_smoothing,11.0,5.629384091008199,damped_trend_exponential_smoothing
HOBBIES_1_005_TX_1,3,damped_trend_exponential_smoothing,5.0,5.62938521876401,damped_trend_exponential_smoothing
HOBBIES_1_005_TX_1,4,damped_trend_exponential_smoothing,4.0,5.629386280663234,damped_trend_exponential_smoothing
HOBBIES_1_005_TX_1,5,damped_trend_exponential_smoothing,3.0,5.629387280551641,damped_trend_exponential_smoothing
HOBBIES_1_005_TX_1,6,damped_trend_exponential_smoothing,4.0,5.629388222050424,damped_trend_exponential_smoothing
HOBBIES_1_005_TX_1,7,damped_trend_exponential_smoothing,4.0,5.629389108569312,damped_trend_exponential_smoothing
HOBBIES_1_005_TX_1,8,damped_trend_exponential_smoothing,9.0,5.629389943318917,damped_trend_exponential_smoothing
HOBBIES_1_005_TX_2,1,damped_trend_exponential_smoothing,2.0,3.041053181080785,damped_trend_exponential_smoothing
HOBBIES_1_005_TX_2,2,damped_trend_exponential_smoothing,2.0,3.041053181080785,damped_trend_exponential_smoothing
HOBBIES_1_005_TX_2,3,damped_trend_exponential_smoothing,6.0,3.041053181080785,damped_trend_exponential_smoothing
HOBBIES_1_005_TX_2,4,damped_trend_exponential_smoothing,7.0,3.041053181080785,damped_trend_exponential_smoothing
HOBBIES_1_005_TX_2,5,damped_trend_exponential_smoothing,3.0,3.041053181080785,damped_trend_exponential_smoothing
HOBBIES_1_005_TX_2,6,damped_trend_exponential_smoothing,1.0,3.041053181080785,damped_trend_exponential_smoothing
HOBBIES_1_005_TX_2,7,damped_trend_exponential_smoothing,4.0,3.041053181080785,damped_trend_exponential_smoothing
HOBBIES_1_005_TX_2,8,damped_trend_exponential_smoothing,1.0,3.041053181080785,damped_trend_exponential_smoothing
HOBBIES_1_005_TX_3,1,damped_trend_exponential_smoothing,1.0,4.143240249754236,damped_trend_exponential_smoothing
HOBBIES_1_005_TX_3,2,damped_trend_exponential_smoothing,2.0,4.143240250244896,damped_trend_exponential_smoothing
HOBBIES_1_005_TX_3,3,damped_trend_exponential_smoothing,5.0,4.143240250691703,damped_trend_exponential_smoothing
HOBBIES_1_005_TX_3,4,damped_trend_exponential_smoothing,6.0,4.143240251098579,damped_trend_exponential_smoothing
HOBBIES_1_005_TX_3,5,damped_trend_exponential_smoothing,2.0,4.143240251469091,damped_trend_exponential_smoothing
HOBBIES_1_005_TX_3,6,damped_trend_exponential_smoothing,5.0,4.14324025180649,damped_trend_exponential_smoothing
HOBBIES_1_005_TX_3,7,damped_trend_exponential_smoothing,5.0,4.143240252113735,damped_trend_exponential_smoothing
HOBBIES_1_005_TX_3,8,damped_trend_exponential_smoothing,2.0,4.143240252393521,damped_trend_exponential_smoothing
HOBBIES_1_005_WI_1,1,damped_trend_exponential_smoothing,12.0,5.895087295119225,damped_trend_exponential_smoothing
HOBBIES_1_005_WI_1,2,damped_trend_exponential_smoothing,1.0,5.895087297191534,damped_trend_exponential_smoothing
HOBBIES_1_005_WI_1,3,damped_trend_exponential_smoothing,7.0,5.895087299089671,damped_trend_exponential_smoothing
HOBBIES_1_005_WI_1,4,damped_trend_exponential_smoothing,9.0,5.895087300828277,damped_trend_exponential_smoothing
HOBBIES_1_005_WI_1,5,damped_trend_exponential_smoothing,6.0,5.895087302420758,damped_trend_exponential_smoothing
HOBBIES_1_005_WI_1,6,damped_trend_exponential_smoothing,5.0,5.8950873038793965,damped_trend_exponential_smoothing
HOBBIES_1_005_WI_1,7,damped_trend_exponential_smoothing,2.0,5.89508730521544,damped_trend_exponential_smoothing
HOBBIES_1_005_WI_1,8,damped_trend_exponential_smoothing,8.0,5.895087306439194,damped_trend_exponential_smoothing
HOBBIES_1_005_WI_2,1,damped_trend_exponential_smoothing,4.0,4.010409678975946,damped_trend_exponential_smoothing
HOBBIES_1_005_WI_2,2,damped_trend_exponential_smoothing,5.0,4.010409678975946,damped_trend_exponential_smoothing
HOBBIES_1_005_WI_2,3,damped_trend_exponential_smoothing,6.0,4.010409678975946,damped_trend_exponential_smoothing
HOBBIES_1_005_WI_2,4,damped_trend_exponential_smoothing,3.0,4.010409678975946,damped_trend_exponential_smoothing
HOBBIES_1_005_WI_2,5,damped_trend_exponential_smoothing,6.0,4.010409678975946,damped_trend_exponential_smoothing
HOBBIES_1_005_WI_2,6,damped_trend_exponential_smoothing,2.0,4.010409678975946,damped_trend_exponential_smoothing
HOBBIES_1_005_WI_2,7,damped_trend_exponential_smoothing,9.0,4.010409678975946,damped_trend_exponential_smoothing
HOBBIES_1_005_WI_2,8,damped_trend_exponential_smoothing,3.0,4.010409678975946,damped_trend_exponential_smoothing
HOBBIES_1_005_WI_3,1,damped_trend_exponential_smoothing,4.0,3.827763228648573,damped_trend_exponential_smoothing
HOBBIES_1_005_WI_3,2,damped_trend_exponential_smoothing,4.0,3.827763228648573,damped_trend_exponential_smoothing
HOBBIES_1_005_WI_3,3,damped_trend_exponential_smoothing,1.0,3.827763228648573,damped_trend_exponential_smoothing
HOBBIES_1_005_WI_3,4,damped_trend_exponential_smoothing,1.0,3.827763228648573,damped_trend_exponential_smoothing
HOBBIES_1_005_WI_3,5,damped_trend_exponential_smoothing,2.0,3.827763228648573,damped_trend_exponential_smoothing
HOBBIES_1_005_WI_3,6,damped_trend_exponential_smoothing,8.0,3.827763228648573,damped_trend_exponential_smoothing
HOBBIES_1_005_WI_3,7,damped_trend_exponential_smoothing,1.0,3.827763228648573,damped_trend_exponential_smoothing
HOBBIES_1_005_WI_3,8,damped_trend_exponential_smoothing,2.0,3.827763228648573,damped_trend_exponential_smoothing
HOBBIES_1_006_CA_1,1,damped_trend_exponential_smoothing,4.0,6.237537709396372,damped_trend_exponential_smoothing
HOBBIES_1_006_CA_1,2,damped_trend_exponential_smoothing,7.0,6.460607461390051,damped_trend_exponential_smoothing
HOBBIES_1_006_CA_1,3,damped_trend_exponential_smoothing,10.0,6.668211715177976,damped_trend_exponential_smoothing
HOBBIES_1_006_CA_1,4,damped_trend_exponential_smoothing,7.0,6.861422698763337,damped_trend_exponential_smoothing
HOBBIES_1_006_CA_1,5,damped_trend_exponential_smoothing,7.0,7.041238302234338,damped_trend_exponential_smoothing
HOBBIES_1_006_CA_1,6,damped_trend_exponential_smoothing,4.0,7.208587231635938,damped_trend_exponential_smoothing
HOBBIES_1_006_CA_1,7,damped_trend_exponential_smoothing,5.0,7.364333805521992,damped_trend_exponential_smoothing
HOBBIES_1_006_CA_1,8,damped_trend_exponential_smoothing,4.0,7.50928241896088,damped_trend_exponential_smoothing
HOBBIES_1_006_CA_2,1,damped_trend_exponential_smoothing,5.0,4.806999556898663,damped_trend_exponential_smoothing
HOBBIES_1_006_CA_2,2,damped_trend_exponential_smoothing,7.0,4.806999556898679,damped_trend_exponential_smoothing
HOBBIES_1_006_CA_2,3,damped_trend_exponential_smoothing,5.0,4.806999556898693,damped_trend_exponential_smoothing
HOBBIES_1_006_CA_2,4,damped_trend_exponential_smoothing,8.0,4.806999556898705,damped_trend_exponential_smoothing
HOBBIES_1_006_CA_2,5,damped_trend_exponential_smoothing,4.0,4.806999556898715,damped_trend_exponential_smoothing
HOBBIES_1_006_CA_2,6,damped_trend_exponential_smoothing,6.0,4.806999556898724,damped_trend_exponential_smoothing
HOBBIES_1_006_CA_2,7,damped_trend_exponential_smoothing,6.0,4.806999556898732,damped_trend_exponential_smoothing
HOBBIES_1_006_CA_2,8,damped_trend_exponential_smoothing,1.0,4.806999556898738,damped_trend_exponential_smoothing
HOBBIES_1_006_CA_3,1,damped_trend_exponential_smoothing,13.0,7.599643695872772,damped_trend_exponential_smoothing
HOBBIES_1_006_CA_3,2,damped_trend_exponential_smoothing,11.0,7.59964404569796,damped_trend_exponential_smoothing
HOBBIES_1_006_CA_3,3,damped_trend_exponential_smoothing,5.0,7.599644371233666,damped_trend_exponential_smoothing
HOBBIES_1_006_CA_3,4,damped_trend_exponential_smoothing,6.0,7.599644674166389,damped_trend_exponential_smoothing
HOBBIES_1_006_CA_3,5,damped_trend_exponential_smoothing,6.0,7.599644956065524,damped_trend_exponential_smoothing
HOBBIES_1_006_CA_3,6,damped_trend_exponential_smoothing,8.0,7.599645218391501,damped_trend_exponential_smoothing
HOBBIES_1_006_CA_3,7,damped_trend_exponential_smoothing,7.0,7.599645462503347,damped_trend_exponential_smoothing
HOBBIES_1_006_CA_3,8,damped_trend_exponential_smoothing,9.0,7.599645689665729,damped_trend_exponential_smoothing
HOBBIES_1_006_CA_4,1,damped_trend_exponential_smoothing,0.0,0.0,damped_trend_exponential_smoothing
HOBBIES_1_006_CA_4,2,damped_trend_exponential_smoothing,0.0,0.0,damped_trend_exponential_smoothing
HOBBIES_1_006_CA_4,3,damped_trend_exponential_smoothing,0.0,0.0,damped_trend_exponential_smoothing
HOBBIES_1_006_CA_4,4,damped_trend_exponential_smoothing,3.0,0.0,damped_trend_exponential_smoothing
HOBBIES_1_006_CA_4,5,damped_trend_exponential_smoothing,5.0,0.0,damped_trend_exponential_smoothing
HOBBIES_1_006_CA_4,6,damped_trend_exponential_smoothing,3.0,0.0,damped_trend_exponential_smoothing
HOBBIES_1_006_CA_4,7,damped_trend_exponential_smoothing,1.0,0.0,damped_trend_exponential_smoothing
HOBBIES_1_006_CA_4,8,damped_trend_exponential_smoothing,2.0,0.0,damped_trend_exponential_smoothing
HOBBIES_1_006_TX_1,1,damped_trend_exponential_smoothing,4.0,3.016858882748846,damped_trend_exponential_smoothing
HOBBIES_1_006_TX_1,2,damped_trend_exponential_smoothing,0.0,3.010027170850664,damped_trend_exponential_smoothing
HOBBIES_1_006_TX_1,3,damped_trend_exponential_smoothing,0.0,3.00410535466962,damped_trend_exponential_smoothing
HOBBIES_1_006_TX_1,4,damped_trend_exponential_smoothing,1.0,2.998972247857635,damped_trend_exponential_smoothing
HOBBIES_1_006_TX_1,5,damped_trend_exponential_smoothing,2.0,2.994522804521724,damped_trend_exponential_smoothing
HOBBIES_1_006_TX_1,6,damped_trend_exponential_smoothing,5.0,2.9906659695240045,damped_trend_exponential_smoothing
HOBBIES_1_006_TX_1,7,damped_trend_exponential_smoothing,3.0,2.987322815093973,damped_trend_exponential_smoothing
HOBBIES_1_006_TX_1,8,damped_trend_exponential_smoothing,3.0,2.984424925619922,damped_trend_exponential_smoothing
HOBBIES_1_006_TX_2,1,damped_trend_exponential_smoothing,9.0,1.9521021307982505,damped_trend_exponential_smoothing
HOBBIES_1_006_TX_2,2,damped_trend_exponential_smoothing,6.0,1.952102357750022,damped_trend_exponential_smoothing
HOBBIES_1_006_TX_2,3,damped_trend_exponential_smoothing,4.0,1.9521025695859595,damped_trend_exponential_smoothing
HOBBIES_1_006_TX_2,4,damped_trend_exponential_smoothing,5.0,1.9521027673128335,damped_trend_exponential_smoothing
HOBBIES_1_006_TX_2,5,damped_trend_exponential_smoothing,5.0,1.9521029518703603,damped_trend_exponential_smoothing
HOBBIES_1_006_TX_2,6,damped_trend_exponential_smoothing,2.0,1.952103124135668,damped_trend_exponential_smoothing
HOBBIES_1_006_TX_2,7,damped_trend_exponential_smoothing,4.0,1.952103284927464,damped_trend_exponential_smoothing
HOBBIES_1_006_TX_2,8,damped_trend_exponential_smoothing,5.0,1.952103435009926,damped_trend_exponential_smoothing
HOBBIES_1_006_TX_3,1,damped_trend_exponential_smoothing,2.0,1.614152473897707,damped_trend_exponential_smoothing
HOBBIES_1_006_TX_3,2,damped_trend_exponential_smoothing,0.0,1.6075741486444075,damped_trend_exponential_smoothing
HOBBIES_1_006_TX_3,3,damped_trend_exponential_smoothing,5.0,1.601648119977256,damped_trend_exponential_smoothing
HOBBIES_1_006_TX_3,4,damped_trend_exponential_smoothing,5.0,1.5963097071728285,damped_trend_exponential_smoothing
HOBBIES_1_006_TX_3,5,damped_trend_exponential_smoothing,1.0,1.5915006431484773,damped_trend_exponential_smoothing
HOBBIES_1_006_TX_3,6,damped_trend_exponential_smoothing,3.0,1.5871684384956015,damped_trend_exponential_smoothing
HOBBIES_1_006_TX_3,7,damped_trend_exponential_smoothing,4.0,1.583265808574403,damped_trend_exponential_smoothing
HOBBIES_1_006_TX_3,8,damped_trend_exponential_smoothing,2.0,1.579750157417034,damped_trend_exponential_smoothing
HOBBIES_1_006_WI_1,1,damped_trend_exponential_smoothing,17.0,16.559530140879303,damped_trend_exponential_smoothing
HOBBIES_1_006_WI_1,2,damped_trend_exponential_smoothing,12.0,16.559530140879303,damped_trend_exponential_smoothing
HOBBIES_1_006_WI_1,3,damped_trend_exponential_smoothing,10.0,16.559530140879303,damped_trend_exponential_smoothing
HOBBIES_1_006_WI_1,4,damped_trend_exponential_smoothing,17.0,16.559530140879303,damped_trend_exponential_smoothing
HOBBIES_1_006_WI_1,5,damped_trend_exponential_smoothing,6.0,16.559530140879303,damped_trend_exponential_smoothing
HOBBIES_1_006_WI_1,6,damped_trend_exponential_smoothing,11.0,16.559530140879303,damped_trend_exponential_smoothing
HOBBIES_1_006_WI_1,7,damped_trend_exponential_smoothing,5.0,16.559530140879303,damped_trend_exponential_smoothing
HOBBIES_1_006_WI_1,8,damped_trend_exponential_smoothing,14.0,16.559530140879303,damped_trend_exponential_smoothing
HOBBIES_1_006_WI_2,1,damped_trend_exponential_smoothing,14.0,7.292530378741755,damped_trend_exponential_smoothing
HOBBIES_1_006_WI_2,2,damped_trend_exponential_smoothing,5.0,7.292530379189049,damped_trend_exponential_smoothing
HOBBIES_1_006_WI_2,3,damped_trend_exponential_smoothing,6.0,7.292530379594361,damped_trend_exponential_smoothing
HOBBIES_1_006_WI_2,4,damped_trend_exponential_smoothing,3.0,7.292530379961631,damped_trend_exponential_smoothing
HOBBIES_1_006_WI_2,5,damped_trend_exponential_smoothing,13.0,7.292530380294429,damped_trend_exponential_smoothing
HOBBIES_1_006_WI_2,6,damped_trend_exponential_smoothing,16.0,7.292530380595992,damped_trend_exponential_smoothing
HOBBIES_1_006_WI_2,7,damped_trend_exponential_smoothing,4.0,7.29253038086925,damped_trend_exponential_smoothing
HOBBIES_1_006_WI_2,8,damped_trend_exponential_smoothing,8.0,7.292530381116861,damped_trend_exponential_smoothing
HOBBIES_1_006_WI_3,1,damped_trend_exponential_smoothing,5.0,5.236902000960537,damped_trend_exponential_smoothing
HOBBIES_1_006_WI_3,2,damped_trend_exponential_smoothing,3.0,5.236902000982767,damped_trend_exponential_smoothing
HOBBIES_1_006_WI_3,3,damped_trend_exponential_smoothing,10.0,5.236902001002563,damped_trend_exponential_smoothing
HOBBIES_1_006_WI_3,4,damped_trend_exponential_smoothing,12.0,5.236902001020194,damped_trend_exponential_smoothing
HOBBIES_1_006_WI_3,5,damped_trend_exponential_smoothing,4.0,5.236902001035897,damped_trend_exponential_smoothing
HOBBIES_1_006_WI_3,6,damped_trend_exponential_smoothing,6.0,5.236902001049882,damped_trend_exponential_smoothing
HOBBIES_1_006_WI_3,7,damped_trend_exponential_smoothing,7.0,5.236902001062336,damped_trend_exponential_smoothing
HOBBIES_1_006_WI_3,8,damped_trend_exponential_smoothing,6.0,5.236902001073428,damped_trend_exponential_smoothing
HOBBIES_1_007_CA_1,1,damped_trend_exponential_smoothing,2.0,2.022420530485181,damped_trend_exponential_smoothing
HOBBIES_1_007_CA_1,2,damped_trend_exponential_smoothing,2.0,2.022654962829281,damped_trend_exponential_smoothing
HOBBIES_1_007_CA_1,3,damped_trend_exponential_smoothing,6.0,2.022882919214636,damped_trend_exponential_smoothing
HOBBIES_1_007_CA_1,4,damped_trend_exponential_smoothing,2.0,2.023104578533119,damped_trend_exponential_smoothing
HOBBIES_1_007_CA_1,5,damped_trend_exponential_smoothing,4.0,2.023320114734899,damped_trend_exponential_smoothing
HOBBIES_1_007_CA_1,6,damped_trend_exponential_smoothing,0.0,2.0235296969649417,damped_trend_exponential_smoothing
HOBBIES_1_007_CA_1,7,damped_trend_exponential_smoothing,3.0,2.0237334896957546,damped_trend_exponential_smoothing
HOBBIES_1_007_CA_1,8,damped_trend_exponential_smoothing,2.0,2.023931652856456,damped_trend_exponential_smoothing
HOBBIES_1_007_CA_2,1,damped_trend_exponential_smoothing,2.0,1.4484014287863485,damped_trend_exponential_smoothing
HOBBIES_1_007_CA_2,2,damped_trend_exponential_smoothing,2.0,1.448443010109069,damped_trend_exponential_smoothing
HOBBIES_1_007_CA_2,3,damped_trend_exponential_smoothing,1.0,1.4484831830927396,damped_trend_exponential_smoothing
HOBBIES_1_007_CA_2,4,damped_trend_exponential_smoothing,2.0,1.4485219954371145,damped_trend_exponential_smoothing
HOBBIES_1_007_CA_2,5,damped_trend_exponential_smoothing,1.0,1.4485594932263806,damped_trend_exponential_smoothing
HOBBIES_1_007_CA_2,6,damped_trend_exponential_smoothing,2.0,1.4485957209838762,damped_trend_exponential_smoothing
HOBBIES_1_007_CA_2,7,damped_trend_exponential_smoothing,2.0,1.4486307217249557,damped_trend_exponential_smoothing
HOBBIES_1_007_CA_2,8,damped_trend_exponential_smoothing,2.0,1.4486645370080646,damped_trend_exponential_smoothing
HOBBIES_1_007_CA_3,1,damped_trend_exponential_smoothing,2.0,1.8390959911493137,damped_trend_exponential_smoothing
HOBBIES_1_007_CA_3,2,damped_trend_exponential_smoothing,2.0,1.8401988140252683,damped_trend_exponential_smoothing
HOBBIES_1_007_CA_3,3,damped_trend_exponential_smoothing,2.0,1.8412833020057064,damped_trend_exponential_smoothing
HOBBIES_1_007_CA_3,4,damped_trend_exponential_smoothing,1.0,1.842349759915999,damped_trend_exponential_smoothing
HOBBIES_1_007_CA_3,5,damped_trend_exponential_smoothing,2.0,1.843398487513669,damped_trend_exponential_smoothing
HOBBIES_1_007_CA_3,6,damped_trend_exponential_smoothing,3.0,1.8444297795726423,damped_trend_exponential_smoothing
HOBBIES_1_007_CA_3,7,damped_trend_exponential_smoothing,3.0,1.845443925966105,damped_trend_exponential_smoothing
HOBBIES_1_007_CA_3,8,damped_trend_exponential_smoothing,5.0,1.8464412117479785,damped_trend_exponential_smoothing
HOBBIES_1_007_CA_4,1,damped_trend_exponential_smoothing,5.0,2.472619263954407,damped_trend_exponential_smoothing
HOBBIES_1_007_CA_4,2,damped_trend_exponential_smoothing,3.0,2.473351923280513,damped_trend_exponential_smoothing
HOBBIES_1_007_CA_4,3,damped_trend_exponential_smoothing,1.0,2.4740703007295437,damped_trend_exponential_smoothing
HOBBIES_1_007_CA_4,4,damped_trend_exponential_smoothing,2.0,2.4747746747010293,damped_trend_exponential_smoothing
HOBBIES_1_007_CA_4,5,damped_trend_exponential_smoothing,0.0,2.475465318167603,damped_trend_exponential_smoothing
HOBBIES_1_007_CA_4,6,damped_trend_exponential_smoothing,0.0,2.4761424987807867,damped_trend_exponential_smoothing
HOBBIES_1_007_CA_4,7,damped_trend_exponential_smoothing,4.0,2.476806478974716,damped_trend_exponential_smoothing
HOBBIES_1_007_CA_4,8,damped_trend_exponential_smoothing,1.0,2.4774575160678447,damped_trend_exponential_smoothing
HOBBIES_1_007_TX_1,1,damped_trend_exponential_smoothing,1.0,1.370154309562712,damped_trend_exponential_smoothing
HOBBIES_1_007_TX_1,2,damped_trend_exponential_smoothing,1.0,1.3735576735293644,damped_trend_exponential_smoothing
HOBBIES_1_007_TX_1,3,damped_trend_exponential_smoothing,2.0,1.3769440206761834,damped_trend_exponential_smoothing
HOBBIES_1_007_TX_1,4,damped_trend_exponential_smoothing,4.0,1.3803134360872684,damped_trend_exponential_smoothing
HOBBIES_1_007_TX_1,5,damped_trend_exponential_smoothing,3.0,1.383666004421298,damped_trend_exponential_smoothing
HOBBIES_1_007_TX_1,6,damped_trend_exponential_smoothing,2.0,1.3870018099136574,damped_trend_exponential_smoothing
HOBBIES_1_007_TX_1,7,damped_trend_exponential_smoothing,1.0,1.390320936378555,damped_trend_exponential_smoothing
HOBBIES_1_007_TX_1,8,damped_trend_exponential_smoothing,3.0,1.393623467211128,damped_trend_exponential_smoothing
HOBBIES_1_007_TX_2,1,damped_trend_exponential_smoothing,1.0,1.0458267827361454,damped_trend_exponential_smoothing
HOBBIES_1_007_TX_2,2,damped_trend_exponential_smoothing,0.0,1.0458790218705318,damped_trend_exponential_smoothing
HOBBIES_1_007_TX_2,3,damped_trend_exponential_smoothing,0.0,1.0459295120420236,damped_trend_exponential_smoothing
HOBBIES_1_007_TX_2,4,damped_trend_exponential_smoothing,2.0,1.045978311805787,damped_trend_exponential_smoothing
HOBBIES_1_007_TX_2,5,damped_trend_exponential_smoothing,1.0,1.0460254777565652,damped_trend_exponential_smoothing
HOBBIES_1_007_TX_2,6,damped_trend_exponential_smoothing,2.0,1.046071064594313,damped_trend_exponential_smoothing
HOBBIES_1_007_TX_2,7,damped_trend_exponential_smoothing,2.0,1.046115125187634,damped_trend_exponential_smoothing
HOBBIES_1_007_TX_2,8,damped_trend_exponential_smoothing,2.0,1.0461577106350946,damped_trend_exponential_smoothing
HOBBIES_1_007_TX_3,1,damped_trend_exponential_smoothing,3.0,1.090489785572064,damped_trend_exponential_smoothing
HOBBIES_1_007_TX_3,2,damped_trend_exponential_smoothing,1.0,1.090531093315581,damped_trend_exponential_smoothing
HOBBIES_1_007_TX_3,3,damped_trend_exponential_smoothing,2.0,1.090571064116375,damped_trend_exponential_smoothing
HOBBIES_1_007_TX_3,4,damped_trend_exponential_smoothing,3.0,1.0906097412451676,damped_trend_exponential_smoothing
HOBBIES_1_007_TX_3,5,damped_trend_exponential_smoothing,0.0,1.0906471665722044,damped_trend_exponential_smoothing
HOBBIES_1_007_TX_3,6,damped_trend_exponential_smoothing,2.0,1.0906833806125826,damped_trend_exponential_smoothing
HOBBIES_1_007_TX_3,7,damped_trend_exponential_smoothing,2.0,1.090718422570111,damped_trend_exponential_smoothing
HOBBIES_1_007_TX_3,8,damped_trend_exponential_smoothing,2.0,1.0907523303797506,damped_trend_exponential_smoothing
HOBBIES_1_007_WI_1,1,damped_trend_exponential_smoothing,4.0,4.101831603673916,damped_trend_exponential_smoothing
HOBBIES_1_007_WI_1,2,damped_trend_exponential_smoothing,7.0,4.113218791202877,damped_trend_exponential_smoothing
HOBBIES_1_007_WI_1,3,damped_trend_exponential_smoothing,2.0,4.124549042794193,damped_trend_exponential_smoothing
HOBBIES_1_007_WI_1,4,damped_trend_exponential_smoothing,5.0,4.135822643127553,damped_trend_exponential_smoothing
HOBBIES_1_007_WI_1,5,damped_trend_exponential_smoothing,2.0,4.147039875459246,damped_trend_exponential_smoothing
HOBBIES_1_007_WI_1,6,damped_trend_exponential_smoothing,3.0,4.15820102162928,damped_trend_exponential_smoothing
HOBBIES_1_007_WI_1,7,damped_trend_exponential_smoothing,5.0,4.169306362068465,damped_trend_exponential_smoothing
HOBBIES_1_007_WI_1,8,damped_trend_exponential_smoothing,3.0,4.180356175805453,damped_trend_exponential_smoothing
HOBBIES_1_007_WI_2,1,damped_trend_exponential_smoothing,1.0,1.7660506978980317,damped_trend_exponential_smoothing
HOBBIES_1_007_WI_2,2,damped_trend_exponential_smoothing,0.0,1.7710975123762114,damped_trend_exponential_smoothing
HOBBIES_1_007_WI_2,3,damped_trend_exponential_smoothing,0.0,1.7761190927820003,damped_trend_exponential_smoothing
HOBBIES_1_007_WI_2,4,damped_trend_exponential_smoothing,1.0,1.7811155652857604,damped_trend_exponential_smoothing
HOBBIES_1_007_WI_2,5,damped_trend_exponential_smoothing,1.0,1.7860870554270016,damped_trend_exponential_smoothing
HOBBIES_1_007_WI_2,6,damped_trend_exponential_smoothing,2.0,1.7910336881175366,damped_trend_exponential_smoothing
HOBBIES_1_007_WI_2,7,damped_trend_exponential_smoothing,0.0,1.795955587644619,damped_trend_exponential_smoothing
HOBBIES_1_007_WI_2,8,damped_trend_exponential_smoothing,0.0,1.800852877674066,damped_trend_exponential_smoothing
HOBBIES_1_007_WI_3,1,damped_trend_exponential_smoothing,1.0,1.3199763991097164,damped_trend_exponential_smoothing
HOBBIES_1_007_WI_3,2,damped_trend_exponential_smoothing,2.0,1.3199779656234711,damped_trend_exponential_smoothing
HOBBIES_1_007_WI_3,3,damped_trend_exponential_smoothing,3.0,1.319979453033944,damped_trend_exponential_smoothing
HOBBIES_1_007_WI_3,4,damped_trend_exponential_smoothing,0.0,1.3199808653355647,damped_trend_exponential_smoothing
HOBBIES_1_007_WI_3,5,damped_trend_exponential_smoothing,1.0,1.319982206321059,damped_trend_exponential_smoothing
HOBBIES_1_007_WI_3,6,damped_trend_exponential_smoothing,0.0,1.3199834795916323,damped_trend_exponential_smoothing
HOBBIES_1_007_WI_3,7,damped_trend_exponential_smoothing,4.0,1.319984688566645,damped_trend_exponential_smoothing
HOBBIES_1_007_WI_3,8,damped_trend_exponential_smoothing,2.0,1.3199858364927897,damped_trend_exponential_smoothing
HOBBIES_1_008_CA_1,1,damped_trend_exponential_smoothing,17.0,86.69971774696045,damped_trend_exponential_smoothing
HOBBIES_1_008_CA_1,2,damped_trend_exponential_smoothing,34.0,86.69971572283484,damped_trend_exponential_smoothing
HOBBIES_1_008_CA_1,3,damped_trend_exponential_smoothing,70.0,86.69971381991418,damped_trend_exponential_smoothing
HOBBIES_1_008_CA_1,4,damped_trend_exponential_smoothing,38.0,86.69971203094073,damped_trend_exponential_smoothing
HOBBIES_1_008_CA_1,5,damped_trend_exponential_smoothing,30.0,86.6997103490913,damped_trend_exponential_smoothing
HOBBIES_1_008_CA_1,6,damped_trend_exponential_smoothing,106.0,86.69970876795128,damped_trend_exponential_smoothing
HOBBIES_1_008_CA_1,7,damped_trend_exponential_smoothing,35.0,86.69970728149018,damped_trend_exponential_smoothing
HOBBIES_1_008_CA_1,8,damped_trend_exponential_smoothing,54.0,86.69970588403861,damped_trend_exponential_smoothing
HOBBIES_1_008_CA_2,1,damped_trend_exponential_smoothing,66.0,30.989226085137854,damped_trend_exponential_smoothing
HOBBIES_1_008_CA_2,2,damped_trend_exponential_smoothing,31.0,30.989225943753908,damped_trend_exponential_smoothing
HOBBIES_1_008_CA_2,3,damped_trend_exponential_smoothing,9.0,30.989225813430867,damped_trend_exponential_smoothing
HOBBIES_1_008_CA_2,4,damped_trend_exponential_smoothing,19.0,30.9892256933034,damped_trend_exponential_smoothing
HOBBIES_1_008_CA_2,5,damped_trend_exponential_smoothing,16.0,30.989225582573884,damped_trend_exponential_smoothing
HOBBIES_1_008_CA_2,6,damped_trend_exponential_smoothing,16.0,30.98922548050708,damped_trend_exponential_smoothing
HOBBIES_1_008_CA_2,7,damped_trend_exponential_smoothing,26.0,30.98922538642528,damped_trend_exponential_smoothing
HOBBIES_1_008_CA_2,8,damped_trend_exponential_smoothing,21.0,30.989225299703797,damped_trend_exponential_smoothing
HOBBIES_1_008_CA_3,1,damped_trend_exponential_smoothing,0.0,70.73843702103031,damped_trend_exponential_smoothing
HOBBIES_1_008_CA_3,2,damped_trend_exponential_smoothing,32.0,70.76442909877295,damped_trend_exponential_smoothing
HOBBIES_1_008_CA_3,3,damped_trend_exponential_smoothing,74.0,70.78522276096705,damped_trend_exponential_smoothing
HOBBIES_1_008_CA_3,4,damped_trend_exponential_smoothing,27.0,70.80185769072233,damped_trend_exponential_smoothing
HOBBIES_1_008_CA_3,5,damped_trend_exponential_smoothing,59.0,70.81516563452656,damped_trend_exponential_smoothing
HOBBIES_1_008_CA_3,6,damped_trend_exponential_smoothing,40.0,70.82581198956994,damped_trend_exponential_smoothing
HOBBIES_1_008_CA_3,7,damped_trend_exponential_smoothing,53.0,70.83432907360465,damped_trend_exponential_smoothing
HOBBIES_1_008_CA_3,8,damped_trend_exponential_smoothing,62.0,70.84114274083241,damped_trend_exponential_smoothing
HOBBIES_1_008_CA_4,1,damped_trend_exponential_smoothing,39.0,30.732488517818314,damped_trend_exponential_smoothing
HOBBIES_1_008_CA_4,2,damped_trend_exponential_smoothing,34.0,30.732453278649924,damped_trend_exponential_smoothing
HOBBIES_1_008_CA_4,3,damped_trend_exponential_smoothing,32.0,30.732419840811783,damped_trend_exponential_smoothing
HOBBIES_1_008_CA_4,4,damped_trend_exponential_smoothing,16.0,30.7323881122248,damped_trend_exponential_smoothing
HOBBIES_1_008_CA_4,5,damped_trend_exponential_smoothing,3.0,30.7323580055167,damped_trend_exponential_smoothing
HOBBIES_1_008_CA_4,6,damped_trend_exponential_smoothing,42.0,30.732329437781477,damped_trend_exponential_smoothing
HOBBIES_1_008_CA_4,7,damped_trend_exponential_smoothing,26.0,30.73230233035101,damped_trend_exponential_smoothing
HOBBIES_1_008_CA_4,8,damped_trend_exponential_smoothing,40.0,30.73227660857852,damped_trend_exponential_smoothing
HOBBIES_1_008_TX_1,1,damped_trend_exponential_smoothing,0.0,1.6172713849671458,damped_trend_exponential_smoothing
HOBBIES_1_008_TX_1,2,damped_trend_exponential_smoothing,11.0,1.6172713849671458,damped_trend_exponential_smoothing
HOBBIES_1_008_TX_1,3,damped_trend_exponential_smoothing,13.0,1.6172713849671458,damped_trend_exponential_smoothing
HOBBIES_1_008_TX_1,4,damped_trend_exponential_smoothing,21.0,1.6172713849671458,damped_trend_exponential_smoothing
HOBBIES_1_008_TX_1,5,damped_trend_exponential_smoothing,10.0,1.6172713849671458,damped_trend_exponential_smoothing
HOBBIES_1_008_TX_1,6,damped_trend_exponential_smoothing,30.0,1.6172713849671458,damped_trend_exponential_smoothing
HOBBIES_1_008_TX_1,7,damped_trend_exponential_smoothing,13.0,1.6172713849671458,damped_trend_exponential_smoothing
HOBBIES_1_008_TX_1,8,damped_trend_exponential_smoothing,9.0,1.6172713849671458,damped_trend_exponential_smoothing
HOBBIES_1_008_TX_2,1,damped_trend_exponential_smoothing,9.0,26.668687103174644,damped_trend_exponential_smoothing
HOBBIES_1_008_TX_2,2,damped_trend_exponential_smoothing,9.0,26.668686658174664,damped_trend_exponential_smoothing
HOBBIES_1_008_TX_2,3,damped_trend_exponential_smoothing,7.0,26.66868624508859,damped_trend_exponential_smoothing
HOBBIES_1_008_TX_2,4,damped_trend_exponential_smoothing,22.0,26.668685861627672,damped_trend_exponential_smoothing
HOBBIES_1_008_TX_2,5,damped_trend_exponential_smoothing,16.0,26.668685505667284,damped_trend_exponential_smoothing
HOBBIES_1_008_TX_2,6,damped_trend_exponential_smoothing,40.0,26.668685175235183,damped_trend_exponential_smoothing
HOBBIES_1_008_TX_2,7,damped_trend_exponential_smoothing,15.0,26.66868486850057,damped_trend_exponential_smoothing
HOBBIES_1_008_TX_2,8,damped_trend_exponential_smoothing,21.0,26.668684583763937,damped_trend_exponential_smoothing
HOBBIES_1_008_TX_3,1,damped_trend_exponential_smoothing,6.0,21.216669855351025,damped_trend_exponential_smoothing
HOBBIES_1_008_TX_3,2,damped_trend_exponential_smoothing,23.0,21.216669851124625,damped_trend_exponential_smoothing
HOBBIES_1_008_TX_3,3,damped_trend_exponential_smoothing,20.0,21.21666984726938,damped_trend_exponential_smoothing
HOBBIES_1_008_TX_3,4,damped_trend_exponential_smoothing,12.0,21.21666984375269,damped_trend_exponential_smoothing
HOBBIES_1_008_TX_3,5,damped_trend_exponential_smoothing,26.0,21.216669840544835,damped_trend_exponential_smoothing
HOBBIES_1_008_TX_3,6,damped_trend_exponential_smoothing,15.0,21.216669837618685,damped_trend_exponential_smoothing
HOBBIES_1_008_TX_3,7,damped_trend_exponential_smoothing,16.0,21.216669834949503,damped_trend_exponential_smoothing
HOBBIES_1_008_TX_3,8,damped_trend_exponential_smoothing,17.0,21.216669832514725,damped_trend_exponential_smoothing
HOBBIES_1_008_WI_1,1,damped_trend_exponential_smoothing,35.0,19.148379824725858,damped_trend_exponential_smoothing
HOBBIES_1_008_WI_1,2,damped_trend_exponential_smoothing,22.0,19.14831370923069,damped_trend_exponential_smoothing
HOBBIES_1_008_WI_1,3,damped_trend_exponential_smoothing,24.0,19.148250569678407,damped_trend_exponential_smoothing
HOBBIES_1_008_WI_1,4,damped_trend_exponential_smoothing,26.0,19.14819027211801,damped_trend_exponential_smoothing
HOBBIES_1_008_WI_1,5,damped_trend_exponential_smoothing,6.0,19.14813268862782,damped_trend_exponential_smoothing
HOBBIES_1_008_WI_1,6,damped_trend_exponential_smoothing,22.0,19.14807769704407,damped_trend_exponential_smoothing
HOBBIES_1_008_WI_1,7,damped_trend_exponential_smoothing,47.0,19.148025180701737,damped_trend_exponential_smoothing
HOBBIES_1_008_WI_1,8,damped_trend_exponential_smoothing,22.0,19.147975028187048,damped_trend_exponential_smoothing
HOBBIES_1_008_WI_2,1,damped_trend_exponential_smoothing,33.0,16.219863437575068,damped_trend_exponential_smoothing
HOBBIES_1_008_WI_2,2,damped_trend_exponential_smoothing,28.0,16.21412314004124,damped_trend_exponential_smoothing
HOBBIES_1_008_WI_2,3,damped_trend_exponential_smoothing,3.0,16.20953090201418,damped_trend_exponential_smoothing
HOBBIES_1_008_WI_2,4,damped_trend_exponential_smoothing,8.0,16.20585711159253,damped_trend_exponential_smoothing
HOBBIES_1_008_WI_2,5,damped_trend_exponential_smoothing,15.0,16.20291807925521,damped_trend_exponential_smoothing
HOBBIES_1_008_WI_2,6,damped_trend_exponential_smoothing,19.0,16.200566853385354,damped_trend_exponential_smoothing
HOBBIES_1_008_WI_2,7,damped_trend_exponential_smoothing,19.0,16.198685872689467,damped_trend_exponential_smoothing
HOBBIES_1_008_WI_2,8,damped_trend_exponential_smoothing,16.0,16.197181088132762,damped_trend_exponential_smoothing
HOBBIES_1_008_WI_3,1,damped_trend_exponential_smoothing,21.0,16.4100999305971,damped_trend_exponential_smoothing
HOBBIES_1_008_WI_3,2,damped_trend_exponential_smoothing,26.0,16.4100999305971,damped_trend_exponential_smoothing
HOBBIES_1_008_WI_3,3,damped_trend_exponential_smoothing,1.0,16.4100999305971,damped_trend_exponential_smoothing
HOBBIES_1_008_WI_3,4,damped_trend_exponential_smoothing,6.0,16.4100999305971,damped_trend_exponential_smoothing
HOBBIES_1_008_WI_3,5,damped_trend_exponential_smoothing,20.0,16.4100999305971,damped_trend_exponential_smoothing
HOBBIES_1_008_WI_3,6,damped_trend_exponential_smoothing,11.0,16.4100999305971,damped_trend_exponential_smoothing
HOBBIES_1_008_WI_3,7,damped_trend_exponential_smoothing,14.0,16.4100999305971,damped_trend_exponential_smoothing
HOBBIES_1_008_WI_3,8,damped_trend_exponential_smoothing,17.0,16.4100999305971,damped_trend_exponential_smoothing
HOBBIES_1_009_CA_1,1,damped_trend_exponential_smoothing,2.0,0.3123637255443289,damped_trend_exponential_smoothing
HOBBIES_1_009_CA_1,2,damped_trend_exponential_smoothing,1.0,0.30407784974043,damped_trend_exponential_smoothing
HOBBIES_1_009_CA_1,3,damped_trend_exponential_smoothing,6.0,0.2974491490973108,damped_trend_exponential_smoothing
HOBBIES_1_009_CA_1,4,damped_trend_exponential_smoothing,0.0,0.2921461885828155,damped_trend_exponential_smoothing
HOBBIES_1_009_CA_1,5,damped_trend_exponential_smoothing,5.0,0.2879038201712192,damped_trend_exponential_smoothing
HOBBIES_1_009_CA_1,6,damped_trend_exponential_smoothing,3.0,0.2845099254419422,damped_trend_exponential_smoothing
HOBBIES_1_009_CA_1,7,damped_trend_exponential_smoothing,9.0,0.2817948096585206,damped_trend_exponential_smoothing
HOBBIES_1_009_CA_1,8,damped_trend_exponential_smoothing,8.0,0.2796227170317833,damped_trend_exponential_smoothing
HOBBIES_1_009_CA_2,1,damped_trend_exponential_smoothing,5.0,5.535917265916996,damped_trend_exponential_smoothing
HOBBIES_1_009_CA_2,2,damped_trend_exponential_smoothing,3.0,5.535917265916996,damped_trend_exponential_smoothing
HOBBIES_1_009_CA_2,3,damped_trend_exponential_smoothing,0.0,5.535917265916996,damped_trend_exponential_smoothing
HOBBIES_1_009_CA_2,4,damped_trend_exponential_smoothing,0.0,5.535917265916996,damped_trend_exponential_smoothing
HOBBIES_1_009_CA_2,5,damped_trend_exponential_smoothing,1.0,5.535917265916996,damped_trend_exponential_smoothing
HOBBIES_1_009_CA_2,6,damped_trend_exponential_smoothing,12.0,5.535917265916996,damped_trend_exponential_smoothing
HOBBIES_1_009_CA_2,7,damped_trend_exponential_smoothing,11.0,5.535917265916996,damped_trend_exponential_smoothing
HOBBIES_1_009_CA_2,8,damped_trend_exponential_smoothing,8.0,5.535917265916996,damped_trend_exponential_smoothing
HOBBIES_1_009_CA_3,1,damped_trend_exponential_smoothing,3.0,8.166165115651587,damped_trend_exponential_smoothing
HOBBIES_1_009_CA_3,2,damped_trend_exponential_smoothing,6.0,8.16608177131334,damped_trend_exponential_smoothing
HOBBIES_1_009_CA_3,3,damped_trend_exponential_smoothing,0.0,8.166001376549046,damped_trend_exponential_smoothing
HOBBIES_1_009_CA_3,4,damped_trend_exponential_smoothing,0.0,8.165923826972653,damped_trend_exponential_smoothing
HOBBIES_1_009_CA_3,5,damped_trend_exponential_smoothing,1.0,8.16584902189235,damped_trend_exponential_smoothing
HOBBIES_1_009_CA_3,6,damped_trend_exponential_smoothing,17.0,8.165776864179838,damped_trend_exponential_smoothing
HOBBIES_1_009_CA_3,7,damped_trend_exponential_smoothing,8.0,8.165707260144202,damped_trend_exponential_smoothing
HOBBIES_1_009_CA_3,8,damped_trend_exponential_smoothing,7.0,8.16564011941027,damped_trend_exponential_smoothing
HOBBIES_1_009_CA_4,1,damped_trend_exponential_smoothing,22.0,17.57134430457328,damped_trend_exponential_smoothing
HOBBIES_1_009_CA_4,2,damped_trend_exponential_smoothing,9.0,17.621576444548815,damped_trend_exponential_smoothing
HOBBIES_1_009_CA_4,3,damped_trend_exponential_smoothing,0.0,17.666928278930705,damped_trend_exponential_smoothing
HOBBIES_1_009_CA_4,4,damped_trend_exponential_smoothing,0.0,17.707873954006544,damped_trend_exponential_smoothing
HOBBIES_1_009_CA_4,5,damped_trend_exponential_smoothing,8.0,17.744841550362153,damped_trend_exponential_smoothing
HOBBIES_1_009_CA_4,6,damped_trend_exponential_smoothing,8.0,17.778217558396705,damped_trend_exponential_smoothing
HOBBIES_1_009_CA_4,7,damped_trend_exponential_smoothing,14.0,17.80835091901898,damped_trend_exponential_smoothing
HOBBIES_1_009_CA_4,8,damped_trend_exponential_smoothing,10.0,17.83555667176965,damped_trend_exponential_smoothing
HOBBIES_1_009_TX_1,1,damped_trend_exponential_smoothing,7.0,4.462601303950247,damped_trend_exponential_smoothing
HOBBIES_1_009_TX_1,2,damped_trend_exponential_smoothing,10.0,4.462601303950247,damped_trend_exponential_smoothing
HOBBIES_1_009_TX_1,3,damped_trend_exponential_smoothing,0.0,4.462601303950247,damped_trend_exponential_smoothing
HOBBIES_1_009_TX_1,4,damped_trend_exponential_smoothing,2.0,4.462601303950247,damped_trend_exponential_smoothing
HOBBIES_1_009_TX_1,5,damped_trend_exponential_smoothing,2.0,4.462601303950247,damped_trend_exponential_smoothing
HOBBIES_1_009_TX_1,6,damped_trend_exponential_smoothing,6.0,4.462601303950247,damped_trend_exponential_smoothing
HOBBIES_1_009_TX_1,7,damped_trend_exponential_smoothing,0.0,4.462601303950247,damped_trend_exponential_smoothing
HOBBIES_1_009_TX_1,8,damped_trend_exponential_smoothing,2.0,4.462601303950247,damped_trend_exponential_smoothing
HOBBIES_1_009_TX_2,1,damped_trend_exponential_smoothing,5.0,4.1031318424656185,damped_trend_exponential_smoothing
HOBBIES_1_009_TX_2,2,damped_trend_exponential_smoothing,8.0,4.1031318424656185,damped_trend_exponential_smoothing
HOBBIES_1_009_TX_2,3,damped_trend_exponential_smoothing,0.0,4.1031318424656185,damped_trend_exponential_smoothing
HOBBIES_1_009_TX_2,4,damped_trend_exponential_smoothing,0.0,4.1031318424656185,damped_trend_exponential_smoothing
HOBBIES_1_009_TX_2,5,damped_trend_exponential_smoothing,2.0,4.1031318424656185,damped_trend_exponential_smoothing
HOBBIES_1_009_TX_2,6,damped_trend_exponential_smoothing,7.0,4.1031318424656185,damped_trend_exponential_smoothing
HOBBIES_1_009_TX_2,7,damped_trend_exponential_smoothing,7.0,4.1031318424656185,damped_trend_exponential_smoothing
HOBBIES_1_009_TX_2,8,damped_trend_exponential_smoothing,9.0,4.1031318424656185,damped_trend_exponential_smoothing
HOBBIES_1_009_TX_3,1,damped_trend_exponential_smoothing,6.0,3.150374160354784,damped_trend_exponential_smoothing
HOBBIES_1_009_TX_3,2,damped_trend_exponential_smoothing,3.0,3.1475300926198915,damped_trend_exponential_smoothing
HOBBIES_1_009_TX_3,3,damped_trend_exponential_smoothing,1.0,3.1447002452236736,damped_trend_exponential_smoothing
HOBBIES_1_009_TX_3,4,damped_trend_exponential_smoothing,0.0,3.141884547064437,damped_trend_exponential_smoothing
HOBBIES_1_009_TX_3,5,damped_trend_exponential_smoothing,1.0,3.1390829273959966,damped_trend_exponential_smoothing
HOBBIES_1_009_TX_3,6,damped_trend_exponential_smoothing,6.0,3.136295315825898,damped_trend_exponential_smoothing
HOBBIES_1_009_TX_3,7,damped_trend_exponential_smoothing,1.0,3.1335216423136503,damped_trend_exponential_smoothing
HOBBIES_1_009_TX_3,8,damped_trend_exponential_smoothing,0.0,3.130761837168964,damped_trend_exponential_smoothing
HOBBIES_1_009_WI_1,1,damped_trend_exponential_smoothing,5.0,5.41531331788453,damped_trend_exponential_smoothing
HOBBIES_1_009_WI_1,2,damped_trend_exponential_smoothing,8.0,5.413347020699381,damped_trend_exponential_smoothing
HOBBIES_1_009_WI_1,3,damped_trend_exponential_smoothing,0.0,5.411773982951261,damped_trend_exponential_smoothing
HOBBIES_1_009_WI_1,4,damped_trend_exponential_smoothing,0.0,5.4105155527527655,damped_trend_exponential_smoothing
HOBBIES_1_009_WI_1,5,damped_trend_exponential_smoothing,1.0,5.409508808593969,damped_trend_exponential_smoothing
HOBBIES_1_009_WI_1,6,damped_trend_exponential_smoothing,15.0,5.408703413266932,damped_trend_exponential_smoothing
HOBBIES_1_009_WI_1,7,damped_trend_exponential_smoothing,16.0,5.408059097005302,damped_trend_exponential_smoothing
HOBBIES_1_009_WI_1,8,damped_trend_exponential_smoothing,2.0,5.407543643995998,damped_trend_exponential_smoothing
HOBBIES_1_009_WI_2,1,damped_trend_exponential_smoothing,2.0,1.3979862518653332,damped_trend_exponential_smoothing
HOBBIES_1_009_WI_2,2,damped_trend_exponential_smoothing,2.0,1.3979862518653332,damped_trend_exponential_smoothing
HOBBIES_1_009_WI_2,3,damped_trend_exponential_smoothing,0.0,1.3979862518653332,damped_trend_exponential_smoothing
HOBBIES_1_009_WI_2,4,damped_trend_exponential_smoothing,0.0,1.3979862518653332,damped_trend_exponential_smoothing
HOBBIES_1_009_WI_2,5,damped_trend_exponential_smoothing,0.0,1.3979862518653332,damped_trend_exponential_smoothing
HOBBIES_1_009_WI_2,6,damped_trend_exponential_smoothing,3.0,1.3979862518653332,damped_trend_exponential_smoothing
HOBBIES_1_009_WI_2,7,damped_trend_exponential_smoothing,2.0,1.3979862518653332,damped_trend_exponential_smoothing
HOBBIES_1_009_WI_2,8,damped_trend_exponential_smoothing,0.0,1.3979862518653332,damped_trend_exponential_smoothing
HOBBIES_1_009_WI_3,1,damped_trend_exponential_smoothing,2.0,1.934703918537135,damped_trend_exponential_smoothing
HOBBIES_1_009_WI_3,2,damped_trend_exponential_smoothing,1.0,1.933813200375591,damped_trend_exponential_smoothing
HOBBIES_1_009_WI_3,3,damped_trend_exponential_smoothing,0.0,1.9329468216789192,damped_trend_exponential_smoothing
HOBBIES_1_009_WI_3,4,damped_trend_exponential_smoothing,0.0,1.9321041173550892,damped_trend_exponential_smoothing
HOBBIES_1_009_WI_3,5,damped_trend_exponential_smoothing,3.0,1.9312844404861529,damped_trend_exponential_smoothing
HOBBIES_1_009_WI_3,6,damped_trend_exponential_smoothing,2.0,1.9304871618316228,damped_trend_exponential_smoothing
HOBBIES_1_009_WI_3,7,damped_trend_exponential_smoothing,1.0,1.9297116693454264,damped_trend_exponential_smoothing
HOBBIES_1_009_WI_3,8,damped_trend_exponential_smoothing,2.0,1.928957367706056,damped_trend_exponential_smoothing
HOBBIES_1_010_CA_1,1,damped_trend_exponential_smoothing,3.0,4.763873253739418,damped_trend_exponential_smoothing
HOBBIES_1_010_CA_1,2,damped_trend_exponential_smoothing,1.0,4.763873253739418,damped_trend_exponential_smoothing
HOBBIES_1_010_CA_1,3,damped_trend_exponential_smoothing,2.0,4.763873253739418,damped_trend_exponential_smoothing
HOBBIES_1_010_CA_1,4,damped_trend_exponential_smoothing,5.0,4.763873253739418,damped_trend_exponential_smoothing
HOBBIES_1_010_CA_1,5,damped_trend_exponential_smoothing,4.0,4.763873253739418,damped_trend_exponential_smoothing
HOBBIES_1_010_CA_1,6,damped_trend_exponential_smoothing,9.0,4.763873253739418,damped_trend_exponential_smoothing
HOBBIES_1_010_CA_1,7,damped_trend_exponential_smoothing,2.0,4.763873253739418,damped_trend_exponential_smoothing
HOBBIES_1_010_CA_1,8,damped_trend_exponential_smoothing,2.0,4.763873253739418,damped_trend_exponential_smoothing
HOBBIES_1_010_CA_2,1,damped_trend_exponential_smoothing,0.0,0.1160554961715416,damped_trend_exponential_smoothing
HOBBIES_1_010_CA_2,2,damped_trend_exponential_smoothing,0.0,0.1160554961734933,damped_trend_exponential_smoothing
HOBBIES_1_010_CA_2,3,damped_trend_exponential_smoothing,0.0,0.1160554961752186,damped_trend_exponential_smoothing
HOBBIES_1_010_CA_2,4,damped_trend_exponential_smoothing,0.0,0.1160554961767438,damped_trend_exponential_smoothing
HOBBIES_1_010_CA_2,5,damped_trend_exponential_smoothing,0.0,0.116055496178092,damped_trend_exponential_smoothing
HOBBIES_1_010_CA_2,6,damped_trend_exponential_smoothing,1.0,0.1160554961792838,damped_trend_exponential_smoothing
HOBBIES_1_010_CA_2,7,damped_trend_exponential_smoothing,3.0,0.1160554961803374,damped_trend_exponential_smoothing
HOBBIES_1_010_CA_2,8,damped_trend_exponential_smoothing,3.0,0.1160554961812688,damped_trend_exponential_smoothing
HOBBIES_1_010_CA_3,1,damped_trend_exponential_smoothing,1.0,5.141149748264488,damped_trend_exponential_smoothing
HOBBIES_1_010_CA_3,2,damped_trend_exponential_smoothing,4.0,5.141190910643461,damped_trend_exponential_smoothing
HOBBIES_1_010_CA_3,3,damped_trend_exponential_smoothing,4.0,5.141230547124392,damped_trend_exponential_smoothing
HOBBIES_1_010_CA_3,4,damped_trend_exponential_smoothing,3.0,5.141268714272642,damped_trend_exponential_smoothing
HOBBIES_1_010_CA_3,5,damped_trend_exponential_smoothing,6.0,5.141305466556683,damped_trend_exponential_smoothing
HOBBIES_1_010_CA_3,6,damped_trend_exponential_smoothing,7.0,5.1413408564258285,damped_trend_exponential_smoothing
HOBBIES_1_010_CA_3,7,damped_trend_exponential_smoothing,7.0,5.141374934385084,damped_trend_exponential_smoothing
HOBBIES_1_010_CA_3,8,damped_trend_exponential_smoothing,5.0,5.141407749067226,damped_trend_exponential_smoothing
HOBBIES_1_010_CA_4,1,damped_trend_exponential_smoothing,0.0,1.1861137976371303,damped_trend_exponential_smoothing
HOBBIES_1_010_CA_4,2,damped_trend_exponential_smoothing,1.0,1.182458099968065,damped_trend_exponential_smoothing
HOBBIES_1_010_CA_4,3,damped_trend_exponential_smoothing,1.0,1.178820680787345,damped_trend_exponential_smoothing
HOBBIES_1_010_CA_4,4,damped_trend_exponential_smoothing,1.0,1.1752014487025284,damped_trend_exponential_smoothing
HOBBIES_1_010_CA_4,5,damped_trend_exponential_smoothing,0.0,1.1716003127781358,damped_trend_exponential_smoothing
HOBBIES_1_010_CA_4,6,damped_trend_exponential_smoothing,3.0,1.1680171825333654,damped_trend_exponential_smoothing
HOBBIES_1_010_CA_4,7,damped_trend_exponential_smoothing,2.0,1.1644519679398186,damped_trend_exponential_smoothing
HOBBIES_1_010_CA_4,8,damped_trend_exponential_smoothing,0.0,1.16090457941924,damped_trend_exponential_smoothing
HOBBIES_1_010_TX_1,1,damped_trend_exponential_smoothing,6.0,3.6661187415310983,damped_trend_exponential_smoothing
HOBBIES_1_010_TX_1,2,damped_trend_exponential_smoothing,2.0,3.665266439178908,damped_trend_exponential_smoothing
HOBBIES_1_010_TX_1,3,damped_trend_exponential_smoothing,4.0,3.664431109567348,damped_trend_exponential_smoothing
HOBBIES_1_010_TX_1,4,damped_trend_exponential_smoothing,4.0,3.66361241470143,damped_trend_exponential_smoothing
HOBBIES_1_010_TX_1,5,damped_trend_exponential_smoothing,5.0,3.662810023316993,damped_trend_exponential_smoothing
HOBBIES_1_010_TX_1,6,damped_trend_exponential_smoothing,1.0,3.662023610746668,damped_trend_exponential_smoothing
HOBBIES_1_010_TX_1,7,damped_trend_exponential_smoothing,2.0,3.661252858788508,damped_trend_exponential_smoothing
HOBBIES_1_010_TX_1,8,damped_trend_exponential_smoothing,3.0,3.6604974555772376,damped_trend_exponential_smoothing
HOBBIES_1_010_TX_2,1,damped_trend_exponential_smoothing,4.0,4.87210878744308,damped_trend_exponential_smoothing
HOBBIES_1_010_TX_2,2,damped_trend_exponential_smoothing,10.0,4.872108787443083,damped_trend_exponential_smoothing
HOBBIES_1_010_TX_2,3,damped_trend_exponential_smoothing,9.0,4.872108787443087,damped_trend_exponential_smoothing
HOBBIES_1_010_TX_2,4,damped_trend_exponential_smoothing,7.0,4.872108787443089,damped_trend_exponential_smoothing
HOBBIES_1_010_TX_2,5,damped_trend_exponential_smoothing,6.0,4.872108787443091,damped_trend_exponential_smoothing
HOBBIES_1_010_TX_2,6,damped_trend_exponential_smoothing,8.0,4.872108787443094,damped_trend_exponential_smoothing
HOBBIES_1_010_TX_2,7,damped_trend_exponential_smoothing,11.0,4.872108787443095,damped_trend_exponential_smoothing
HOBBIES_1_010_TX_2,8,damped_trend_exponential_smoothing,4.0,4.872108787443096,damped_trend_exponential_smoothing
HOBBIES_1_010_TX_3,1,damped_trend_exponential_smoothing,3.0,4.209181888897974,damped_trend_exponential_smoothing
HOBBIES_1_010_TX_3,2,damped_trend_exponential_smoothing,4.0,4.209181888897974,damped_trend_exponential_smoothing
HOBBIES_1_010_TX_3,3,damped_trend_exponential_smoothing,4.0,4.209181888897974,damped_trend_exponential_smoothing
HOBBIES_1_010_TX_3,4,damped_trend_exponential_smoothing,5.0,4.209181888897974,damped_trend_exponential_smoothing
HOBBIES_1_010_TX_3,5,damped_trend_exponential_smoothing,3.0,4.209181888897974,damped_trend_exponential_smoothing
HOBBIES_1_010_TX_3,6,damped_trend_exponential_smoothing,6.0,4.209181888897974,damped_trend_exponential_smoothing
HOBBIES_1_010_TX_3,7,damped_trend_exponential_smoothing,5.0,4.209181888897974,damped_trend_exponential_smoothing
HOBBIES_1_010_TX_3,8,damped_trend_exponential_smoothing,6.0,4.209181888897974,damped_trend_exponential_smoothing
HOBBIES_1_010_WI_1,1,damped_trend_exponential_smoothing,5.0,3.7303423549940047,damped_trend_exponential_smoothing
HOBBIES_1_010_WI_1,2,damped_trend_exponential_smoothing,6.0,3.730290697846623,damped_trend_exponential_smoothing
HOBBIES_1_010_WI_1,3,damped_trend_exponential_smoothing,4.0,3.730240731825888,damped_trend_exponential_smoothing
HOBBIES_1_010_WI_1,4,damped_trend_exponential_smoothing,3.0,3.7301924015685146,damped_trend_exponential_smoothing
HOBBIES_1_010_WI_1,5,damped_trend_exponential_smoothing,4.0,3.730145653523675,damped_trend_exponential_smoothing
HOBBIES_1_010_WI_1,6,damped_trend_exponential_smoothing,4.0,3.730100435893664,damped_trend_exponential_smoothing
HOBBIES_1_010_WI_1,7,damped_trend_exponential_smoothing,6.0,3.730056698576502,damped_trend_exponential_smoothing
HOBBIES_1_010_WI_1,8,damped_trend_exponential_smoothing,2.0,3.730014393110424,damped_trend_exponential_smoothing
HOBBIES_1_010_WI_2,1,damped_trend_exponential_smoothing,0.0,2.2704297578592585,damped_trend_exponential_smoothing
HOBBIES_1_010_WI_2,2,damped_trend_exponential_smoothing,0.0,2.2704297578592585,damped_trend_exponential_smoothing
HOBBIES_1_010_WI_2,3,damped_trend_exponential_smoothing,0.0,2.2704297578592585,damped_trend_exponential_smoothing
HOBBIES_1_010_WI_2,4,damped_trend_exponential_smoothing,1.0,2.2704297578592585,damped_trend_exponential_smoothing
HOBBIES_1_010_WI_2,5,damped_trend_exponential_smoothing,5.0,2.2704297578592585,damped_trend_exponential_smoothing
HOBBIES_1_010_WI_2,6,damped_trend_exponential_smoothing,1.0,2.2704297578592585,damped_trend_exponential_smoothing
HOBBIES_1_010_WI_2,7,damped_trend_exponential_smoothing,2.0,2.2704297578592585,damped_trend_exponential_smoothing
HOBBIES_1_010_WI_2,8,damped_trend_exponential_smoothing,2.0,2.2704297578592585,damped_trend_exponential_smoothing
HOBBIES_1_010_WI_3,1,damped_trend_exponential_smoothing,3.0,2.376738321781736,damped_trend_exponential_smoothing
HOBBIES_1_010_WI_3,2,damped_trend_exponential_smoothing,3.0,2.365267887547311,damped_trend_exponential_smoothing
HOBBIES_1_010_WI_3,3,damped_trend_exponential_smoothing,4.0,2.3538548054840587,damped_trend_exponential_smoothing
HOBBIES_1_010_WI_3,4,damped_trend_exponential_smoothing,5.0,2.342498788831122,damped_trend_exponential_smoothing
HOBBIES_1_010_WI_3,5,damped_trend_exponential_smoothing,4.0,2.3311995522614506,damped_trend_exponential_smoothing
HOBBIES_1_010_WI_3,6,damped_trend_exponential_smoothing,5.0,2.3199568118746274,damped_trend_exponential_smoothing
HOBBIES_1_010_WI_3,7,damped_trend_exponential_smoothing,5.0,2.3087702851897385,damped_trend_exponential_smoothing
HOBBIES_1_010_WI_3,8,damped_trend_exponential_smoothing,2.0,2.297639691138274,damped_trend_exponential_smoothing
HOUSEHOLD_1_001_CA_1,1,damped_trend_exponential_smoothing,2.0,5.1664877223698165,damped_trend_exponential_smoothing
HOUSEHOLD_1_001_CA_1,2,damped_trend_exponential_smoothing,5.0,5.168946668322602,damped_trend_exponential_smoothing
HOUSEHOLD_1_001_CA_1,3,damped_trend_exponential_smoothing,2.0,5.171393319545624,damped_trend_exponential_smoothing
HOUSEHOLD_1_001_CA_1,4,damped_trend_exponential_smoothing,1.0,5.17382773751253,damped_trend_exponential_smoothing
HOUSEHOLD_1_001_CA_1,5,damped_trend_exponential_smoothing,4.0,5.176249983389603,damped_trend_exponential_smoothing
HOUSEHOLD_1_001_CA_1,6,damped_trend_exponential_smoothing,3.0,5.178660118037289,damped_trend_exponential_smoothing
HOUSEHOLD_1_001_CA_1,7,damped_trend_exponential_smoothing,1.0,5.181058202011738,damped_trend_exponential_smoothing
HOUSEHOLD_1_001_CA_1,8,damped_trend_exponential_smoothing,3.0,5.183444295566314,damped_trend_exponential_smoothing
HOUSEHOLD_1_001_CA_2,1,damped_trend_exponential_smoothing,4.0,4.640178870288458,damped_trend_exponential_smoothing
HOUSEHOLD_1_001_CA_2,2,damped_trend_exponential_smoothing,8.0,4.640178870283705,damped_trend_exponential_smoothing
HOUSEHOLD_1_001_CA_2,3,damped_trend_exponential_smoothing,6.0,4.640178870279482,damped_trend_exponential_smoothing
HOUSEHOLD_1_001_CA_2,4,damped_trend_exponential_smoothing,4.0,4.640178870275728,damped_trend_exponential_smoothing
HOUSEHOLD_1_001_CA_2,5,damped_trend_exponential_smoothing,4.0,4.640178870272391,damped_trend_exponential_smoothing
HOUSEHOLD_1_001_CA_2,6,damped_trend_exponential_smoothing,6.0,4.640178870269424,damped_trend_exponential_smoothing
HOUSEHOLD_1_001_CA_2,7,damped_trend_exponential_smoothing,11.0,4.640178870266788,damped_trend_exponential_smoothing
HOUSEHOLD_1_001_CA_2,8,damped_trend_exponential_smoothing,7.0,4.640178870264445,damped_trend_exponential_smoothing
HOUSEHOLD_1_001_CA_3,1,damped_trend_exponential_smoothing,4.0,0.5112324953134776,damped_trend_exponential_smoothing
HOUSEHOLD_1_001_CA_3,2,damped_trend_exponential_smoothing,3.0,0.5319951548933978,damped_trend_exponential_smoothing
HOUSEHOLD_1_001_CA_3,3,damped_trend_exponential_smoothing,4.0,0.548605282557334,damped_trend_exponential_smoothing
HOUSEHOLD_1_001_CA_3,4,damped_trend_exponential_smoothing,4.0,0.5618933846884829,damped_trend_exponential_smoothing
HOUSEHOLD_1_001_CA_3,5,damped_trend_exponential_smoothing,6.0,0.572523866393402,damped_trend_exponential_smoothing
HOUSEHOLD_1_001_CA_3,6,damped_trend_exponential_smoothing,7.0,0.5810282517573373,damped_trend_exponential_smoothing
HOUSEHOLD_1_001_CA_3,7,damped_trend_exponential_smoothing,7.0,0.5878317600484856,damped_trend_exponential_smoothing
HOUSEHOLD_1_001_CA_3,8,damped_trend_exponential_smoothing,6.0,0.5932745666814042,damped_trend_exponential_smoothing
HOUSEHOLD_1_001_CA_4,1,damped_trend_exponential_smoothing,0.0,3.3541924317158527,damped_trend_exponential_smoothing
HOUSEHOLD_1_001_CA_4,2,damped_trend_exponential_smoothing,4.0,3.3541924317158527,damped_trend_exponential_smoothing
HOUSEHOLD_1_001_CA_4,3,damped_trend_exponential_smoothing,5.0,3.3541924317158527,damped_trend_exponential_smoothing
HOUSEHOLD_1_001_CA_4,4,damped_trend_exponential_smoothing,2.0,3.3541924317158527,damped_trend_exponential_smoothing
HOUSEHOLD_1_001_CA_4,5,damped_trend_exponential_smoothing,2.0,3.3541924317158527,damped_trend_exponential_smoothing
HOUSEHOLD_1_001_CA_4,6,damped_trend_exponential_smoothing,4.0,3.3541924317158527,damped_trend_exponential_smoothing
HOUSEHOLD_1_001_CA_4,7,damped_trend_exponential_smoothing,4.0,3.3541924317158527,damped_trend_exponential_smoothing
HOUSEHOLD_1_001_CA_4,8,damped_trend_exponential_smoothing,4.0,3.3541924317158527,damped_trend_exponential_smoothing
HOUSEHOLD_1_001_TX_1,1,damped_trend_exponential_smoothing,2.0,2.4074599236237293,damped_trend_exponential_smoothing
HOUSEHOLD_1_001_TX_1,2,damped_trend_exponential_smoothing,2.0,2.4074599236237293,damped_trend_exponential_smoothing
HOUSEHOLD_1_001_TX_1,3,damped_trend_exponential_smoothing,2.0,2.4074599236237293,damped_trend_exponential_smoothing
HOUSEHOLD_1_001_TX_1,4,damped_trend_exponential_smoothing,2.0,2.4074599236237293,damped_trend_exponential_smoothing
HOUSEHOLD_1_001_TX_1,5,damped_trend_exponential_smoothing,0.0,2.4074599236237293,damped_trend_exponential_smoothing
HOUSEHOLD_1_001_TX_1,6,damped_trend_exponential_smoothing,4.0,2.4074599236237293,damped_trend_exponential_smoothing
HOUSEHOLD_1_001_TX_1,7,damped_trend_exponential_smoothing,1.0,2.4074599236237293,damped_trend_exponential_smoothing
HOUSEHOLD_1_001_TX_1,8,damped_trend_exponential_smoothing,1.0,2.4074599236237293,damped_trend_exponential_smoothing
HOUSEHOLD_1_001_TX_2,1,damped_trend_exponential_smoothing,0.0,1.488344814576974,damped_trend_exponential_smoothing
HOUSEHOLD_1_001_TX_2,2,damped_trend_exponential_smoothing,0.0,1.488307234315517,damped_trend_exponential_smoothing
HOUSEHOLD_1_001_TX_2,3,damped_trend_exponential_smoothing,0.0,1.488271046616137,damped_trend_exponential_smoothing
HOUSEHOLD_1_001_TX_2,4,damped_trend_exponential_smoothing,2.0,1.4882361998765017,damped_trend_exponential_smoothing
HOUSEHOLD_1_001_TX_2,5,damped_trend_exponential_smoothing,0.0,1.4882026444064371,damped_trend_exponential_smoothing
HOUSEHOLD_1_001_TX_2,6,damped_trend_exponential_smoothing,2.0,1.4881703323570754,damped_trend_exponential_smoothing
HOUSEHOLD_1_001_TX_2,7,damped_trend_exponential_smoothing,0.0,1.4881392176526178,damped_trend_exponential_smoothing
HOUSEHOLD_1_001_TX_2,8,damped_trend_exponential_smoothing,1.0,1.488109255924637,damped_trend_exponential_smoothing
HOUSEHOLD_1_001_TX_3,1,damped_trend_exponential_smoothing,2.0,0.901772048883634,damped_trend_exponential_smoothing
HOUSEHOLD_1_001_TX_3,2,damped_trend_exponential_smoothing,1.0,0.9288371692912925,damped_trend_exponential_smoothing
HOUSEHOLD_1_001_TX_3,3,damped_trend_exponential_smoothing,1.0,0.9515724957821992,damped_trend_exponential_smoothing
HOUSEHOLD_1_001_TX_3,4,damped_trend_exponential_smoothing,0.0,0.9706706953417278,damped_trend_exponential_smoothing
HOUSEHOLD_1_001_TX_3,5,damped_trend_exponential_smoothing,0.0,0.9867136242418892,damped_trend_exponential_smoothing
HOUSEHOLD_1_001_TX_3,6,damped_trend_exponential_smoothing,0.0,1.0001900551951528,damped_trend_exponential_smoothing
HOUSEHOLD_1_001_TX_3,7,damped_trend_exponential_smoothing,0.0,1.0115105685732466,damped_trend_exponential_smoothing
HOUSEHOLD_1_001_TX_3,8,damped_trend_exponential_smoothing,1.0,1.021020061375015,damped_trend_exponential_smoothing
HOUSEHOLD_1_001_WI_1,1,damped_trend_exponential_smoothing,5.0,11.133366193790817,damped_trend_exponential_smoothing
HOUSEHOLD_1_001_WI_1,2,damped_trend_exponential_smoothing,7.0,11.151911513657977,damped_trend_exponential_smoothing
HOUSEHOLD_1_001_WI_1,3,damped_trend_exponential_smoothing,8.0,11.170364106925804,damped_trend_exponential_smoothing
HOUSEHOLD_1_001_WI_1,4,damped_trend_exponential_smoothing,7.0,11.18872443722729,damped_trend_exponential_smoothing
HOUSEHOLD_1_001_WI_1,5,damped_trend_exponential_smoothing,7.0,11.20699296587727,damped_trend_exponential_smoothing
HOUSEHOLD_1_001_WI_1,6,damped_trend_exponential_smoothing,6.0,11.225170151884,damped_trend_exponential_smoothing
HOUSEHOLD_1_001_WI_1,7,damped_trend_exponential_smoothing,8.0,11.243256451960692,damped_trend_exponential_smoothing
HOUSEHOLD_1_001_WI_1,8,damped_trend_exponential_smoothing,7.0,11.261252320537006,damped_trend_exponential_smoothing
HOUSEHOLD_1_001_WI_2,1,damped_trend_exponential_smoothing,0.0,1.4406320291139598,damped_trend_exponential_smoothing
HOUSEHOLD_1_001_WI_2,2,damped_trend_exponential_smoothing,0.0,1.4406325896180283,damped_trend_exponential_smoothing
HOUSEHOLD_1_001_WI_2,3,damped_trend_exponential_smoothing,1.0,1.440633120335433,damped_trend_exponential_smoothing
HOUSEHOLD_1_001_WI_2,4,damped_trend_exponential_smoothing,4.0,1.4406336228491148,damped_trend_exponential_smoothing
HOUSEHOLD_1_001_WI_2,5,damped_trend_exponential_smoothing,1.0,1.4406340986578945,damped_trend_exponential_smoothing
HOUSEHOLD_1_001_WI_2,6,damped_trend_exponential_smoothing,3.0,1.4406345491809402,damped_trend_exponential_smoothing
HOUSEHOLD_1_001_WI_2,7,damped_trend_exponential_smoothing,4.0,1.4406349757620036,damped_trend_exponential_smoothing
HOUSEHOLD_1_001_WI_2,8,damped_trend_exponential_smoothing,6.0,1.440635379673424,damped_trend_exponential_smoothing
HOUSEHOLD_1_001_WI_3,1,damped_trend_exponential_smoothing,3.0,2.806164540516765,damped_trend_exponential_smoothing
HOUSEHOLD_1_001_WI_3,2,damped_trend_exponential_smoothing,0.0,2.808344286486581,damped_trend_exponential_smoothing
HOUSEHOLD_1_001_WI_3,3,damped_trend_exponential_smoothing,0.0,2.810088083262434,damped_trend_exponential_smoothing
HOUSEHOLD_1_001_WI_3,4,damped_trend_exponential_smoothing,2.0,2.811483120683117,damped_trend_exponential_smoothing
HOUSEHOLD_1_001_WI_3,5,damped_trend_exponential_smoothing,2.0,2.812599150619663,damped_trend_exponential_smoothing
HOUSEHOLD_1_001_WI_3,6,damped_trend_exponential_smoothing,2.0,2.8134919745689,damped_trend_exponential_smoothing
HOUSEHOLD_1_001_WI_3,7,damped_trend_exponential_smoothing,2.0,2.814206233728289,damped_trend_exponential_smoothing
HOUSEHOLD_1_001_WI_3,8,damped_trend_exponential_smoothing,1.0,2.8147776410558007,damped_trend_exponential_smoothing
HOUSEHOLD_1_002_CA_1,1,damped_trend_exponential_smoothing,0.0,0.7837808833880766,damped_trend_exponential_smoothing
HOUSEHOLD_1_002_CA_1,2,damped_trend_exponential_smoothing,0.0,0.7837808833880766,damped_trend_exponential_smoothing
HOUSEHOLD_1_002_CA_1,3,damped_trend_exponential_smoothing,0.0,0.7837808833880766,damped_trend_exponential_smoothing
HOUSEHOLD_1_002_CA_1,4,damped_trend_exponential_smoothing,0.0,0.7837808833880766,damped_trend_exponential_smoothing
HOUSEHOLD_1_002_CA_1,5,damped_trend_exponential_smoothing,0.0,0.7837808833880766,damped_trend_exponential_smoothing
HOUSEHOLD_1_002_CA_1,6,damped_trend_exponential_smoothing,0.0,0.7837808833880766,damped_trend_exponential_smoothing
HOUSEHOLD_1_002_CA_1,7,damped_trend_exponential_smoothing,0.0,0.7837808833880766,damped_trend_exponential_smoothing
HOUSEHOLD_1_002_CA_1,8,damped_trend_exponential_smoothing,1.0,0.7837808833880766,damped_trend_exponential_smoothing
HOUSEHOLD_1_002_CA_2,1,damped_trend_exponential_smoothing,8.0,5.120667053536012,damped_trend_exponential_smoothing
HOUSEHOLD_1_002_CA_2,2,damped_trend_exponential_smoothing,8.0,5.120667053624971,damped_trend_exponential_smoothing
HOUSEHOLD_1_002_CA_2,3,damped_trend_exponential_smoothing,7.0,5.120667053704561,damped_trend_exponential_smoothing
HOUSEHOLD_1_002_CA_2,4,damped_trend_exponential_smoothing,11.0,5.120667053775767,damped_trend_exponential_smoothing
HOUSEHOLD_1_002_CA_2,5,damped_trend_exponential_smoothing,12.0,5.1206670538394725,damped_trend_exponential_smoothing
HOUSEHOLD_1_002_CA_2,6,damped_trend_exponential_smoothing,6.0,5.120667053896469,damped_trend_exponential_smoothing
HOUSEHOLD_1_002_CA_2,7,damped_trend_exponential_smoothing,10.0,5.120667053947462,damped_trend_exponential_smoothing
HOUSEHOLD_1_002_CA_2,8,damped_trend_exponential_smoothing,5.0,5.120667053993083,damped_trend_exponential_smoothing
HOUSEHOLD_1_002_CA_3,1,damped_trend_exponential_smoothing,3.0,5.863121685133856,damped_trend_exponential_smoothing
HOUSEHOLD_1_002_CA_3,2,damped_trend_exponential_smoothing,4.0,5.863121685133856,damped_trend_exponential_smoothing
HOUSEHOLD_1_002_CA_3,3,damped_trend_exponential_smoothing,7.0,5.863121685133856,damped_trend_exponential_smoothing
HOUSEHOLD_1_002_CA_3,4,damped_trend_exponential_smoothing,2.0,5.863121685133856,damped_trend_exponential_smoothing
HOUSEHOLD_1_002_CA_3,5,damped_trend_exponential_smoothing,13.0,5.863121685133856,damped_trend_exponential_smoothing
HOUSEHOLD_1_002_CA_3,6,damped_trend_exponential_smoothing,4.0,5.863121685133856,damped_trend_exponential_smoothing
HOUSEHOLD_1_002_CA_3,7,damped_trend_exponential_smoothing,3.0,5.863121685133856,damped_trend_exponential_smoothing
HOUSEHOLD_1_002_CA_3,8,damped_trend_exponential_smoothing,3.0,5.863121685133856,damped_trend_exponential_smoothing
HOUSEHOLD_1_002_CA_4,1,damped_trend_exponential_smoothing,5.0,7.015340169923896,damped_trend_exponential_smoothing
HOUSEHOLD_1_002_CA_4,2,damped_trend_exponential_smoothing,9.0,7.022463169293767,damped_trend_exponential_smoothing
HOUSEHOLD_1_002_CA_4,3,damped_trend_exponential_smoothing,8.0,7.029550553666789,damped_trend_exponential_smoothing
HOUSEHOLD_1_002_CA_4,4,damped_trend_exponential_smoothing,5.0,7.0366025011179465,damped_trend_exponential_smoothing
HOUSEHOLD_1_002_CA_4,5,damped_trend_exponential_smoothing,0.0,7.043619188831848,damped_trend_exponential_smoothing
HOUSEHOLD_1_002_CA_4,6,damped_trend_exponential_smoothing,1.0,7.050600793107179,damped_trend_exponential_smoothing
HOUSEHOLD_1_002_CA_4,7,damped_trend_exponential_smoothing,5.0,7.057547489361134,damped_trend_exponential_smoothing
HOUSEHOLD_1_002_CA_4,8,damped_trend_exponential_smoothing,10.0,7.06445945213382,damped_trend_exponential_smoothing
HOUSEHOLD_1_002_TX_1,1,damped_trend_exponential_smoothing,0.0,2.637102443739745,damped_trend_exponential_smoothing
HOUSEHOLD_1_002_TX_1,2,damped_trend_exponential_smoothing,0.0,2.637102443739745,damped_trend_exponential_smoothing
HOUSEHOLD_1_002_TX_1,3,damped_trend_exponential_smoothing,0.0,2.637102443739745,damped_trend_exponential_smoothing
HOUSEHOLD_1_002_TX_1,4,damped_trend_exponential_smoothing,1.0,2.637102443739745,damped_trend_exponential_smoothing
HOUSEHOLD_1_002_TX_1,5,damped_trend_exponential_smoothing,1.0,2.637102443739745,damped_trend_exponential_smoothing
HOUSEHOLD_1_002_TX_1,6,damped_trend_exponential_smoothing,0.0,2.637102443739744,damped_trend_exponential_smoothing
HOUSEHOLD_1_002_TX_1,7,damped_trend_exponential_smoothing,1.0,2.637102443739744,damped_trend_exponential_smoothing
HOUSEHOLD_1_002_TX_1,8,damped_trend_exponential_smoothing,4.0,2.637102443739744,damped_trend_exponential_smoothing
HOUSEHOLD_1_002_TX_2,1,damped_trend_exponential_smoothing,4.0,4.697993142006938,damped_trend_exponential_smoothing
HOUSEHOLD_1_002_TX_2,2,damped_trend_exponential_smoothing,5.0,4.697993142006938,damped_trend_exponential_smoothing
HOUSEHOLD_1_002_TX_2,3,damped_trend_exponential_smoothing,7.0,4.697993142006938,damped_trend_exponential_smoothing
HOUSEHOLD_1_002_TX_2,4,damped_trend_exponential_smoothing,1.0,4.697993142006938,damped_trend_exponential_smoothing
HOUSEHOLD_1_002_TX_2,5,damped_trend_exponential_smoothing,8.0,4.697993142006938,damped_trend_exponential_smoothing
HOUSEHOLD_1_002_TX_2,6,damped_trend_exponential_smoothing,2.0,4.697993142006938,damped_trend_exponential_smoothing
HOUSEHOLD_1_002_TX_2,7,damped_trend_exponential_smoothing,7.0,4.697993142006938,damped_trend_exponential_smoothing
HOUSEHOLD_1_002_TX_2,8,damped_trend_exponential_smoothing,3.0,4.697993142006938,damped_trend_exponential_smoothing
HOUSEHOLD_1_002_TX_3,1,damped_trend_exponential_smoothing,0.0,1.354365709916114,damped_trend_exponential_smoothing
HOUSEHOLD_1_002_TX_3,2,damped_trend_exponential_smoothing,0.0,1.3543658636620002,damped_trend_exponential_smoothing
HOUSEHOLD_1_002_TX_3,3,damped_trend_exponential_smoothing,3.0,1.354366008200876,damped_trend_exponential_smoothing
HOUSEHOLD_1_002_TX_3,4,damped_trend_exponential_smoothing,0.0,1.354366144084099,damped_trend_exponential_smoothing
HOUSEHOLD_1_002_TX_3,5,damped_trend_exponential_smoothing,0.0,1.35436627183001,damped_trend_exponential_smoothing
HOUSEHOLD_1_002_TX_3,6,damped_trend_exponential_smoothing,0.0,1.3543663919259084,damped_trend_exponential_smoothing
HOUSEHOLD_1_002_TX_3,7,damped_trend_exponential_smoothing,0.0,1.354366504829912,damped_trend_exponential_smoothing
HOUSEHOLD_1_002_TX_3,8,damped_trend_exponential_smoothing,0.0,1.3543666109727048,damped_trend_exponential_smoothing
HOUSEHOLD_1_002_WI_1,1,damped_trend_exponential_smoothing,11.0,10.87408335316288,damped_trend_exponential_smoothing
HOUSEHOLD_1_002_WI_1,2,damped_trend_exponential_smoothing,9.0,10.875045401124522,damped_trend_exponential_smoothing
HOUSEHOLD_1_002_WI_1,3,damped_trend_exponential_smoothing,7.0,10.875983270610762,damped_trend_exponential_smoothing
HOUSEHOLD_1_002_WI_1,4,damped_trend_exponential_smoothing,4.0,10.876897569282232,damped_trend_exponential_smoothing
HOUSEHOLD_1_002_WI_1,5,damped_trend_exponential_smoothing,6.0,10.877788889527658,damped_trend_exponential_smoothing
HOUSEHOLD_1_002_WI_1,6,damped_trend_exponential_smoothing,8.0,10.878657808847674,damped_trend_exponential_smoothing
HOUSEHOLD_1_002_WI_1,7,damped_trend_exponential_smoothing,11.0,10.879504890229,damped_trend_exponential_smoothing
HOUSEHOLD_1_002_WI_1,8,damped_trend_exponential_smoothing,5.0,10.8803306825092,damped_trend_exponential_smoothing
HOUSEHOLD_1_002_WI_2,1,damped_trend_exponential_smoothing,5.0,4.581167094387315,damped_trend_exponential_smoothing
HOUSEHOLD_1_002_WI_2,2,damped_trend_exponential_smoothing,5.0,4.581166614655472,damped_trend_exponential_smoothing
HOUSEHOLD_1_002_WI_2,3,damped_trend_exponential_smoothing,3.0,4.581166163339898,damped_trend_exponential_smoothing
HOUSEHOLD_1_002_WI_2,4,damped_trend_exponential_smoothing,2.0,4.5811657387573925,damped_trend_exponential_smoothing
HOUSEHOLD_1_002_WI_2,5,damped_trend_exponential_smoothing,3.0,4.581165339324459,damped_trend_exponential_smoothing
HOUSEHOLD_1_002_WI_2,6,damped_trend_exponential_smoothing,2.0,4.581164963551396,damped_trend_exponential_smoothing
HOUSEHOLD_1_002_WI_2,7,damped_trend_exponential_smoothing,0.0,4.581164610036745,damped_trend_exponential_smoothing
HOUSEHOLD_1_002_WI_2,8,damped_trend_exponential_smoothing,4.0,4.581164277462056,damped_trend_exponential_smoothing
HOUSEHOLD_1_002_WI_3,1,damped_trend_exponential_smoothing,3.0,1.824312931285768,damped_trend_exponential_smoothing
HOUSEHOLD_1_002_WI_3,2,damped_trend_exponential_smoothing,2.0,1.824312931285768,damped_trend_exponential_smoothing
HOUSEHOLD_1_002_WI_3,3,damped_trend_exponential_smoothing,1.0,1.824312931285768,damped_trend_exponential_smoothing
HOUSEHOLD_1_002_WI_3,4,damped_trend_exponential_smoothing,1.0,1.824312931285768,damped_trend_exponential_smoothing
HOUSEHOLD_1_002_WI_3,5,damped_trend_exponential_smoothing,2.0,1.824312931285768,damped_trend_exponential_smoothing
HOUSEHOLD_1_002_WI_3,6,damped_trend_exponential_smoothing,0.0,1.824312931285768,damped_trend_exponential_smoothing
HOUSEHOLD_1_002_WI_3,7,damped_trend_exponential_smoothing,2.0,1.824312931285768,damped_trend_exponential_smoothing
HOUSEHOLD_1_002_WI_3,8,damped_trend_exponential_smoothing,1.0,1.824312931285768,damped_trend_exponential_smoothing
HOUSEHOLD_1_003_CA_1,1,damped_trend_exponential_smoothing,6.0,4.849682440202063,damped_trend_exponential_smoothing
HOUSEHOLD_1_003_CA_1,2,damped_trend_exponential_smoothing,6.0,4.858030254210153,damped_trend_exponential_smoothing
HOUSEHOLD_1_003_CA_1,3,damped_trend_exponential_smoothing,5.0,4.866290905818014,damped_trend_exponential_smoothing
HOUSEHOLD_1_003_CA_1,4,damped_trend_exponential_smoothing,12.0,4.874465305118279,damped_trend_exponential_smoothing
HOUSEHOLD_1_003_CA_1,5,damped_trend_exponential_smoothing,7.0,4.882554352700987,damped_trend_exponential_smoothing
HOUSEHOLD_1_003_CA_1,6,damped_trend_exponential_smoothing,5.0,4.89055893975281,damped_trend_exponential_smoothing
HOUSEHOLD_1_003_CA_1,7,damped_trend_exponential_smoothing,7.0,4.898479948155228,damped_trend_exponential_smoothing
HOUSEHOLD_1_003_CA_1,8,damped_trend_exponential_smoothing,4.0,4.906318250581698,damped_trend_exponential_smoothing
HOUSEHOLD_1_003_CA_2,1,damped_trend_exponential_smoothing,6.0,9.108547058914755,damped_trend_exponential_smoothing
HOUSEHOLD_1_003_CA_2,2,damped_trend_exponential_smoothing,5.0,9.126353571922596,damped_trend_exponential_smoothing
HOUSEHOLD_1_003_CA_2,3,damped_trend_exponential_smoothing,3.0,9.144016540074771,damped_trend_exponential_smoothing
HOUSEHOLD_1_003_CA_2,4,damped_trend_exponential_smoothing,3.0,9.161537120539196,damped_trend_exponential_smoothing
HOUSEHOLD_1_003_CA_2,5,damped_trend_exponential_smoothing,4.0,9.178916461155437,damped_trend_exponential_smoothing
HOUSEHOLD_1_003_CA_2,6,damped_trend_exponential_smoothing,5.0,9.19615570050989,damped_trend_exponential_smoothing
HOUSEHOLD_1_003_CA_2,7,damped_trend_exponential_smoothing,5.0,9.213255968010404,damped_trend_exponential_smoothing
HOUSEHOLD_1_003_CA_2,8,damped_trend_exponential_smoothing,3.0,9.230218383960242,damped_trend_exponential_smoothing
HOUSEHOLD_1_003_CA_3,1,damped_trend_exponential_smoothing,17.0,17.974473618029105,damped_trend_exponential_smoothing
HOUSEHOLD_1_003_CA_3,2,damped_trend_exponential_smoothing,15.0,18.02096995699057,damped_trend_exponential_smoothing
HOUSEHOLD_1_003_CA_3,3,damped_trend_exponential_smoothing,10.0,18.06723381425721,damped_trend_exponential_smoothing
HOUSEHOLD_1_003_CA_3,4,damped_trend_exponential_smoothing,9.0,18.11326635223753,damped_trend_exponential_smoothing
HOUSEHOLD_1_003_CA_3,5,damped_trend_exponential_smoothing,15.0,18.159068727527952,damped_trend_exponential_smoothing
HOUSEHOLD_1_003_CA_3,6,damped_trend_exponential_smoothing,12.0,18.204642090941917,damped_trend_exponential_smoothing
HOUSEHOLD_1_003_CA_3,7,damped_trend_exponential_smoothing,6.0,18.249987587538808,damped_trend_exponential_smoothing
HOUSEHOLD_1_003_CA_3,8,damped_trend_exponential_smoothing,5.0,18.29510635665272,damped_trend_exponential_smoothing
HOUSEHOLD_1_003_CA_4,1,damped_trend_exponential_smoothing,4.0,3.6105403048374334,damped_trend_exponential_smoothing
HOUSEHOLD_1_003_CA_4,2,damped_trend_exponential_smoothing,5.0,3.6175134227092656,damped_trend_exponential_smoothing
HOUSEHOLD_1_003_CA_4,3,damped_trend_exponential_smoothing,1.0,3.6244119437781546,damped_trend_exponential_smoothing
HOUSEHOLD_1_003_CA_4,4,damped_trend_exponential_smoothing,2.0,3.631236666063452,damped_trend_exponential_smoothing
HOUSEHOLD_1_003_CA_4,5,damped_trend_exponential_smoothing,2.0,3.637988379047484,damped_trend_exponential_smoothing
HOUSEHOLD_1_003_CA_4,6,damped_trend_exponential_smoothing,3.0,3.6446678637668777,damped_trend_exponential_smoothing
HOUSEHOLD_1_003_CA_4,7,damped_trend_exponential_smoothing,3.0,3.65127589290291,damped_trend_exponential_smoothing
HOUSEHOLD_1_003_CA_4,8,damped_trend_exponential_smoothing,2.0,3.657813230870892,damped_trend_exponential_smoothing
HOUSEHOLD_1_003_TX_1,1,damped_trend_exponential_smoothing,3.0,1.9226288491227808,damped_trend_exponential_smoothing
HOUSEHOLD_1_003_TX_1,2,damped_trend_exponential_smoothing,2.0,1.9255656442334244,damped_trend_exponential_smoothing
HOUSEHOLD_1_003_TX_1,3,damped_trend_exponential_smoothing,5.0,1.9284683289569484,damped_trend_exponential_smoothing
HOUSEHOLD_1_003_TX_1,4,damped_trend_exponential_smoothing,1.0,1.93133729947983,damped_trend_exponential_smoothing
HOUSEHOLD_1_003_TX_1,5,damped_trend_exponential_smoothing,1.0,1.9341729473869065,damped_trend_exponential_smoothing
HOUSEHOLD_1_003_TX_1,6,damped_trend_exponential_smoothing,1.0,1.936975659714822,damped_trend_exponential_smoothing
HOUSEHOLD_1_003_TX_1,7,damped_trend_exponential_smoothing,2.0,1.9397458190048549,damped_trend_exponential_smoothing
HOUSEHOLD_1_003_TX_1,8,damped_trend_exponential_smoothing,1.0,1.9424838033551295,damped_trend_exponential_smoothing
HOUSEHOLD_1_003_TX_2,1,damped_trend_exponential_smoothing,2.0,2.6313113072235303,damped_trend_exponential_smoothing
HOUSEHOLD_1_003_TX_2,2,damped_trend_exponential_smoothing,1.0,2.634613148526737,damped_trend_exponential_smoothing
HOUSEHOLD_1_003_TX_2,3,damped_trend_exponential_smoothing,3.0,2.637869477089857,damped_trend_exponential_smoothing
HOUSEHOLD_1_003_TX_2,4,damped_trend_exponential_smoothing,1.0,2.641080920262699,damped_trend_exponential_smoothing
HOUSEHOLD_1_003_TX_2,5,damped_trend_exponential_smoothing,2.0,2.644248096747652,damped_trend_exponential_smoothing
HOUSEHOLD_1_003_TX_2,6,damped_trend_exponential_smoothing,1.0,2.64737161671888,damped_trend_exponential_smoothing
HOUSEHOLD_1_003_TX_2,7,damped_trend_exponential_smoothing,0.0,2.65045208193988,damped_trend_exponential_smoothing
HOUSEHOLD_1_003_TX_2,8,damped_trend_exponential_smoothing,3.0,2.6534900858794077,damped_trend_exponential_smoothing
HOUSEHOLD_1_003_TX_3,1,damped_trend_exponential_smoothing,3.0,2.306916594202034,damped_trend_exponential_smoothing
HOUSEHOLD_1_003_TX_3,2,damped_trend_exponential_smoothing,2.0,2.3106382759626336,damped_trend_exponential_smoothing
HOUSEHOLD_1_003_TX_3,3,damped_trend_exponential_smoothing,2.0,2.3143157383971715,damped_trend_exponential_smoothing
HOUSEHOLD_1_003_TX_3,4,damped_trend_exponential_smoothing,3.0,2.3179495068995224,damped_trend_exponential_smoothing
HOUSEHOLD_1_003_TX_3,5,damped_trend_exponential_smoothing,2.0,2.3215401006210694,damped_trend_exponential_smoothing
HOUSEHOLD_1_003_TX_3,6,damped_trend_exponential_smoothing,0.0,2.3250880325448757,damped_trend_exponential_smoothing
HOUSEHOLD_1_003_TX_3,7,damped_trend_exponential_smoothing,2.0,2.328593809558973,damped_trend_exponential_smoothing
HOUSEHOLD_1_003_TX_3,8,damped_trend_exponential_smoothing,2.0,2.3320579325287816,damped_trend_exponential_smoothing
HOUSEHOLD_1_003_WI_1,1,damped_trend_exponential_smoothing,7.0,8.569089824048588,damped_trend_exponential_smoothing
HOUSEHOLD_1_003_WI_1,2,damped_trend_exponential_smoothing,4.0,8.585287238519356,damped_trend_exponential_smoothing
HOUSEHOLD_1_003_WI_1,3,damped_trend_exponential_smoothing,1.0,8.601340570029615,damped_trend_exponential_smoothing
HOUSEHOLD_1_003_WI_1,4,damped_trend_exponential_smoothing,6.0,8.617251100259201,damped_trend_exponential_smoothing
HOUSEHOLD_1_003_WI_1,5,damped_trend_exponential_smoothing,5.0,8.633020099486858,damped_trend_exponential_smoothing
HOUSEHOLD_1_003_WI_1,6,damped_trend_exponential_smoothing,4.0,8.64864882669165,damped_trend_exponential_smoothing
HOUSEHOLD_1_003_WI_1,7,damped_trend_exponential_smoothing,6.0,8.664138529653485,damped_trend_exponential_smoothing
HOUSEHOLD_1_003_WI_1,8,damped_trend_exponential_smoothing,2.0,8.679490445052734,damped_trend_exponential_smoothing
HOUSEHOLD_1_003_WI_2,1,damped_trend_exponential_smoothing,8.0,4.048371820759553,damped_trend_exponential_smoothing
HOUSEHOLD_1_003_WI_2,2,damped_trend_exponential_smoothing,1.0,4.05748995149234,damped_trend_exponential_smoothing
HOUSEHOLD_1_003_WI_2,3,damped_trend_exponential_smoothing,7.0,4.066521931102838,damped_trend_exponential_smoothing
HOUSEHOLD_1_003_WI_2,4,damped_trend_exponential_smoothing,1.0,4.075468573575418,damped_trend_exponential_smoothing
HOUSEHOLD_1_003_WI_2,5,damped_trend_exponential_smoothing,3.0,4.084330685203651,damped_trend_exponential_smoothing
HOUSEHOLD_1_003_WI_2,6,damped_trend_exponential_smoothing,2.0,4.09310906466298,damped_trend_exponential_smoothing
HOUSEHOLD_1_003_WI_2,7,damped_trend_exponential_smoothing,1.0,4.1018045030827,damped_trend_exponential_smoothing
HOUSEHOLD_1_003_WI_2,8,damped_trend_exponential_smoothing,4.0,4.11041778411725,damped_trend_exponential_smoothing
HOUSEHOLD_1_003_WI_3,1,damped_trend_exponential_smoothing,3.0,3.669495788422741,damped_trend_exponential_smoothing
HOUSEHOLD_1_003_WI_3,2,damped_trend_exponential_smoothing,6.0,3.673295330898152,damped_trend_exponential_smoothing
HOUSEHOLD_1_003_WI_3,3,damped_trend_exponential_smoothing,3.0,3.677047391878377,damped_trend_exponential_smoothing
HOUSEHOLD_1_003_WI_3,4,damped_trend_exponential_smoothing,3.0,3.680752564722327,damped_trend_exponential_smoothing
HOUSEHOLD_1_003_WI_3,5,damped_trend_exponential_smoothing,1.0,3.6844114353739226,damped_trend_exponential_smoothing
HOUSEHOLD_1_003_WI_3,6,damped_trend_exponential_smoothing,0.0,3.688024582454759,damped_trend_exponential_smoothing
HOUSEHOLD_1_003_WI_3,7,damped_trend_exponential_smoothing,2.0,3.6915925773556064,damped_trend_exponential_smoothing
HOUSEHOLD_1_003_WI_3,8,damped_trend_exponential_smoothing,2.0,3.6951159843267742,damped_trend_exponential_smoothing
HOUSEHOLD_1_004_CA_1,1,damped_trend_exponential_smoothing,10.0,14.40938949114398,damped_trend_exponential_smoothing
HOUSEHOLD_1_004_CA_1,2,damped_trend_exponential_smoothing,8.0,14.404959863040228,damped_trend_exponential_smoothing
HOUSEHOLD_1_004_CA_1,3,damped_trend_exponential_smoothing,15.0,14.400592735853436,damped_trend_exponential_smoothing
HOUSEHOLD_1_004_CA_1,4,damped_trend_exponential_smoothing,7.0,14.396287227711689,damped_trend_exponential_smoothing
HOUSEHOLD_1_004_CA_1,5,damped_trend_exponential_smoothing,10.0,14.39204246918606,damped_trend_exponential_smoothing
HOUSEHOLD_1_004_CA_1,6,damped_trend_exponential_smoothing,11.0,14.387857603115034,damped_trend_exponential_smoothing
HOUSEHOLD_1_004_CA_1,7,damped_trend_exponential_smoothing,10.0,14.383731784431436,damped_trend_exponential_smoothing
HOUSEHOLD_1_004_CA_1,8,damped_trend_exponential_smoothing,5.0,14.379664179991764,damped_trend_exponential_smoothing
HOUSEHOLD_1_004_CA_2,1,damped_trend_exponential_smoothing,7.0,16.52955610304328,damped_trend_exponential_smoothing
HOUSEHOLD_1_004_CA_2,2,damped_trend_exponential_smoothing,15.0,16.52823979425085,damped_trend_exponential_smoothing
HOUSEHOLD_1_004_CA_2,3,damped_trend_exponential_smoothing,5.0,16.526954665445146,damped_trend_exponential_smoothing
HOUSEHOLD_1_004_CA_2,4,damped_trend_exponential_smoothing,7.0,16.525699978052078,damped_trend_exponential_smoothing
HOUSEHOLD_1_004_CA_2,5,damped_trend_exponential_smoothing,22.0,16.524475010992486,damped_trend_exponential_smoothing
HOUSEHOLD_1_004_CA_2,6,damped_trend_exponential_smoothing,16.0,16.52327906026772,damped_trend_exponential_smoothing
HOUSEHOLD_1_004_CA_2,7,damped_trend_exponential_smoothing,24.0,16.522111438555065,damped_trend_exponential_smoothing
HOUSEHOLD_1_004_CA_2,8,damped_trend_exponential_smoothing,20.0,16.52097147481273,damped_trend_exponential_smoothing
HOUSEHOLD_1_004_CA_3,1,damped_trend_exponential_smoothing,87.0,76.95392810879522,damped_trend_exponential_smoothing
HOUSEHOLD_1_004_CA_3,2,damped_trend_exponential_smoothing,54.0,77.18911301265057,damped_trend_exponential_smoothing
HOUSEHOLD_1_004_CA_3,3,damped_trend_exponential_smoothing,88.0,77.37726093573485,damped_trend_exponential_smoothing
HOUSEHOLD_1_004_CA_3,4,damped_trend_exponential_smoothing,69.0,77.52777927420227,damped_trend_exponential_smoothing
HOUSEHOLD_1_004_CA_3,5,damped_trend_exponential_smoothing,65.0,77.64819394497621,damped_trend_exponential_smoothing
HOUSEHOLD_1_004_CA_3,6,damped_trend_exponential_smoothing,46.0,77.74452568159536,damped_trend_exponential_smoothing
HOUSEHOLD_1_004_CA_3,7,damped_trend_exponential_smoothing,94.0,77.82159107089069,damped_trend_exponential_smoothing
HOUSEHOLD_1_004_CA_3,8,damped_trend_exponential_smoothing,65.0,77.88324338232694,damped_trend_exponential_smoothing
HOUSEHOLD_1_004_CA_4,1,damped_trend_exponential_smoothing,7.0,4.954901511216288,damped_trend_exponential_smoothing
HOUSEHOLD_1_004_CA_4,2,damped_trend_exponential_smoothing,7.0,4.954901511216288,damped_trend_exponential_smoothing
HOUSEHOLD_1_004_CA_4,3,damped_trend_exponential_smoothing,11.0,4.954901511216288,damped_trend_exponential_smoothing
HOUSEHOLD_1_004_CA_4,4,damped_trend_exponential_smoothing,0.0,4.954901511216288,damped_trend_exponential_smoothing
HOUSEHOLD_1_004_CA_4,5,damped_trend_exponential_smoothing,3.0,4.954901511216288,damped_trend_exponential_smoothing
HOUSEHOLD_1_004_CA_4,6,damped_trend_exponential_smoothing,3.0,4.954901511216288,damped_trend_exponential_smoothing
HOUSEHOLD_1_004_CA_4,7,damped_trend_exponential_smoothing,2.0,4.954901511216288,damped_trend_exponential_smoothing
HOUSEHOLD_1_004_CA_4,8,damped_trend_exponential_smoothing,3.0,4.954901511216288,damped_trend_exponential_smoothing
HOUSEHOLD_1_004_TX_1,1,damped_trend_exponential_smoothing,8.0,7.689842018236296,damped_trend_exponential_smoothing
HOUSEHOLD_1_004_TX_1,2,damped_trend_exponential_smoothing,4.0,7.689842018236296,damped_trend_exponential_smoothing
HOUSEHOLD_1_004_TX_1,3,damped_trend_exponential_smoothing,19.0,7.689842018236296,damped_trend_exponential_smoothing
HOUSEHOLD_1_004_TX_1,4,damped_trend_exponential_smoothing,12.0,7.689842018236296,damped_trend_exponential_smoothing
HOUSEHOLD_1_004_TX_1,5,damped_trend_exponential_smoothing,5.0,7.689842018236296,damped_trend_exponential_smoothing
HOUSEHOLD_1_004_TX_1,6,damped_trend_exponential_smoothing,17.0,7.689842018236296,damped_trend_exponential_smoothing
HOUSEHOLD_1_004_TX_1,7,damped_trend_exponential_smoothing,2.0,7.689842018236296,damped_trend_exponential_smoothing
HOUSEHOLD_1_004_TX_1,8,damped_trend_exponential_smoothing,10.0,7.689842018236296,damped_trend_exponential_smoothing
HOUSEHOLD_1_004_TX_2,1,damped_trend_exponential_smoothing,5.0,13.491683072376334,damped_trend_exponential_smoothing
HOUSEHOLD_1_004_TX_2,2,damped_trend_exponential_smoothing,8.0,13.628500436149318,damped_trend_exponential_smoothing
HOUSEHOLD_1_004_TX_2,3,damped_trend_exponential_smoothing,8.0,13.737954327167705,damped_trend_exponential_smoothing
HOUSEHOLD_1_004_TX_2,4,damped_trend_exponential_smoothing,11.0,13.825517439982416,damped_trend_exponential_smoothing
HOUSEHOLD_1_004_TX_2,5,damped_trend_exponential_smoothing,4.0,13.895567930234185,damped_trend_exponential_smoothing
HOUSEHOLD_1_004_TX_2,6,damped_trend_exponential_smoothing,2.0,13.951608322435597,damped_trend_exponential_smoothing
HOUSEHOLD_1_004_TX_2,7,damped_trend_exponential_smoothing,8.0,13.996440636196729,damped_trend_exponential_smoothing
HOUSEHOLD_1_004_TX_2,8,damped_trend_exponential_smoothing,18.0,14.032306487205634,damped_trend_exponential_smoothing
HOUSEHOLD_1_004_TX_3,1,damped_trend_exponential_smoothing,14.0,9.944174596206087,damped_trend_exponential_smoothing
HOUSEHOLD_1_004_TX_3,2,damped_trend_exponential_smoothing,10.0,9.944194636587977,damped_trend_exponential_smoothing
HOUSEHOLD_1_004_TX_3,3,damped_trend_exponential_smoothing,11.0,9.944213949681128,damped_trend_exponential_smoothing
HOUSEHOLD_1_004_TX_3,4,damped_trend_exponential_smoothing,6.0,9.944232561879693,damped_trend_exponential_smoothing
HOUSEHOLD_1_004_TX_3,5,damped_trend_exponential_smoothing,3.0,9.944250498619947,damped_trend_exponential_smoothing
HOUSEHOLD_1_004_TX_3,6,damped_trend_exponential_smoothing,10.0,9.944267784415064,damped_trend_exponential_smoothing
HOUSEHOLD_1_004_TX_3,7,damped_trend_exponential_smoothing,9.0,9.944284442888591,damped_trend_exponential_smoothing
HOUSEHOLD_1_004_TX_3,8,damped_trend_exponential_smoothing,22.0,9.944300496806768,damped_trend_exponential_smoothing
HOUSEHOLD_1_004_WI_1,1,damped_trend_exponential_smoothing,5.0,8.44974803632335,damped_trend_exponential_smoothing
HOUSEHOLD_1_004_WI_1,2,damped_trend_exponential_smoothing,6.0,8.180042046014085,damped_trend_exponential_smoothing
HOUSEHOLD_1_004_WI_1,3,damped_trend_exponential_smoothing,11.0,7.9642772537666735,damped_trend_exponential_smoothing
HOUSEHOLD_1_004_WI_1,4,damped_trend_exponential_smoothing,9.0,7.791665419968744,damped_trend_exponential_smoothing
HOUSEHOLD_1_004_WI_1,5,damped_trend_exponential_smoothing,17.0,7.653575952930401,damped_trend_exponential_smoothing
HOUSEHOLD_1_004_WI_1,6,damped_trend_exponential_smoothing,7.0,7.543104379299725,damped_trend_exponential_smoothing
HOUSEHOLD_1_004_WI_1,7,damped_trend_exponential_smoothing,7.0,7.454727120395186,damped_trend_exponential_smoothing
HOUSEHOLD_1_004_WI_1,8,damped_trend_exponential_smoothing,13.0,7.384025313271554,damped_trend_exponential_smoothing
HOUSEHOLD_1_004_WI_2,1,damped_trend_exponential_smoothing,70.0,32.82541338874849,damped_trend_exponential_smoothing
HOUSEHOLD_1_004_WI_2,2,damped_trend_exponential_smoothing,8.0,32.88926725201748,damped_trend_exponential_smoothing
HOUSEHOLD_1_004_WI_2,3,damped_trend_exponential_smoothing,0.0,32.95280184597014,damped_trend_exponential_smoothing
HOUSEHOLD_1_004_WI_2,4,damped_trend_exponential_smoothing,24.0,33.01601876695304,damped_trend_exponential_smoothing
HOUSEHOLD_1_004_WI_2,5,damped_trend_exponential_smoothing,13.0,33.078919603331016,damped_trend_exponential_smoothing
HOUSEHOLD_1_004_WI_2,6,damped_trend_exponential_smoothing,11.0,33.1415059355271,damped_trend_exponential_smoothing
HOUSEHOLD_1_004_WI_2,7,damped_trend_exponential_smoothing,13.0,33.20377933606221,damped_trend_exponential_smoothing
HOUSEHOLD_1_004_WI_2,8,damped_trend_exponential_smoothing,4.0,33.26574136959464,damped_trend_exponential_smoothing
HOUSEHOLD_1_004_WI_3,1,damped_trend_exponential_smoothing,44.0,14.758795933129491,damped_trend_exponential_smoothing
HOUSEHOLD_1_004_WI_3,2,damped_trend_exponential_smoothing,27.0,14.758795933129491,damped_trend_exponential_smoothing
HOUSEHOLD_1_004_WI_3,3,damped_trend_exponential_smoothing,13.0,14.758795933129491,damped_trend_exponential_smoothing
HOUSEHOLD_1_004_WI_3,4,damped_trend_exponential_smoothing,13.0,14.758795933129491,damped_trend_exponential_smoothing
HOUSEHOLD_1_004_WI_3,5,damped_trend_exponential_smoothing,31.0,14.758795933129491,damped_trend_exponential_smoothing
HOUSEHOLD_1_004_WI_3,6,damped_trend_exponential_smoothing,29.0,14.758795933129491,damped_trend_exponential_smoothing
HOUSEHOLD_1_004_WI_3,7,damped_trend_exponential_smoothing,10.0,14.758795933129491,damped_trend_exponential_smoothing
HOUSEHOLD_1_004_WI_3,8,damped_trend_exponential_smoothing,18.0,14.758795933129491,damped_trend_exponential_smoothing
HOUSEHOLD_1_005_CA_1,1,damped_trend_exponential_smoothing,10.0,13.792083603516735,damped_trend_exponential_smoothing
HOUSEHOLD_1_005_CA_1,2,damped_trend_exponential_smoothing,8.0,13.792083603516735,damped_trend_exponential_smoothing
HOUSEHOLD_1_005_CA_1,3,damped_trend_exponential_smoothing,10.0,13.792083603516735,damped_trend_exponential_smoothing
HOUSEHOLD_1_005_CA_1,4,damped_trend_exponential_smoothing,15.0,13.792083603516735,damped_trend_exponential_smoothing
HOUSEHOLD_1_005_CA_1,5,damped_trend_exponential_smoothing,8.0,13.792083603516735,damped_trend_exponential_smoothing
HOUSEHOLD_1_005_CA_1,6,damped_trend_exponential_smoothing,10.0,13.792083603516735,damped_trend_exponential_smoothing
HOUSEHOLD_1_005_CA_1,7,damped_trend_exponential_smoothing,14.0,13.792083603516735,damped_trend_exponential_smoothing
HOUSEHOLD_1_005_CA_1,8,damped_trend_exponential_smoothing,7.0,13.792083603516735,damped_trend_exponential_smoothing
HOUSEHOLD_1_005_CA_2,1,damped_trend_exponential_smoothing,22.0,17.900981872397548,damped_trend_exponential_smoothing
HOUSEHOLD_1_005_CA_2,2,damped_trend_exponential_smoothing,11.0,17.9009818723297,damped_trend_exponential_smoothing
HOUSEHOLD_1_005_CA_2,3,damped_trend_exponential_smoothing,23.0,17.900981872268776,damped_trend_exponential_smoothing
HOUSEHOLD_1_005_CA_2,4,damped_trend_exponential_smoothing,13.0,17.900981872214064,damped_trend_exponential_smoothing
HOUSEHOLD_1_005_CA_2,5,damped_trend_exponential_smoothing,13.0,17.90098187216493,damped_trend_exponential_smoothing
HOUSEHOLD_1_005_CA_2,6,damped_trend_exponential_smoothing,15.0,17.90098187212081,damped_trend_exponential_smoothing
HOUSEHOLD_1_005_CA_2,7,damped_trend_exponential_smoothing,18.0,17.900981872081186,damped_trend_exponential_smoothing
HOUSEHOLD_1_005_CA_2,8,damped_trend_exponential_smoothing,13.0,17.9009818720456,damped_trend_exponential_smoothing
HOUSEHOLD_1_005_CA_3,1,damped_trend_exponential_smoothing,6.0,13.723978643772169,damped_trend_exponential_smoothing
HOUSEHOLD_1_005_CA_3,2,damped_trend_exponential_smoothing,3.0,13.723978643772169,damped_trend_exponential_smoothing
HOUSEHOLD_1_005_CA_3,3,damped_trend_exponential_smoothing,6.0,13.723978643772169,damped_trend_exponential_smoothing
HOUSEHOLD_1_005_CA_3,4,damped_trend_exponential_smoothing,5.0,13.723978643772169,damped_trend_exponential_smoothing
HOUSEHOLD_1_005_CA_3,5,damped_trend_exponential_smoothing,14.0,13.723978643772169,damped_trend_exponential_smoothing
HOUSEHOLD_1_005_CA_3,6,damped_trend_exponential_smoothing,13.0,13.723978643772169,damped_trend_exponential_smoothing
HOUSEHOLD_1_005_CA_3,7,damped_trend_exponential_smoothing,12.0,13.723978643772169,damped_trend_exponential_smoothing
HOUSEHOLD_1_005_CA_3,8,damped_trend_exponential_smoothing,8.0,13.723978643772169,damped_trend_exponential_smoothing
HOUSEHOLD_1_005_CA_4,1,damped_trend_exponential_smoothing,5.0,5.118830542120011,damped_trend_exponential_smoothing
HOUSEHOLD_1_005_CA_4,2,damped_trend_exponential_smoothing,4.0,5.117957152456915,damped_trend_exponential_smoothing
HOUSEHOLD_1_005_CA_4,3,damped_trend_exponential_smoothing,5.0,5.117104370512593,damped_trend_exponential_smoothing
HOUSEHOLD_1_005_CA_4,4,damped_trend_exponential_smoothing,6.0,5.1162717100458055,damped_trend_exponential_smoothing
HOUSEHOLD_1_005_CA_4,5,damped_trend_exponential_smoothing,7.0,5.115458696288223,damped_trend_exponential_smoothing
HOUSEHOLD_1_005_CA_4,6,damped_trend_exponential_smoothing,7.0,5.114664865673725,damped_trend_exponential_smoothing
HOUSEHOLD_1_005_CA_4,7,damped_trend_exponential_smoothing,9.0,5.113889765574082,damped_trend_exponential_smoothing
HOUSEHOLD_1_005_CA_4,8,damped_trend_exponential_smoothing,5.0,5.113132954040871,damped_trend_exponential_smoothing
HOUSEHOLD_1_005_TX_1,1,damped_trend_exponential_smoothing,7.0,6.052546330155835,damped_trend_exponential_smoothing
HOUSEHOLD_1_005_TX_1,2,damped_trend_exponential_smoothing,5.0,6.052546330153256,damped_trend_exponential_smoothing
HOUSEHOLD_1_005_TX_1,3,damped_trend_exponential_smoothing,4.0,6.052546330150975,damped_trend_exponential_smoothing
HOUSEHOLD_1_005_TX_1,4,damped_trend_exponential_smoothing,9.0,6.052546330148958,damped_trend_exponential_smoothing
HOUSEHOLD_1_005_TX_1,5,damped_trend_exponential_smoothing,8.0,6.052546330147174,damped_trend_exponential_smoothing
HOUSEHOLD_1_005_TX_1,6,damped_trend_exponential_smoothing,2.0,6.052546330145596,damped_trend_exponential_smoothing
HOUSEHOLD_1_005_TX_1,7,damped_trend_exponential_smoothing,6.0,6.0525463301442,damped_trend_exponential_smoothing
HOUSEHOLD_1_005_TX_1,8,damped_trend_exponential_smoothing,4.0,6.052546330142965,damped_trend_exponential_smoothing
HOUSEHOLD_1_005_TX_2,1,damped_trend_exponential_smoothing,11.0,10.728649017204592,damped_trend_exponential_smoothing
HOUSEHOLD_1_005_TX_2,2,damped_trend_exponential_smoothing,13.0,10.728649017204592,damped_trend_exponential_smoothing
HOUSEHOLD_1_005_TX_2,3,damped_trend_exponential_smoothing,13.0,10.728649017204592,damped_trend_exponential_smoothing
HOUSEHOLD_1_005_TX_2,4,damped_trend_exponential_smoothing,12.0,10.728649017204592,damped_trend_exponential_smoothing
HOUSEHOLD_1_005_TX_2,5,damped_trend_exponential_smoothing,6.0,10.728649017204592,damped_trend_exponential_smoothing
HOUSEHOLD_1_005_TX_2,6,damped_trend_exponential_smoothing,9.0,10.728649017204592,damped_trend_exponential_smoothing
HOUSEHOLD_1_005_TX_2,7,damped_trend_exponential_smoothing,7.0,10.728649017204592,damped_trend_exponential_smoothing
HOUSEHOLD_1_005_TX_2,8,damped_trend_exponential_smoothing,6.0,10.728649017204592,damped_trend_exponential_smoothing
HOUSEHOLD_1_005_TX_3,1,damped_trend_exponential_smoothing,7.0,6.882197750710214,damped_trend_exponential_smoothing
HOUSEHOLD_1_005_TX_3,2,damped_trend_exponential_smoothing,5.0,6.882195101479565,damped_trend_exponential_smoothing
HOUSEHOLD_1_005_TX_3,3,damped_trend_exponential_smoothing,5.0,6.882192586441597,damped_trend_exponential_smoothing
HOUSEHOLD_1_005_TX_3,4,damped_trend_exponential_smoothing,6.0,6.882190198798989,damped_trend_exponential_smoothing
HOUSEHOLD_1_005_TX_3,5,damped_trend_exponential_smoothing,4.0,6.882187932098725,damped_trend_exponential_smoothing
HOUSEHOLD_1_005_TX_3,6,damped_trend_exponential_smoothing,5.0,6.882185780214659,damped_trend_exponential_smoothing
HOUSEHOLD_1_005_TX_3,7,damped_trend_exponential_smoothing,6.0,6.882183737330952,damped_trend_exponential_smoothing
HOUSEHOLD_1_005_TX_3,8,damped_trend_exponential_smoothing,6.0,6.882181797926361,damped_trend_exponential_smoothing
HOUSEHOLD_1_005_WI_1,1,damped_trend_exponential_smoothing,8.0,6.384519704655574,damped_trend_exponential_smoothing
HOUSEHOLD_1_005_WI_1,2,damped_trend_exponential_smoothing,10.0,6.384519704655573,damped_trend_exponential_smoothing
HOUSEHOLD_1_005_WI_1,3,damped_trend_exponential_smoothing,6.0,6.384519704655573,damped_trend_exponential_smoothing
HOUSEHOLD_1_005_WI_1,4,damped_trend_exponential_smoothing,5.0,6.384519704655573,damped_trend_exponential_smoothing
HOUSEHOLD_1_005_WI_1,5,damped_trend_exponential_smoothing,4.0,6.384519704655572,damped_trend_exponential_smoothing
HOUSEHOLD_1_005_WI_1,6,damped_trend_exponential_smoothing,8.0,6.384519704655572,damped_trend_exponential_smoothing
HOUSEHOLD_1_005_WI_1,7,damped_trend_exponential_smoothing,3.0,6.384519704655572,damped_trend_exponential_smoothing
HOUSEHOLD_1_005_WI_1,8,damped_trend_exponential_smoothing,9.0,6.384519704655572,damped_trend_exponential_smoothing
HOUSEHOLD_1_005_WI_2,1,damped_trend_exponential_smoothing,8.0,11.174815606710029,damped_trend_exponential_smoothing
HOUSEHOLD_1_005_WI_2,2,damped_trend_exponential_smoothing,4.0,11.174815606710029,damped_trend_exponential_smoothing
HOUSEHOLD_1_005_WI_2,3,damped_trend_exponential_smoothing,5.0,11.174815606710029,damped_trend_exponential_smoothing
HOUSEHOLD_1_005_WI_2,4,damped_trend_exponential_smoothing,4.0,11.174815606710029,damped_trend_exponential_smoothing
HOUSEHOLD_1_005_WI_2,5,damped_trend_exponential_smoothing,5.0,11.174815606710029,damped_trend_exponential_smoothing
HOUSEHOLD_1_005_WI_2,6,damped_trend_exponential_smoothing,4.0,11.174815606710029,damped_trend_exponential_smoothing
HOUSEHOLD_1_005_WI_2,7,damped_trend_exponential_smoothing,5.0,11.174815606710029,damped_trend_exponential_smoothing
HOUSEHOLD_1_005_WI_2,8,damped_trend_exponential_smoothing,5.0,11.174815606710029,damped_trend_exponential_smoothing
HOUSEHOLD_1_005_WI_3,1,damped_trend_exponential_smoothing,7.0,9.399838864642096,damped_trend_exponential_smoothing
HOUSEHOLD_1_005_WI_3,2,damped_trend_exponential_smoothing,3.0,9.415716714536908,damped_trend_exponential_smoothing
HOUSEHOLD_1_005_WI_3,3,damped_trend_exponential_smoothing,4.0,9.431515175182245,damped_trend_exponential_smoothing
HOUSEHOLD_1_005_WI_3,4,damped_trend_exponential_smoothing,4.0,9.447234643524355,damped_trend_exponential_smoothing
HOUSEHOLD_1_005_WI_3,5,damped_trend_exponential_smoothing,10.0,9.462875514524756,damped_trend_exponential_smoothing
HOUSEHOLD_1_005_WI_3,6,damped_trend_exponential_smoothing,2.0,9.478438181170157,damped_trend_exponential_smoothing
HOUSEHOLD_1_005_WI_3,7,damped_trend_exponential_smoothing,4.0,9.493923034482329,damped_trend_exponential_smoothing
HOUSEHOLD_1_005_WI_3,8,damped_trend_exponential_smoothing,5.0,9.509330463527938,damped_trend_exponential_smoothing
HOUSEHOLD_1_006_CA_1,1,damped_trend_exponential_smoothing,13.0,11.583199414398557,damped_trend_exponential_smoothing
HOUSEHOLD_1_006_CA_1,2,damped_trend_exponential_smoothing,17.0,11.583199414416343,damped_trend_exponential_smoothing
HOUSEHOLD_1_006_CA_1,3,damped_trend_exponential_smoothing,8.0,11.583199414432254,damped_trend_exponential_smoothing
HOUSEHOLD_1_006_CA_1,4,damped_trend_exponential_smoothing,16.0,11.583199414446486,damped_trend_exponential_smoothing
HOUSEHOLD_1_006_CA_1,5,damped_trend_exponential_smoothing,9.0,11.583199414459218,damped_trend_exponential_smoothing
HOUSEHOLD_1_006_CA_1,6,damped_trend_exponential_smoothing,21.0,11.583199414470606,damped_trend_exponential_smoothing
HOUSEHOLD_1_006_CA_1,7,damped_trend_exponential_smoothing,19.0,11.583199414480791,damped_trend_exponential_smoothing
HOUSEHOLD_1_006_CA_1,8,damped_trend_exponential_smoothing,20.0,11.583199414489906,damped_trend_exponential_smoothing
HOUSEHOLD_1_006_CA_2,1,damped_trend_exponential_smoothing,9.0,7.586258395034675,damped_trend_exponential_smoothing
HOUSEHOLD_1_006_CA_2,2,damped_trend_exponential_smoothing,7.0,7.578482416006482,damped_trend_exponential_smoothing
HOUSEHOLD_1_006_CA_2,3,damped_trend_exponential_smoothing,11.0,7.570745316873429,damped_trend_exponential_smoothing
HOUSEHOLD_1_006_CA_2,4,damped_trend_exponential_smoothing,1.0,7.5630469032360415,damped_trend_exponential_smoothing
HOUSEHOLD_1_006_CA_2,5,damped_trend_exponential_smoothing,6.0,7.5553869816668415,damped_trend_exponential_smoothing
HOUSEHOLD_1_006_CA_2,6,damped_trend_exponential_smoothing,12.0,7.547765359705487,damped_trend_exponential_smoothing
HOUSEHOLD_1_006_CA_2,7,damped_trend_exponential_smoothing,10.0,7.540181845853939,damped_trend_exponential_smoothing
HOUSEHOLD_1_006_CA_2,8,damped_trend_exponential_smoothing,8.0,7.53263624957165,damped_trend_exponential_smoothing
HOUSEHOLD_1_006_CA_3,1,damped_trend_exponential_smoothing,12.0,9.302174541776257,damped_trend_exponential_smoothing
HOUSEHOLD_1_006_CA_3,2,damped_trend_exponential_smoothing,12.0,9.323901878794944,damped_trend_exponential_smoothing
HOUSEHOLD_1_006_CA_3,3,damped_trend_exponential_smoothing,11.0,9.34552057912854,damped_trend_exponential_smoothing
HOUSEHOLD_1_006_CA_3,4,damped_trend_exponential_smoothing,14.0,9.367031185960467,damped_trend_exponential_smoothing
HOUSEHOLD_1_006_CA_3,5,damped_trend_exponential_smoothing,14.0,9.388434239758237,damped_trend_exponential_smoothing
HOUSEHOLD_1_006_CA_3,6,damped_trend_exponential_smoothing,6.0,9.409730278287013,damped_trend_exponential_smoothing
HOUSEHOLD_1_006_CA_3,7,damped_trend_exponential_smoothing,20.0,9.430919836623149,damped_trend_exponential_smoothing
HOUSEHOLD_1_006_CA_3,8,damped_trend_exponential_smoothing,10.0,9.452003447167602,damped_trend_exponential_smoothing
HOUSEHOLD_1_006_CA_4,1,damped_trend_exponential_smoothing,8.0,4.409579520462279,damped_trend_exponential_smoothing
HOUSEHOLD_1_006_CA_4,2,damped_trend_exponential_smoothing,3.0,4.409579520462279,damped_trend_exponential_smoothing
HOUSEHOLD_1_006_CA_4,3,damped_trend_exponential_smoothing,5.0,4.409579520462279,damped_trend_exponential_smoothing
HOUSEHOLD_1_006_CA_4,4,damped_trend_exponential_smoothing,6.0,4.409579520462279,damped_trend_exponential_smoothing
HOUSEHOLD_1_006_CA_4,5,damped_trend_exponential_smoothing,3.0,4.409579520462279,damped_trend_exponential_smoothing
HOUSEHOLD_1_006_CA_4,6,damped_trend_exponential_smoothing,2.0,4.409579520462279,damped_trend_exponential_smoothing
HOUSEHOLD_1_006_CA_4,7,damped_trend_exponential_smoothing,5.0,4.409579520462279,damped_trend_exponential_smoothing
HOUSEHOLD_1_006_CA_4,8,damped_trend_exponential_smoothing,6.0,4.409579520462279,damped_trend_exponential_smoothing
HOUSEHOLD_1_006_TX_1,1,damped_trend_exponential_smoothing,5.0,6.983020691247481,damped_trend_exponential_smoothing
HOUSEHOLD_1_006_TX_1,2,damped_trend_exponential_smoothing,6.0,6.983020691247481,damped_trend_exponential_smoothing
HOUSEHOLD_1_006_TX_1,3,damped_trend_exponential_smoothing,5.0,6.983020691247481,damped_trend_exponential_smoothing
HOUSEHOLD_1_006_TX_1,4,damped_trend_exponential_smoothing,8.0,6.983020691247481,damped_trend_exponential_smoothing
HOUSEHOLD_1_006_TX_1,5,damped_trend_exponential_smoothing,4.0,6.983020691247481,damped_trend_exponential_smoothing
HOUSEHOLD_1_006_TX_1,6,damped_trend_exponential_smoothing,9.0,6.983020691247481,damped_trend_exponential_smoothing
HOUSEHOLD_1_006_TX_1,7,damped_trend_exponential_smoothing,8.0,6.983020691247481,damped_trend_exponential_smoothing
HOUSEHOLD_1_006_TX_1,8,damped_trend_exponential_smoothing,7.0,6.983020691247481,damped_trend_exponential_smoothing
HOUSEHOLD_1_006_TX_2,1,damped_trend_exponential_smoothing,9.0,7.621515041268355,damped_trend_exponential_smoothing
HOUSEHOLD_1_006_TX_2,2,damped_trend_exponential_smoothing,13.0,7.621533622566991,damped_trend_exponential_smoothing
HOUSEHOLD_1_006_TX_2,3,damped_trend_exponential_smoothing,10.0,7.621551423995027,damped_trend_exponential_smoothing
HOUSEHOLD_1_006_TX_2,4,damped_trend_exponential_smoothing,9.0,7.621568478284196,damped_trend_exponential_smoothing
HOUSEHOLD_1_006_TX_2,5,damped_trend_exponential_smoothing,11.0,7.621584816792462,damped_trend_exponential_smoothing
HOUSEHOLD_1_006_TX_2,6,damped_trend_exponential_smoothing,7.0,7.621600469561666,damped_trend_exponential_smoothing
HOUSEHOLD_1_006_TX_2,7,damped_trend_exponential_smoothing,10.0,7.621615465372778,damped_trend_exponential_smoothing
HOUSEHOLD_1_006_TX_2,8,damped_trend_exponential_smoothing,12.0,7.621629831798804,damped_trend_exponential_smoothing
HOUSEHOLD_1_006_TX_3,1,damped_trend_exponential_smoothing,8.0,9.322526320074685,damped_trend_exponential_smoothing
HOUSEHOLD_1_006_TX_3,2,damped_trend_exponential_smoothing,7.0,9.322526320074688,damped_trend_exponential_smoothing
HOUSEHOLD_1_006_TX_3,3,damped_trend_exponential_smoothing,8.0,9.322526320074688,damped_trend_exponential_smoothing
HOUSEHOLD_1_006_TX_3,4,damped_trend_exponential_smoothing,6.0,9.32252632007469,damped_trend_exponential_smoothing
HOUSEHOLD_1_006_TX_3,5,damped_trend_exponential_smoothing,9.0,9.32252632007469,damped_trend_exponential_smoothing
HOUSEHOLD_1_006_TX_3,6,damped_trend_exponential_smoothing,5.0,9.322526320074692,damped_trend_exponential_smoothing
HOUSEHOLD_1_006_TX_3,7,damped_trend_exponential_smoothing,12.0,9.322526320074692,damped_trend_exponential_smoothing
HOUSEHOLD_1_006_TX_3,8,damped_trend_exponential_smoothing,14.0,9.322526320074692,damped_trend_exponential_smoothing
HOUSEHOLD_1_006_WI_1,1,damped_trend_exponential_smoothing,6.0,3.919320097133466,damped_trend_exponential_smoothing
HOUSEHOLD_1_006_WI_1,2,damped_trend_exponential_smoothing,1.0,3.919320021188916,damped_trend_exponential_smoothing
HOUSEHOLD_1_006_WI_1,3,damped_trend_exponential_smoothing,2.0,3.919319950060423,damped_trend_exponential_smoothing
HOUSEHOLD_1_006_WI_1,4,damped_trend_exponential_smoothing,7.0,3.919319883442576,damped_trend_exponential_smoothing
HOUSEHOLD_1_006_WI_1,5,damped_trend_exponential_smoothing,2.0,3.9193198210493296,damped_trend_exponential_smoothing
HOUSEHOLD_1_006_WI_1,6,damped_trend_exponential_smoothing,2.0,3.919319762612779,damped_trend_exponential_smoothing
HOUSEHOLD_1_006_WI_1,7,damped_trend_exponential_smoothing,8.0,3.919319707882009,damped_trend_exponential_smoothing
HOUSEHOLD_1_006_WI_1,8,damped_trend_exponential_smoothing,4.0,3.919319656622015,damped_trend_exponential_smoothing
HOUSEHOLD_1_006_WI_2,1,damped_trend_exponential_smoothing,2.0,3.600418483680213,damped_trend_exponential_smoothing
HOUSEHOLD_1_006_WI_2,2,damped_trend_exponential_smoothing,7.0,3.600418483680213,damped_trend_exponential_smoothing
HOUSEHOLD_1_006_WI_2,3,damped_trend_exponential_smoothing,3.0,3.600418483680213,damped_trend_exponential_smoothing
HOUSEHOLD_1_006_WI_2,4,damped_trend_exponential_smoothing,0.0,3.600418483680213,damped_trend_exponential_smoothing
HOUSEHOLD_1_006_WI_2,5,damped_trend_exponential_smoothing,6.0,3.600418483680213,damped_trend_exponential_smoothing
HOUSEHOLD_1_006_WI_2,6,damped_trend_exponential_smoothing,4.0,3.600418483680213,damped_trend_exponential_smoothing
HOUSEHOLD_1_006_WI_2,7,damped_trend_exponential_smoothing,3.0,3.600418483680213,damped_trend_exponential_smoothing
HOUSEHOLD_1_006_WI_2,8,damped_trend_exponential_smoothing,2.0,3.600418483680213,damped_trend_exponential_smoothing
HOUSEHOLD_1_006_WI_3,1,damped_trend_exponential_smoothing,8.0,5.477324569771941,damped_trend_exponential_smoothing
HOUSEHOLD_1_006_WI_3,2,damped_trend_exponential_smoothing,5.0,5.477324569771941,damped_trend_exponential_smoothing
HOUSEHOLD_1_006_WI_3,3,damped_trend_exponential_smoothing,2.0,5.477324569771941,damped_trend_exponential_smoothing
HOUSEHOLD_1_006_WI_3,4,damped_trend_exponential_smoothing,5.0,5.477324569771941,damped_trend_exponential_smoothing
HOUSEHOLD_1_006_WI_3,5,damped_trend_exponential_smoothing,7.0,5.477324569771941,damped_trend_exponential_smoothing
HOUSEHOLD_1_006_WI_3,6,damped_trend_exponential_smoothing,8.0,5.477324569771941,damped_trend_exponential_smoothing
HOUSEHOLD_1_006_WI_3,7,damped_trend_exponential_smoothing,2.0,5.477324569771941,damped_trend_exponential_smoothing
HOUSEHOLD_1_006_WI_3,8,damped_trend_exponential_smoothing,9.0,5.477324569771941,damped_trend_exponential_smoothing
HOUSEHOLD_1_007_CA_1,1,damped_trend_exponential_smoothing,12.0,16.51563349065064,damped_trend_exponential_smoothing
HOUSEHOLD_1_007_CA_1,2,damped_trend_exponential_smoothing,22.0,16.515633490509057,damped_trend_exponential_smoothing
HOUSEHOLD_1_007_CA_1,3,damped_trend_exponential_smoothing,13.0,16.51563349038207,damped_trend_exponential_smoothing
HOUSEHOLD_1_007_CA_1,4,damped_trend_exponential_smoothing,16.0,16.51563349026816,damped_trend_exponential_smoothing
HOUSEHOLD_1_007_CA_1,5,damped_trend_exponential_smoothing,16.0,16.515633490165992,damped_trend_exponential_smoothing
HOUSEHOLD_1_007_CA_1,6,damped_trend_exponential_smoothing,25.0,16.51563349007435,damped_trend_exponential_smoothing
HOUSEHOLD_1_007_CA_1,7,damped_trend_exponential_smoothing,12.0,16.515633489992155,damped_trend_exponential_smoothing
HOUSEHOLD_1_007_CA_1,8,damped_trend_exponential_smoothing,14.0,16.515633489918425,damped_trend_exponential_smoothing
HOUSEHOLD_1_007_CA_2,1,damped_trend_exponential_smoothing,14.0,10.891333043879854,damped_trend_exponential_smoothing
HOUSEHOLD_1_007_CA_2,2,damped_trend_exponential_smoothing,8.0,10.891333043876042,damped_trend_exponential_smoothing
HOUSEHOLD_1_007_CA_2,3,damped_trend_exponential_smoothing,18.0,10.891333043872676,damped_trend_exponential_smoothing
HOUSEHOLD_1_007_CA_2,4,damped_trend_exponential_smoothing,14.0,10.8913330438697,damped_trend_exponential_smoothing
HOUSEHOLD_1_007_CA_2,5,damped_trend_exponential_smoothing,12.0,10.891333043867071,damped_trend_exponential_smoothing
HOUSEHOLD_1_007_CA_2,6,damped_trend_exponential_smoothing,22.0,10.89133304386475,damped_trend_exponential_smoothing
HOUSEHOLD_1_007_CA_2,7,damped_trend_exponential_smoothing,11.0,10.891333043862698,damped_trend_exponential_smoothing
HOUSEHOLD_1_007_CA_2,8,damped_trend_exponential_smoothing,2.0,10.891333043860886,damped_trend_exponential_smoothing
HOUSEHOLD_1_007_CA_3,1,damped_trend_exponential_smoothing,13.0,13.784378053641582,damped_trend_exponential_smoothing
HOUSEHOLD_1_007_CA_3,2,damped_trend_exponential_smoothing,18.0,13.78551602087952,damped_trend_exponential_smoothing
HOUSEHOLD_1_007_CA_3,3,damped_trend_exponential_smoothing,12.0,13.786626852971423,damped_trend_exponential_smoothing
HOUSEHOLD_1_007_CA_3,4,damped_trend_exponential_smoothing,21.0,13.787711196962425,damped_trend_exponential_smoothing
HOUSEHOLD_1_007_CA_3,5,damped_trend_exponential_smoothing,12.0,13.788769684468662,damped_trend_exponential_smoothing
HOUSEHOLD_1_007_CA_3,6,damped_trend_exponential_smoothing,9.0,13.789802932045228,damped_trend_exponential_smoothing
HOUSEHOLD_1_007_CA_3,7,damped_trend_exponential_smoothing,12.0,13.790811541545285,damped_trend_exponential_smoothing
HOUSEHOLD_1_007_CA_3,8,damped_trend_exponential_smoothing,18.0,13.79179610047063,damped_trend_exponential_smoothing
HOUSEHOLD_1_007_CA_4,1,damped_trend_exponential_smoothing,4.0,6.742757346664215,damped_trend_exponential_smoothing
HOUSEHOLD_1_007_CA_4,2,damped_trend_exponential_smoothing,11.0,6.742757346659384,damped_trend_exponential_smoothing
HOUSEHOLD_1_007_CA_4,3,damped_trend_exponential_smoothing,8.0,6.742757346655108,damped_trend_exponential_smoothing
HOUSEHOLD_1_007_CA_4,4,damped_trend_exponential_smoothing,13.0,6.742757346651323,damped_trend_exponential_smoothing
HOUSEHOLD_1_007_CA_4,5,damped_trend_exponential_smoothing,10.0,6.742757346647972,damped_trend_exponential_smoothing
HOUSEHOLD_1_007_CA_4,6,damped_trend_exponential_smoothing,11.0,6.742757346645006,damped_trend_exponential_smoothing
HOUSEHOLD_1_007_CA_4,7,damped_trend_exponential_smoothing,9.0,6.742757346642381,damped_trend_exponential_smoothing
HOUSEHOLD_1_007_CA_4,8,damped_trend_exponential_smoothing,6.0,6.742757346640057,damped_trend_exponential_smoothing
HOUSEHOLD_1_007_TX_1,1,damped_trend_exponential_smoothing,17.0,11.363074350500195,damped_trend_exponential_smoothing
HOUSEHOLD_1_007_TX_1,2,damped_trend_exponential_smoothing,10.0,11.363074241560954,damped_trend_exponential_smoothing
HOUSEHOLD_1_007_TX_1,3,damped_trend_exponential_smoothing,16.0,11.36307414087898,damped_trend_exponential_smoothing
HOUSEHOLD_1_007_TX_1,4,damped_trend_exponential_smoothing,10.0,11.363074047828398,damped_trend_exponential_smoothing
HOUSEHOLD_1_007_TX_1,5,damped_trend_exponential_smoothing,11.0,11.363073961830771,damped_trend_exponential_smoothing
HOUSEHOLD_1_007_TX_1,6,damped_trend_exponential_smoothing,12.0,11.363073882351513,damped_trend_exponential_smoothing
HOUSEHOLD_1_007_TX_1,7,damped_trend_exponential_smoothing,11.0,11.36307380889654,damped_trend_exponential_smoothing
HOUSEHOLD_1_007_TX_1,8,damped_trend_exponential_smoothing,11.0,11.363073741009236,damped_trend_exponential_smoothing
HOUSEHOLD_1_007_TX_2,1,damped_trend_exponential_smoothing,20.0,8.520210585468542,damped_trend_exponential_smoothing
HOUSEHOLD_1_007_TX_2,2,damped_trend_exponential_smoothing,16.0,8.52021058545867,damped_trend_exponential_smoothing
HOUSEHOLD_1_007_TX_2,3,damped_trend_exponential_smoothing,14.0,8.52021058544993,damped_trend_exponential_smoothing
HOUSEHOLD_1_007_TX_2,4,damped_trend_exponential_smoothing,13.0,8.520210585442193,damped_trend_exponential_smoothing
HOUSEHOLD_1_007_TX_2,5,damped_trend_exponential_smoothing,8.0,8.520210585435342,damped_trend_exponential_smoothing
HOUSEHOLD_1_007_TX_2,6,damped_trend_exponential_smoothing,10.0,8.520210585429277,damped_trend_exponential_smoothing
HOUSEHOLD_1_007_TX_2,7,damped_trend_exponential_smoothing,10.0,8.520210585423907,damped_trend_exponential_smoothing
HOUSEHOLD_1_007_TX_2,8,damped_trend_exponential_smoothing,13.0,8.520210585419152,damped_trend_exponential_smoothing
HOUSEHOLD_1_007_TX_3,1,damped_trend_exponential_smoothing,7.0,8.49261053698373,damped_trend_exponential_smoothing
HOUSEHOLD_1_007_TX_3,2,damped_trend_exponential_smoothing,7.0,8.417833275464746,damped_trend_exponential_smoothing
HOUSEHOLD_1_007_TX_3,3,damped_trend_exponential_smoothing,17.0,8.358011466249557,damped_trend_exponential_smoothing
HOUSEHOLD_1_007_TX_3,4,damped_trend_exponential_smoothing,13.0,8.310154018877407,damped_trend_exponential_smoothing
HOUSEHOLD_1_007_TX_3,5,damped_trend_exponential_smoothing,16.0,8.271868060979688,damped_trend_exponential_smoothing
HOUSEHOLD_1_007_TX_3,6,damped_trend_exponential_smoothing,11.0,8.241239294661511,damped_trend_exponential_smoothing
HOUSEHOLD_1_007_TX_3,7,damped_trend_exponential_smoothing,7.0,8.216736281606972,damped_trend_exponential_smoothing
HOUSEHOLD_1_007_TX_3,8,damped_trend_exponential_smoothing,14.0,8.197133871163338,damped_trend_exponential_smoothing
HOUSEHOLD_1_007_WI_1,1,damped_trend_exponential_smoothing,5.0,9.64192991538192,damped_trend_exponential_smoothing
HOUSEHOLD_1_007_WI_1,2,damped_trend_exponential_smoothing,2.0,9.641929914525756,damped_trend_exponential_smoothing
HOUSEHOLD_1_007_WI_1,3,damped_trend_exponential_smoothing,0.0,9.641929913749504,damped_trend_exponential_smoothing
HOUSEHOLD_1_007_WI_1,4,damped_trend_exponential_smoothing,0.0,9.641929913045704,damped_trend_exponential_smoothing
HOUSEHOLD_1_007_WI_1,5,damped_trend_exponential_smoothing,0.0,9.641929912407596,damped_trend_exponential_smoothing
HOUSEHOLD_1_007_WI_1,6,damped_trend_exponential_smoothing,4.0,9.641929911829047,damped_trend_exponential_smoothing
HOUSEHOLD_1_007_WI_1,7,damped_trend_exponential_smoothing,12.0,9.641929911304498,damped_trend_exponential_smoothing
HOUSEHOLD_1_007_WI_1,8,damped_trend_exponential_smoothing,9.0,9.641929910828908,damped_trend_exponential_smoothing
HOUSEHOLD_1_007_WI_2,1,damped_trend_exponential_smoothing,16.0,15.48273898391756,damped_trend_exponential_smoothing
HOUSEHOLD_1_007_WI_2,2,damped_trend_exponential_smoothing,17.0,15.48273898391756,damped_trend_exponential_smoothing
HOUSEHOLD_1_007_WI_2,3,damped_trend_exponential_smoothing,20.0,15.48273898391756,damped_trend_exponential_smoothing
HOUSEHOLD_1_007_WI_2,4,damped_trend_exponential_smoothing,16.0,15.48273898391756,damped_trend_exponential_smoothing
HOUSEHOLD_1_007_WI_2,5,damped_trend_exponential_smoothing,17.0,15.48273898391756,damped_trend_exponential_smoothing
HOUSEHOLD_1_007_WI_2,6,damped_trend_exponential_smoothing,16.0,15.48273898391756,damped_trend_exponential_smoothing
HOUSEHOLD_1_007_WI_2,7,damped_trend_exponential_smoothing,16.0,15.48273898391756,damped_trend_exponential_smoothing
HOUSEHOLD_1_007_WI_2,8,damped_trend_exponential_smoothing,13.0,15.48273898391756,damped_trend_exponential_smoothing
HOUSEHOLD_1_007_WI_3,1,damped_trend_exponential_smoothing,8.0,11.306559011044724,damped_trend_exponential_smoothing
HOUSEHOLD_1_007_WI_3,2,damped_trend_exponential_smoothing,8.0,11.306559010779637,damped_trend_exponential_smoothing
HOUSEHOLD_1_007_WI_3,3,damped_trend_exponential_smoothing,10.0,11.306559010541674,damped_trend_exponential_smoothing
HOUSEHOLD_1_007_WI_3,4,damped_trend_exponential_smoothing,10.0,11.306559010328066,damped_trend_exponential_smoothing
HOUSEHOLD_1_007_WI_3,5,damped_trend_exponential_smoothing,11.0,11.306559010136317,damped_trend_exponential_smoothing
HOUSEHOLD_1_007_WI_3,6,damped_trend_exponential_smoothing,5.0,11.30655900996419,damped_trend_exponential_smoothing
HOUSEHOLD_1_007_WI_3,7,damped_trend_exponential_smoothing,6.0,11.306559009809678,damped_trend_exponential_smoothing
HOUSEHOLD_1_007_WI_3,8,damped_trend_exponential_smoothing,7.0,11.30655900967098,damped_trend_exponential_smoothing
HOUSEHOLD_1_008_CA_1,1,damped_trend_exponential_smoothing,3.0,3.0799919888075,damped_trend_exponential_smoothing
HOUSEHOLD_1_008_CA_1,2,damped_trend_exponential_smoothing,4.0,3.0786782963041266,damped_trend_exponential_smoothing
HOUSEHOLD_1_008_CA_1,3,damped_trend_exponential_smoothing,3.0,3.0775709041167523,damped_trend_exponential_smoothing
HOUSEHOLD_1_008_CA_1,4,damped_trend_exponential_smoothing,5.0,3.07663741515072,damped_trend_exponential_smoothing
HOUSEHOLD_1_008_CA_1,5,damped_trend_exponential_smoothing,3.0,3.0758505199029123,damped_trend_exponential_smoothing
HOUSEHOLD_1_008_CA_1,6,damped_trend_exponential_smoothing,6.0,3.075187197513946,damped_trend_exponential_smoothing
HOUSEHOLD_1_008_CA_1,7,damped_trend_exponential_smoothing,3.0,3.074628042285942,damped_trend_exponential_smoothing
HOUSEHOLD_1_008_CA_1,8,damped_trend_exponential_smoothing,3.0,3.0741566959629387,damped_trend_exponential_smoothing
HOUSEHOLD_1_008_CA_2,1,damped_trend_exponential_smoothing,0.0,2.3225761253147907,damped_trend_exponential_smoothing
HOUSEHOLD_1_008_CA_2,2,damped_trend_exponential_smoothing,4.0,2.312489445156935,damped_trend_exponential_smoothing
HOUSEHOLD_1_008_CA_2,3,damped_trend_exponential_smoothing,2.0,2.304420101030651,damped_trend_exponential_smoothing
HOUSEHOLD_1_008_CA_2,4,damped_trend_exponential_smoothing,0.0,2.297964625729623,damped_trend_exponential_smoothing
HOUSEHOLD_1_008_CA_2,5,damped_trend_exponential_smoothing,0.0,2.292800245488801,damped_trend_exponential_smoothing
HOUSEHOLD_1_008_CA_2,6,damped_trend_exponential_smoothing,3.0,2.2886687412961435,damped_trend_exponential_smoothing
HOUSEHOLD_1_008_CA_2,7,damped_trend_exponential_smoothing,3.0,2.285363537942017,damped_trend_exponential_smoothing
HOUSEHOLD_1_008_CA_2,8,damped_trend_exponential_smoothing,4.0,2.2827193752587163,damped_trend_exponential_smoothing
HOUSEHOLD_1_008_CA_3,1,damped_trend_exponential_smoothing,1.0,4.056584641134335,damped_trend_exponential_smoothing
HOUSEHOLD_1_008_CA_3,2,damped_trend_exponential_smoothing,2.0,4.059854828422245,damped_trend_exponential_smoothing
HOUSEHOLD_1_008_CA_3,3,damped_trend_exponential_smoothing,5.0,4.062470978252573,damped_trend_exponential_smoothing
HOUSEHOLD_1_008_CA_3,4,damped_trend_exponential_smoothing,9.0,4.064563898116836,damped_trend_exponential_smoothing
HOUSEHOLD_1_008_CA_3,5,damped_trend_exponential_smoothing,4.0,4.066238234008246,damped_trend_exponential_smoothing
HOUSEHOLD_1_008_CA_3,6,damped_trend_exponential_smoothing,6.0,4.067577702721374,damped_trend_exponential_smoothing
HOUSEHOLD_1_008_CA_3,7,damped_trend_exponential_smoothing,7.0,4.068649277691876,damped_trend_exponential_smoothing
HOUSEHOLD_1_008_CA_3,8,damped_trend_exponential_smoothing,2.0,4.069506537668278,damped_trend_exponential_smoothing
HOUSEHOLD_1_008_CA_4,1,damped_trend_exponential_smoothing,1.0,1.852949653784383,damped_trend_exponential_smoothing
HOUSEHOLD_1_008_CA_4,2,damped_trend_exponential_smoothing,2.0,1.8529496541654955,damped_trend_exponential_smoothing
HOUSEHOLD_1_008_CA_4,3,damped_trend_exponential_smoothing,4.0,1.8529496545153652,damped_trend_exponential_smoothing
HOUSEHOLD_1_008_CA_4,4,damped_trend_exponential_smoothing,1.0,1.852949654836555,damped_trend_exponential_smoothing
HOUSEHOLD_1_008_CA_4,5,damped_trend_exponential_smoothing,2.0,1.8529496551314144,damped_trend_exponential_smoothing
HOUSEHOLD_1_008_CA_4,6,damped_trend_exponential_smoothing,2.0,1.8529496554021032,damped_trend_exponential_smoothing
HOUSEHOLD_1_008_CA_4,7,damped_trend_exponential_smoothing,3.0,1.8529496556506015,damped_trend_exponential_smoothing
HOUSEHOLD_1_008_CA_4,8,damped_trend_exponential_smoothing,1.0,1.8529496558787293,damped_trend_exponential_smoothing
HOUSEHOLD_1_008_TX_1,1,damped_trend_exponential_smoothing,1.0,1.4370748937268554,damped_trend_exponential_smoothing
HOUSEHOLD_1_008_TX_1,2,damped_trend_exponential_smoothing,0.0,1.4370748937268556,damped_trend_exponential_smoothing
HOUSEHOLD_1_008_TX_1,3,damped_trend_exponential_smoothing,2.0,1.4370748937268556,damped_trend_exponential_smoothing
HOUSEHOLD_1_008_TX_1,4,damped_trend_exponential_smoothing,3.0,1.4370748937268558,damped_trend_exponential_smoothing
HOUSEHOLD_1_008_TX_1,5,damped_trend_exponential_smoothing,3.0,1.4370748937268558,damped_trend_exponential_smoothing
HOUSEHOLD_1_008_TX_1,6,damped_trend_exponential_smoothing,1.0,1.437074893726856,damped_trend_exponential_smoothing
HOUSEHOLD_1_008_TX_1,7,damped_trend_exponential_smoothing,2.0,1.437074893726856,damped_trend_exponential_smoothing
HOUSEHOLD_1_008_TX_1,8,damped_trend_exponential_smoothing,3.0,1.437074893726856,damped_trend_exponential_smoothing
HOUSEHOLD_1_008_TX_2,1,damped_trend_exponential_smoothing,4.0,3.742935203336904,damped_trend_exponential_smoothing
HOUSEHOLD_1_008_TX_2,2,damped_trend_exponential_smoothing,4.0,3.755495260277904,damped_trend_exponential_smoothing
HOUSEHOLD_1_008_TX_2,3,damped_trend_exponential_smoothing,4.0,3.765543305830704,damped_trend_exponential_smoothing
HOUSEHOLD_1_008_TX_2,4,damped_trend_exponential_smoothing,1.0,3.773581742272944,damped_trend_exponential_smoothing
HOUSEHOLD_1_008_TX_2,5,damped_trend_exponential_smoothing,2.0,3.780012491426736,damped_trend_exponential_smoothing
HOUSEHOLD_1_008_TX_2,6,damped_trend_exponential_smoothing,3.0,3.78515709074977,damped_trend_exponential_smoothing
HOUSEHOLD_1_008_TX_2,7,damped_trend_exponential_smoothing,5.0,3.789272770208196,damped_trend_exponential_smoothing
HOUSEHOLD_1_008_TX_2,8,damped_trend_exponential_smoothing,3.0,3.7925653137749378,damped_trend_exponential_smoothing
HOUSEHOLD_1_008_TX_3,1,damped_trend_exponential_smoothing,3.0,2.498332438939741,damped_trend_exponential_smoothing
HOUSEHOLD_1_008_TX_3,2,damped_trend_exponential_smoothing,6.0,2.498332439027727,damped_trend_exponential_smoothing
HOUSEHOLD_1_008_TX_3,3,damped_trend_exponential_smoothing,4.0,2.49833243910685,damped_trend_exponential_smoothing
HOUSEHOLD_1_008_TX_3,4,damped_trend_exponential_smoothing,3.0,2.4983324391780024,damped_trend_exponential_smoothing
HOUSEHOLD_1_008_TX_3,5,damped_trend_exponential_smoothing,3.0,2.4983324392419872,damped_trend_exponential_smoothing
HOUSEHOLD_1_008_TX_3,6,damped_trend_exponential_smoothing,1.0,2.4983324392995265,damped_trend_exponential_smoothing
HOUSEHOLD_1_008_TX_3,7,damped_trend_exponential_smoothing,3.0,2.4983324393512696,damped_trend_exponential_smoothing
HOUSEHOLD_1_008_TX_3,8,damped_trend_exponential_smoothing,2.0,2.4983324393978004,damped_trend_exponential_smoothing
HOUSEHOLD_1_008_WI_1,1,damped_trend_exponential_smoothing,2.0,2.188152554121729,damped_trend_exponential_smoothing
HOUSEHOLD_1_008_WI_1,2,damped_trend_exponential_smoothing,2.0,2.188152554169734,damped_trend_exponential_smoothing
HOUSEHOLD_1_008_WI_1,3,damped_trend_exponential_smoothing,1.0,2.1881525542129285,damped_trend_exponential_smoothing
HOUSEHOLD_1_008_WI_1,4,damped_trend_exponential_smoothing,1.0,2.188152554251793,damped_trend_exponential_smoothing
HOUSEHOLD_1_008_WI_1,5,damped_trend_exponential_smoothing,0.0,2.188152554286764,damped_trend_exponential_smoothing
HOUSEHOLD_1_008_WI_1,6,damped_trend_exponential_smoothing,0.0,2.188152554318229,damped_trend_exponential_smoothing
HOUSEHOLD_1_008_WI_1,7,damped_trend_exponential_smoothing,7.0,2.1881525543465408,damped_trend_exponential_smoothing
HOUSEHOLD_1_008_WI_1,8,damped_trend_exponential_smoothing,1.0,2.1881525543720155,damped_trend_exponential_smoothing
HOUSEHOLD_1_008_WI_2,1,damped_trend_exponential_smoothing,6.0,3.233134483995834,damped_trend_exponential_smoothing
HOUSEHOLD_1_008_WI_2,2,damped_trend_exponential_smoothing,3.0,3.233134636565922,damped_trend_exponential_smoothing
HOUSEHOLD_1_008_WI_2,3,damped_trend_exponential_smoothing,8.0,3.2331347790277607,damped_trend_exponential_smoothing
HOUSEHOLD_1_008_WI_2,4,damped_trend_exponential_smoothing,0.0,3.233134912051053,damped_trend_exponential_smoothing
HOUSEHOLD_1_008_WI_2,5,damped_trend_exponential_smoothing,3.0,3.2331350362611326,damped_trend_exponential_smoothing
HOUSEHOLD_1_008_WI_2,6,damped_trend_exponential_smoothing,5.0,3.233135152241903,damped_trend_exponential_smoothing
HOUSEHOLD_1_008_WI_2,7,damped_trend_exponential_smoothing,0.0,3.233135260538581,damped_trend_exponential_smoothing
HOUSEHOLD_1_008_WI_2,8,damped_trend_exponential_smoothing,5.0,3.2331353616602625,damped_trend_exponential_smoothing
HOUSEHOLD_1_008_WI_3,1,damped_trend_exponential_smoothing,3.0,1.5075862448699064,damped_trend_exponential_smoothing
HOUSEHOLD_1_008_WI_3,2,damped_trend_exponential_smoothing,3.0,1.5075862448699064,damped_trend_exponential_smoothing
HOUSEHOLD_1_008_WI_3,3,damped_trend_exponential_smoothing,1.0,1.5075862448699064,damped_trend_exponential_smoothing
HOUSEHOLD_1_008_WI_3,4,damped_trend_exponential_smoothing,3.0,1.5075862448699064,damped_trend_exponential_smoothing
HOUSEHOLD_1_008_WI_3,5,damped_trend_exponential_smoothing,3.0,1.5075862448699064,damped_trend_exponential_smoothing
HOUSEHOLD_1_008_WI_3,6,damped_trend_exponential_smoothing,4.0,1.5075862448699064,damped_trend_exponential_smoothing
HOUSEHOLD_1_008_WI_3,7,damped_trend_exponential_smoothing,2.0,1.5075862448699064,damped_trend_exponential_smoothing
HOUSEHOLD_1_008_WI_3,8,damped_trend_exponential_smoothing,2.0,1.5075862448699064,damped_trend_exponential_smoothing
HOUSEHOLD_1_009_CA_1,1,damped_trend_exponential_smoothing,2.0,6.472920234490279,damped_trend_exponential_smoothing
HOUSEHOLD_1_009_CA_1,2,damped_trend_exponential_smoothing,5.0,6.4848906008675335,damped_trend_exponential_smoothing
HOUSEHOLD_1_009_CA_1,3,damped_trend_exponential_smoothing,4.0,6.496801115412902,damped_trend_exponential_smoothing
HOUSEHOLD_1_009_CA_1,4,damped_trend_exponential_smoothing,4.0,6.508652077385544,damped_trend_exponential_smoothing
HOUSEHOLD_1_009_CA_1,5,damped_trend_exponential_smoothing,2.0,6.5204437845483225,damped_trend_exponential_smoothing
HOUSEHOLD_1_009_CA_1,6,damped_trend_exponential_smoothing,4.0,6.532176533175287,damped_trend_exponential_smoothing
HOUSEHOLD_1_009_CA_1,7,damped_trend_exponential_smoothing,3.0,6.543850618059117,damped_trend_exponential_smoothing
HOUSEHOLD_1_009_CA_1,8,damped_trend_exponential_smoothing,1.0,6.555466332518527,damped_trend_exponential_smoothing
HOUSEHOLD_1_009_CA_2,1,damped_trend_exponential_smoothing,6.0,4.756333034572477,damped_trend_exponential_smoothing
HOUSEHOLD_1_009_CA_2,2,damped_trend_exponential_smoothing,6.0,4.765708922869555,damped_trend_exponential_smoothing
HOUSEHOLD_1_009_CA_2,3,damped_trend_exponential_smoothing,4.0,4.775037931725147,damped_trend_exponential_smoothing
HOUSEHOLD_1_009_CA_2,4,damped_trend_exponential_smoothing,4.0,4.784320295536461,damped_trend_exponential_smoothing
HOUSEHOLD_1_009_CA_2,5,damped_trend_exponential_smoothing,3.0,4.793556247528719,damped_trend_exponential_smoothing
HOUSEHOLD_1_009_CA_2,6,damped_trend_exponential_smoothing,5.0,4.802746019761015,damped_trend_exponential_smoothing
HOUSEHOLD_1_009_CA_2,7,damped_trend_exponential_smoothing,4.0,4.81188984313215,damped_trend_exponential_smoothing
HOUSEHOLD_1_009_CA_2,8,damped_trend_exponential_smoothing,7.0,4.8209879473864286,damped_trend_exponential_smoothing
HOUSEHOLD_1_009_CA_3,1,damped_trend_exponential_smoothing,8.0,1.5443041396339892,damped_trend_exponential_smoothing
HOUSEHOLD_1_009_CA_3,2,damped_trend_exponential_smoothing,10.0,1.5497812488753806,damped_trend_exponential_smoothing
HOUSEHOLD_1_009_CA_3,3,damped_trend_exponential_smoothing,10.0,1.555216801445105,damped_trend_exponential_smoothing
HOUSEHOLD_1_009_CA_3,4,damped_trend_exponential_smoothing,4.0,1.560611112647621,damped_trend_exponential_smoothing
HOUSEHOLD_1_009_CA_3,5,damped_trend_exponential_smoothing,7.0,1.5659644953950649,damped_trend_exponential_smoothing
HOUSEHOLD_1_009_CA_3,6,damped_trend_exponential_smoothing,9.0,1.5712772602254037,damped_trend_exponential_smoothing
HOUSEHOLD_1_009_CA_3,7,damped_trend_exponential_smoothing,13.0,1.5765497153204482,damped_trend_exponential_smoothing
HOUSEHOLD_1_009_CA_3,8,damped_trend_exponential_smoothing,10.0,1.5817821665237308,damped_trend_exponential_smoothing
HOUSEHOLD_1_009_CA_4,1,damped_trend_exponential_smoothing,2.0,2.120980339287959,damped_trend_exponential_smoothing
HOUSEHOLD_1_009_CA_4,2,damped_trend_exponential_smoothing,4.0,2.125920276334146,damped_trend_exponential_smoothing
HOUSEHOLD_1_009_CA_4,3,damped_trend_exponential_smoothing,1.0,2.1308355136951027,damped_trend_exponential_smoothing
HOUSEHOLD_1_009_CA_4,4,damped_trend_exponential_smoothing,3.0,2.135726174869254,damped_trend_exponential_smoothing
HOUSEHOLD_1_009_CA_4,5,damped_trend_exponential_smoothing,2.0,2.1405923827375357,damped_trend_exponential_smoothing
HOUSEHOLD_1_009_CA_4,6,damped_trend_exponential_smoothing,2.0,2.145434259566475,damped_trend_exponential_smoothing
HOUSEHOLD_1_009_CA_4,7,damped_trend_exponential_smoothing,2.0,2.150251927011269,damped_trend_exponential_smoothing
HOUSEHOLD_1_009_CA_4,8,damped_trend_exponential_smoothing,2.0,2.1550455061188405,damped_trend_exponential_smoothing
HOUSEHOLD_1_009_TX_1,1,damped_trend_exponential_smoothing,3.0,2.280489427664804,damped_trend_exponential_smoothing
HOUSEHOLD_1_009_TX_1,2,damped_trend_exponential_smoothing,2.0,2.2860707367984165,damped_trend_exponential_smoothing
HOUSEHOLD_1_009_TX_1,3,damped_trend_exponential_smoothing,5.0,2.291624139386361,damped_trend_exponential_smoothing
HOUSEHOLD_1_009_TX_1,4,damped_trend_exponential_smoothing,2.0,2.2971497749613654,damped_trend_exponential_smoothing
HOUSEHOLD_1_009_TX_1,5,damped_trend_exponential_smoothing,5.0,2.302647782358495,damped_trend_exponential_smoothing
HOUSEHOLD_1_009_TX_1,6,damped_trend_exponential_smoothing,2.0,2.3081182997186387,damped_trend_exponential_smoothing
HOUSEHOLD_1_009_TX_1,7,damped_trend_exponential_smoothing,0.0,2.313561464491982,damped_trend_exponential_smoothing
HOUSEHOLD_1_009_TX_1,8,damped_trend_exponential_smoothing,0.0,2.3189774134414587,damped_trend_exponential_smoothing
HOUSEHOLD_1_009_TX_2,1,damped_trend_exponential_smoothing,8.0,6.573682774708446,damped_trend_exponential_smoothing
HOUSEHOLD_1_009_TX_2,2,damped_trend_exponential_smoothing,6.0,6.586622495478635,damped_trend_exponential_smoothing
HOUSEHOLD_1_009_TX_2,3,damped_trend_exponential_smoothing,5.0,6.5994975176449735,damped_trend_exponential_smoothing
HOUSEHOLD_1_009_TX_2,4,damped_trend_exponential_smoothing,4.0,6.61230816470048,damped_trend_exponential_smoothing
HOUSEHOLD_1_009_TX_2,5,damped_trend_exponential_smoothing,1.0,6.62505475852071,damped_trend_exponential_smoothing
HOUSEHOLD_1_009_TX_2,6,damped_trend_exponential_smoothing,0.0,6.637737619371838,damped_trend_exponential_smoothing
HOUSEHOLD_1_009_TX_2,7,damped_trend_exponential_smoothing,2.0,6.65035706591871,damped_trend_exponential_smoothing
HOUSEHOLD_1_009_TX_2,8,damped_trend_exponential_smoothing,5.0,6.662913415232849,damped_trend_exponential_smoothing
HOUSEHOLD_1_009_TX_3,1,damped_trend_exponential_smoothing,3.0,3.51662790735184,damped_trend_exponential_smoothing
HOUSEHOLD_1_009_TX_3,2,damped_trend_exponential_smoothing,1.0,3.5243040422342733,damped_trend_exponential_smoothing
HOUSEHOLD_1_009_TX_3,3,damped_trend_exponential_smoothing,6.0,3.5319417964422946,damped_trend_exponential_smoothing
HOUSEHOLD_1_009_TX_3,4,damped_trend_exponential_smoothing,5.0,3.5395413618792757,damped_trend_exponential_smoothing
HOUSEHOLD_1_009_TX_3,5,damped_trend_exponential_smoothing,1.0,3.5471029294890712,damped_trend_exponential_smoothing
HOUSEHOLD_1_009_TX_3,6,damped_trend_exponential_smoothing,0.0,3.5546266892608185,damped_trend_exponential_smoothing
HOUSEHOLD_1_009_TX_3,7,damped_trend_exponential_smoothing,0.0,3.562112830233707,damped_trend_exponential_smoothing
HOUSEHOLD_1_009_TX_3,8,damped_trend_exponential_smoothing,0.0,3.5695615405017307,damped_trend_exponential_smoothing
HOUSEHOLD_1_009_WI_1,1,damped_trend_exponential_smoothing,1.0,1.382563751780081,damped_trend_exponential_smoothing
HOUSEHOLD_1_009_WI_1,2,damped_trend_exponential_smoothing,4.0,1.3859931436044866,damped_trend_exponential_smoothing
HOUSEHOLD_1_009_WI_1,3,damped_trend_exponential_smoothing,1.0,1.38940538846977,damped_trend_exponential_smoothing
HOUSEHOLD_1_009_WI_1,4,damped_trend_exponential_smoothing,1.0,1.3928005721107273,damped_trend_exponential_smoothing
HOUSEHOLD_1_009_WI_1,5,damped_trend_exponential_smoothing,2.0,1.3961787798334797,damped_trend_exponential_smoothing
HOUSEHOLD_1_009_WI_1,6,damped_trend_exponential_smoothing,1.0,1.399540096517618,damped_trend_exponential_smoothing
HOUSEHOLD_1_009_WI_1,7,damped_trend_exponential_smoothing,2.0,1.4028846066183358,damped_trend_exponential_smoothing
HOUSEHOLD_1_009_WI_1,8,damped_trend_exponential_smoothing,1.0,1.40621239416855,damped_trend_exponential_smoothing
HOUSEHOLD_1_009_WI_2,1,damped_trend_exponential_smoothing,7.0,2.571945950535929,damped_trend_exponential_smoothing
HOUSEHOLD_1_009_WI_2,2,damped_trend_exponential_smoothing,5.0,2.5775713073897446,damped_trend_exponential_smoothing
HOUSEHOLD_1_009_WI_2,3,damped_trend_exponential_smoothing,1.0,2.583168537459291,damped_trend_exponential_smoothing
HOUSEHOLD_1_009_WI_2,4,damped_trend_exponential_smoothing,4.0,2.58873778137849,damped_trend_exponential_smoothing
HOUSEHOLD_1_009_WI_2,5,damped_trend_exponential_smoothing,2.0,2.5942791790780926,damped_trend_exponential_smoothing
HOUSEHOLD_1_009_WI_2,6,damped_trend_exponential_smoothing,0.0,2.599792869789197,damped_trend_exponential_smoothing
HOUSEHOLD_1_009_WI_2,7,damped_trend_exponential_smoothing,1.0,2.6052789920467467,damped_trend_exponential_smoothing
HOUSEHOLD_1_009_WI_2,8,damped_trend_exponential_smoothing,0.0,2.6107376836930083,damped_trend_exponential_smoothing
HOUSEHOLD_1_009_WI_3,1,damped_trend_exponential_smoothing,3.0,2.6388533358200714,damped_trend_exponential_smoothing
HOUSEHOLD_1_009_WI_3,2,damped_trend_exponential_smoothing,2.0,2.6542352533324194,damped_trend_exponential_smoothing
HOUSEHOLD_1_009_WI_3,3,damped_trend_exponential_smoothing,0.0,2.66881866538502,damped_trend_exponential_smoothing
HOUSEHOLD_1_009_WI_3,4,damped_trend_exponential_smoothing,1.0,2.6826450239599646,damped_trend_exponential_smoothing
HOUSEHOLD_1_009_WI_3,5,damped_trend_exponential_smoothing,2.0,2.6957536291857807,damped_trend_exponential_smoothing
HOUSEHOLD_1_009_WI_3,6,damped_trend_exponential_smoothing,1.0,2.708181741044364,damped_trend_exponential_smoothing
HOUSEHOLD_1_009_WI_3,7,damped_trend_exponential_smoothing,3.0,2.7199646852789834,damped_trend_exponential_smoothing
HOUSEHOLD_1_009_WI_3,8,damped_trend_exponential_smoothing,2.0,2.7311359538044027,damped_trend_exponential_smoothing
HOUSEHOLD_1_010_CA_1,1,damped_trend_exponential_smoothing,8.0,9.92738923369044,damped_trend_exponential_smoothing
HOUSEHOLD_1_010_CA_1,2,damped_trend_exponential_smoothing,14.0,9.947459231100142,damped_trend_exponential_smoothing
HOUSEHOLD_1_010_CA_1,3,damped_trend_exponential_smoothing,11.0,9.967428878522794,damped_trend_exponential_smoothing
HOUSEHOLD_1_010_CA_1,4,damped_trend_exponential_smoothing,8.0,9.987298677708331,damped_trend_exponential_smoothing
HOUSEHOLD_1_010_CA_1,5,damped_trend_exponential_smoothing,9.0,10.007069127897944,damped_trend_exponential_smoothing
HOUSEHOLD_1_010_CA_1,6,damped_trend_exponential_smoothing,8.0,10.026740725836609,damped_trend_exponential_smoothing
HOUSEHOLD_1_010_CA_1,7,damped_trend_exponential_smoothing,17.0,10.04631396578558,damped_trend_exponential_smoothing
HOUSEHOLD_1_010_CA_1,8,damped_trend_exponential_smoothing,9.0,10.065789339534804,damped_trend_exponential_smoothing
HOUSEHOLD_1_010_CA_2,1,damped_trend_exponential_smoothing,12.0,4.204925979472384,damped_trend_exponential_smoothing
HOUSEHOLD_1_010_CA_2,2,damped_trend_exponential_smoothing,8.0,4.217477662764679,damped_trend_exponential_smoothing
HOUSEHOLD_1_010_CA_2,3,damped_trend_exponential_smoothing,9.0,4.229965529819332,damped_trend_exponential_smoothing
HOUSEHOLD_1_010_CA_2,4,damped_trend_exponential_smoothing,7.0,4.242389905095787,damped_trend_exponential_smoothing
HOUSEHOLD_1_010_CA_2,5,damped_trend_exponential_smoothing,5.0,4.254751111403845,damped_trend_exponential_smoothing
HOUSEHOLD_1_010_CA_2,6,damped_trend_exponential_smoothing,10.0,4.267049469912054,damped_trend_exponential_smoothing
HOUSEHOLD_1_010_CA_2,7,damped_trend_exponential_smoothing,6.0,4.279285300156055,damped_trend_exponential_smoothing
HOUSEHOLD_1_010_CA_2,8,damped_trend_exponential_smoothing,6.0,4.291458920046875,damped_trend_exponential_smoothing
HOUSEHOLD_1_010_CA_3,1,damped_trend_exponential_smoothing,9.0,15.798869576012734,damped_trend_exponential_smoothing
HOUSEHOLD_1_010_CA_3,2,damped_trend_exponential_smoothing,2.0,15.83152219285626,damped_trend_exponential_smoothing
HOUSEHOLD_1_010_CA_3,3,damped_trend_exponential_smoothing,12.0,15.86401154661557,damped_trend_exponential_smoothing
HOUSEHOLD_1_010_CA_3,4,damped_trend_exponential_smoothing,8.0,15.896338453606084,damped_trend_exponential_smoothing
HOUSEHOLD_1_010_CA_3,5,damped_trend_exponential_smoothing,7.0,15.928503726061646,damped_trend_exponential_smoothing
HOUSEHOLD_1_010_CA_3,6,damped_trend_exponential_smoothing,14.0,15.960508172154928,damped_trend_exponential_smoothing
HOUSEHOLD_1_010_CA_3,7,damped_trend_exponential_smoothing,7.0,15.992352596017744,damped_trend_exponential_smoothing
HOUSEHOLD_1_010_CA_3,8,damped_trend_exponential_smoothing,12.0,16.024037797761245,damped_trend_exponential_smoothing
HOUSEHOLD_1_010_CA_4,1,damped_trend_exponential_smoothing,0.0,0.0619241735421666,damped_trend_exponential_smoothing
HOUSEHOLD_1_010_CA_4,2,damped_trend_exponential_smoothing,0.0,0.0633959364448622,damped_trend_exponential_smoothing
HOUSEHOLD_1_010_CA_4,3,damped_trend_exponential_smoothing,0.0,0.0648534735389531,damped_trend_exponential_smoothing
HOUSEHOLD_1_010_CA_4,4,damped_trend_exponential_smoothing,0.0,0.0662969223286731,damped_trend_exponential_smoothing
HOUSEHOLD_1_010_CA_4,5,damped_trend_exponential_smoothing,1.0,0.0677264189891639,damped_trend_exponential_smoothing
HOUSEHOLD_1_010_CA_4,6,damped_trend_exponential_smoothing,4.0,0.0691420983793213,damped_trend_exponential_smoothing
HOUSEHOLD_1_010_CA_4,7,damped_trend_exponential_smoothing,4.0,0.0705440940545181,damped_trend_exponential_smoothing
HOUSEHOLD_1_010_CA_4,8,damped_trend_exponential_smoothing,6.0,0.0719325382792037,damped_trend_exponential_smoothing
HOUSEHOLD_1_010_TX_1,1,damped_trend_exponential_smoothing,13.0,8.761697111931024,damped_trend_exponential_smoothing
HOUSEHOLD_1_010_TX_1,2,damped_trend_exponential_smoothing,6.0,8.779371739309559,damped_trend_exponential_smoothing
HOUSEHOLD_1_010_TX_1,3,damped_trend_exponential_smoothing,12.0,8.796957993551201,damped_trend_exponential_smoothing
HOUSEHOLD_1_010_TX_1,4,damped_trend_exponential_smoothing,7.0,8.814456316521635,damped_trend_exponential_smoothing
HOUSEHOLD_1_010_TX_1,5,damped_trend_exponential_smoothing,10.0,8.831867147877219,damped_trend_exponential_smoothing
HOUSEHOLD_1_010_TX_1,6,damped_trend_exponential_smoothing,10.0,8.849190925076023,damped_trend_exponential_smoothing
HOUSEHOLD_1_010_TX_1,7,damped_trend_exponential_smoothing,5.0,8.866428083388833,damped_trend_exponential_smoothing
HOUSEHOLD_1_010_TX_1,8,damped_trend_exponential_smoothing,1.0,8.88357905591008,damped_trend_exponential_smoothing
HOUSEHOLD_1_010_TX_2,1,damped_trend_exponential_smoothing,9.0,13.492113368135913,damped_trend_exponential_smoothing
HOUSEHOLD_1_010_TX_2,2,damped_trend_exponential_smoothing,9.0,13.518633375959274,damped_trend_exponential_smoothing
HOUSEHOLD_1_010_TX_2,3,damped_trend_exponential_smoothing,10.0,13.54502078374352,damped_trend_exponential_smoothing
HOUSEHOLD_1_010_TX_2,4,damped_trend_exponential_smoothing,10.0,13.571276254488842,damped_trend_exponential_smoothing
HOUSEHOLD_1_010_TX_2,5,damped_trend_exponential_smoothing,7.0,13.597400447880435,damped_trend_exponential_smoothing
HOUSEHOLD_1_010_TX_2,6,damped_trend_exponential_smoothing,5.0,13.623394020305076,damped_trend_exponential_smoothing
HOUSEHOLD_1_010_TX_2,7,damped_trend_exponential_smoothing,9.0,13.649257624867593,damped_trend_exponential_smoothing
HOUSEHOLD_1_010_TX_2,8,damped_trend_exponential_smoothing,7.0,13.674991911407297,damped_trend_exponential_smoothing
HOUSEHOLD_1_010_TX_3,1,damped_trend_exponential_smoothing,9.0,0.0872514987629286,damped_trend_exponential_smoothing
HOUSEHOLD_1_010_TX_3,2,damped_trend_exponential_smoothing,13.0,0.0907676824189183,damped_trend_exponential_smoothing
HOUSEHOLD_1_010_TX_3,3,damped_trend_exponential_smoothing,9.0,0.0942504802269571,damped_trend_exponential_smoothing
HOUSEHOLD_1_010_TX_3,4,damped_trend_exponential_smoothing,4.0,0.0977002091826721,damped_trend_exponential_smoothing
HOUSEHOLD_1_010_TX_3,5,damped_trend_exponential_smoothing,4.0,0.1011171832718456,damped_trend_exponential_smoothing
HOUSEHOLD_1_010_TX_3,6,damped_trend_exponential_smoothing,7.0,0.104501713498993,damped_trend_exponential_smoothing
HOUSEHOLD_1_010_TX_3,7,damped_trend_exponential_smoothing,8.0,0.1078541079156698,damped_trend_exponential_smoothing
HOUSEHOLD_1_010_TX_3,8,damped_trend_exponential_smoothing,4.0,0.1111746716485095,damped_trend_exponential_smoothing
HOUSEHOLD_1_010_WI_1,1,damped_trend_exponential_smoothing,9.0,5.582063530290187,damped_trend_exponential_smoothing
HOUSEHOLD_1_010_WI_1,2,damped_trend_exponential_smoothing,9.0,5.59364632517593,damped_trend_exponential_smoothing
HOUSEHOLD_1_010_WI_1,3,damped_trend_exponential_smoothing,10.0,5.605171206087246,damped_trend_exponential_smoothing
HOUSEHOLD_1_010_WI_1,4,damped_trend_exponential_smoothing,3.0,5.616638462594005,damped_trend_exponential_smoothing
HOUSEHOLD_1_010_WI_1,5,damped_trend_exponential_smoothing,8.0,5.628048382818229,damped_trend_exponential_smoothing
HOUSEHOLD_1_010_WI_1,6,damped_trend_exponential_smoothing,2.0,5.639401253441333,damped_trend_exponential_smoothing
HOUSEHOLD_1_010_WI_1,7,damped_trend_exponential_smoothing,14.0,5.650697359711322,damped_trend_exponential_smoothing
HOUSEHOLD_1_010_WI_1,8,damped_trend_exponential_smoothing,5.0,5.661936985449961,damped_trend_exponential_smoothing
HOUSEHOLD_1_010_WI_2,1,damped_trend_exponential_smoothing,5.0,10.614600231955636,damped_trend_exponential_smoothing
HOUSEHOLD_1_010_WI_2,2,damped_trend_exponential_smoothing,2.0,10.633702807768698,damped_trend_exponential_smoothing
HOUSEHOLD_1_010_WI_2,3,damped_trend_exponential_smoothing,2.0,10.652709870702694,damped_trend_exponential_smoothing
HOUSEHOLD_1_010_WI_2,4,damped_trend_exponential_smoothing,9.0,10.67162189832202,damped_trend_exponential_smoothing
HOUSEHOLD_1_010_WI_2,5,damped_trend_exponential_smoothing,11.0,10.69043936580325,damped_trend_exponential_smoothing
HOUSEHOLD_1_010_WI_2,6,damped_trend_exponential_smoothing,9.0,10.709162745947074,damped_trend_exponential_smoothing
HOUSEHOLD_1_010_WI_2,7,damped_trend_exponential_smoothing,8.0,10.72779250919018,damped_trend_exponential_smoothing
HOUSEHOLD_1_010_WI_2,8,damped_trend_exponential_smoothing,6.0,10.746329123617068,damped_trend_exponential_smoothing
HOUSEHOLD_1_010_WI_3,1,damped_trend_exponential_smoothing,13.0,0.0026545059320558,damped_trend_exponential_smoothing
HOUSEHOLD_1_010_WI_3,2,damped_trend_exponential_smoothing,2.0,0.0045664138641079,damped_trend_exponential_smoothing
HOUSEHOLD_1_010_WI_3,3,damped_trend_exponential_smoothing,12.0,0.0064597346323271,damped_trend_exponential_smoothing
HOUSEHOLD_1_010_WI_3,4,damped_trend_exponential_smoothing,12.0,0.0083346489371822,damped_trend_exponential_smoothing
HOUSEHOLD_1_010_WI_3,5,damped_trend_exponential_smoothing,4.0,0.0101913357224101,damped_trend_exponential_smoothing
HOUSEHOLD_1_010_WI_3,6,damped_trend_exponential_smoothing,10.0,0.0120299721920948,damped_trend_exponential_smoothing
HOUSEHOLD_1_010_WI_3,7,damped_trend_exponential_smoothing,6.0,0.0138507338275794,damped_trend_exponential_smoothing
HOUSEHOLD_1_010_WI_3,8,damped_trend_exponential_smoothing,6.0,0.015653794404215,damped_trend_exponential_smoothing
