sku_id,week_start_date,horizon,predicted_demand,weekly_units_sold
FOODS_1_001_CA_1,2016-02-27,1,4.880634533174241,2
FOODS_1_001_CA_2,2016-02-27,1,7.989060836483913,5
FOODS_1_001_CA_3,2016-02-27,1,8.527767463173392,14
FOODS_1_001_CA_4,2016-02-27,1,0.44540947943943165,1
FOODS_1_001_TX_1,2016-02-27,1,3.8856214183491926,0
FOODS_1_001_TX_2,2016-02-27,1,5.128026873998019,9
FOODS_1_001_TX_3,2016-02-27,1,2.834888259875853,1
FOODS_1_001_WI_1,2016-02-27,1,3.9276641760889466,1
FOODS_1_001_WI_2,2016-02-27,1,2.3072877748886294,0
FOODS_1_001_WI_3,2016-02-27,1,1.4882303244238226,3
FOODS_1_002_CA_1,2016-02-27,1,2.460144826006681,1
FOODS_1_002_CA_2,2016-02-27,1,5.212059109867398,11
FOODS_1_002_CA_3,2016-02-27,1,0.6496498721275736,3
FOODS_1_002_CA_4,2016-02-27,1,3.1518831264032956,2
FOODS_1_002_TX_1,2016-02-27,1,1.6572102540492986,0
FOODS_1_002_TX_2,2016-02-27,1,1.3724023432560806,1
FOODS_1_002_TX_3,2016-02-27,1,2.177870134230899,4
FOODS_1_002_WI_1,2016-02-27,1,7.709602390266087,5
FOODS_1_002_WI_2,2016-02-27,1,3.932547293397899,6
FOODS_1_002_WI_3,2016-02-27,1,1.1279681285355077,1
FOODS_1_003_CA_1,2016-02-27,1,5.15249305633096,6
FOODS_1_003_CA_2,2016-02-27,1,7.200685181505055,6
FOODS_1_003_CA_3,2016-02-27,1,4.841855444428864,7
FOODS_1_003_CA_4,2016-02-27,1,1.8541042125057643,3
FOODS_1_003_TX_1,2016-02-27,1,1.7285962998422884,7
FOODS_1_003_TX_2,2016-02-27,1,2.0570206112843192,4
FOODS_1_003_TX_3,2016-02-27,1,1.51425706490294,0
FOODS_1_003_WI_1,2016-02-27,1,7.922435655479084,12
FOODS_1_003_WI_2,2016-02-27,1,0.2900967565907012,2
FOODS_1_003_WI_3,2016-02-27,1,1.7967153471443527,0
FOODS_1_004_CA_1,2016-02-27,1,15.809020954051357,0
FOODS_1_004_CA_2,2016-02-27,1,5.560582398093603,0
FOODS_1_004_CA_3,2016-02-27,1,2.8804007059940875,5
FOODS_1_004_CA_4,2016-02-27,1,2.584172946286815,0
FOODS_1_004_TX_1,2016-02-27,1,13.646220074274929,0
FOODS_1_004_TX_2,2016-02-27,1,4.439391121212632,0
FOODS_1_004_TX_3,2016-02-27,1,4.042990732739928,0
FOODS_1_004_WI_1,2016-02-27,1,3.1249496914761883,0
FOODS_1_004_WI_2,2016-02-27,1,23.137705121173948,0
FOODS_1_004_WI_3,2016-02-27,1,8.598174487348432,0
FOODS_1_005_CA_1,2016-02-27,1,10.842632549785206,5
FOODS_1_005_CA_2,2016-02-27,1,24.445568110752266,8
FOODS_1_005_CA_3,2016-02-27,1,20.267837190029734,19
FOODS_1_005_CA_4,2016-02-27,1,3.721519701786063,1
FOODS_1_005_TX_1,2016-02-27,1,4.813652749282574,4
FOODS_1_005_TX_2,2016-02-27,1,8.32619223632459,2
FOODS_1_005_TX_3,2016-02-27,1,7.454891149930941,5
FOODS_1_005_WI_1,2016-02-27,1,18.18347971220985,21
FOODS_1_005_WI_2,2016-02-27,1,21.91709449010646,19
FOODS_1_005_WI_3,2016-02-27,1,11.941139872369895,11
FOODS_1_006_CA_1,2016-02-27,1,13.199749403197666,13
FOODS_1_006_CA_2,2016-02-27,1,6.196265089799509,13
FOODS_1_006_CA_3,2016-02-27,1,10.810960661172064,12
FOODS_1_006_CA_4,2016-02-27,1,10.359989668181445,9
FOODS_1_006_TX_1,2016-02-27,1,4.427648066593427,5
FOODS_1_006_TX_2,2016-02-27,1,4.438899529717236,3
FOODS_1_006_TX_3,2016-02-27,1,9.82386028115102,0
FOODS_1_006_WI_1,2016-02-27,1,10.807984007873122,16
FOODS_1_006_WI_2,2016-02-27,1,7.6936548569192045,14
FOODS_1_006_WI_3,2016-02-27,1,7.620749453057906,5
FOODS_1_008_CA_1,2016-02-27,1,2.892906975445115,3
FOODS_1_008_CA_2,2016-02-27,1,1.9185760896558768,0
FOODS_1_008_CA_3,2016-02-27,1,1.4533992830440468,0
FOODS_1_008_CA_4,2016-02-27,1,1.8085074080916395,4
FOODS_1_008_TX_1,2016-02-27,1,1.426048016591427,5
FOODS_1_008_TX_2,2016-02-27,1,1.110454149326181,4
FOODS_1_008_TX_3,2016-02-27,1,1.4396697494686048,1
FOODS_1_008_WI_1,2016-02-27,1,3.106122684954145,4
FOODS_1_008_WI_2,2016-02-27,1,2.9068937552093477,2
FOODS_1_008_WI_3,2016-02-27,1,1.1666034816742328,0
FOODS_1_009_CA_1,2016-02-27,1,3.2962766343609653,0
FOODS_1_009_CA_2,2016-02-27,1,1.4597021286226175,0
FOODS_1_009_CA_3,2016-02-27,1,4.292580686380723,1
FOODS_1_009_CA_4,2016-02-27,1,1.304856353985205,0
FOODS_1_009_TX_1,2016-02-27,1,0.7384320681493366,0
FOODS_1_009_TX_2,2016-02-27,1,1.0576850082500662,0
FOODS_1_009_TX_3,2016-02-27,1,0.6795845261400457,0
FOODS_1_009_WI_1,2016-02-27,1,1.160219126960704,0
FOODS_1_009_WI_2,2016-02-27,1,1.3925237412850018,0
FOODS_1_009_WI_3,2016-02-27,1,0.7245750403603824,0
FOODS_1_010_CA_1,2016-02-27,1,1.0002495828542883,0
FOODS_1_010_CA_2,2016-02-27,1,3.2042366050947977,7
FOODS_1_010_CA_3,2016-02-27,1,3.5149152695406793,3
FOODS_1_010_CA_4,2016-02-27,1,0.3454676641924723,0
FOODS_1_010_TX_1,2016-02-27,1,2.369985885047113,0
FOODS_1_010_TX_2,2016-02-27,1,5.939864691299508,3
FOODS_1_010_TX_3,2016-02-27,1,5.915343332304732,6
FOODS_1_010_WI_1,2016-02-27,1,8.245144502189376,5
FOODS_1_010_WI_2,2016-02-27,1,2.498849278246367,1
FOODS_1_010_WI_3,2016-02-27,1,5.668734449211801,9
FOODS_1_011_CA_1,2016-02-27,1,8.34995191064596,5
FOODS_1_011_CA_2,2016-02-27,1,14.949091194516651,30
FOODS_1_011_CA_3,2016-02-27,1,7.799071531302946,21
FOODS_1_011_CA_4,2016-02-27,1,6.630194726893396,12
FOODS_1_011_TX_1,2016-02-27,1,4.824201497406642,4
FOODS_1_011_TX_2,2016-02-27,1,3.4571780431383266,2
FOODS_1_011_TX_3,2016-02-27,1,2.084298214743187,3
FOODS_1_011_WI_1,2016-02-27,1,6.141983039912945,9
FOODS_1_011_WI_2,2016-02-27,1,4.613227840186479,3
FOODS_1_011_WI_3,2016-02-27,1,3.116541755892879,2
HOBBIES_1_001_CA_1,2016-02-27,1,5.235400465754302,10
HOBBIES_1_001_CA_2,2016-02-27,1,3.99152392294931,6
HOBBIES_1_001_CA_3,2016-02-27,1,5.767672495160654,6
HOBBIES_1_001_CA_4,2016-02-27,1,5.065267779566352,8
HOBBIES_1_001_TX_1,2016-02-27,1,2.1929072233780884,2
HOBBIES_1_001_TX_2,2016-02-27,1,3.370892053770129,1
HOBBIES_1_001_TX_3,2016-02-27,1,3.65942298298337,3
HOBBIES_1_001_WI_1,2016-02-27,1,2.5057953096317123,1
HOBBIES_1_001_WI_2,2016-02-27,1,0.28310446170858883,0
HOBBIES_1_001_WI_3,2016-02-27,1,1.803085250609496,4
HOBBIES_1_002_CA_1,2016-02-27,1,1.9818482725341033,1
HOBBIES_1_002_CA_2,2016-02-27,1,0.4318693409852893,1
HOBBIES_1_002_CA_3,2016-02-27,1,1.9842097571202177,1
HOBBIES_1_002_CA_4,2016-02-27,1,0.08704917711146185,2
HOBBIES_1_002_TX_1,2016-02-27,1,0.16171616090140423,1
HOBBIES_1_002_TX_2,2016-02-27,1,1.453002541582102,0
HOBBIES_1_002_TX_3,2016-02-27,1,0.07633811750641459,0
HOBBIES_1_002_WI_1,2016-02-27,1,6.399991129457337,4
HOBBIES_1_002_WI_2,2016-02-27,1,4.8411590934270645,5
HOBBIES_1_002_WI_3,2016-02-27,1,2.6245768051731186,3
HOBBIES_1_003_CA_1,2016-02-27,1,2.673806562664268,0
HOBBIES_1_003_CA_2,2016-02-27,1,3.823711848039143,3
HOBBIES_1_003_CA_3,2016-02-27,1,2.0762650753031164,3
HOBBIES_1_003_CA_4,2016-02-27,1,0.9961304414062441,2
HOBBIES_1_003_TX_1,2016-02-27,1,0.8468609559855065,0
HOBBIES_1_003_TX_2,2016-02-27,1,1.303359992512511,1
HOBBIES_1_003_TX_3,2016-02-27,1,1.5305071799293777,0
HOBBIES_1_003_WI_1,2016-02-27,1,1.9991992052626977,5
HOBBIES_1_003_WI_2,2016-02-27,1,1.7557884298319804,1
HOBBIES_1_003_WI_3,2016-02-27,1,1.2900272003990139,0
HOBBIES_1_004_CA_1,2016-02-27,1,15.071635374160158,7
HOBBIES_1_004_CA_2,2016-02-27,1,20.44230087929488,13
HOBBIES_1_004_CA_3,2016-02-27,1,38.79510514550685,41
HOBBIES_1_004_CA_4,2016-02-27,1,5.675228602976886,7
HOBBIES_1_004_TX_1,2016-02-27,1,4.444803573334165,9
HOBBIES_1_004_TX_2,2016-02-27,1,6.696033151427352,5
HOBBIES_1_004_TX_3,2016-02-27,1,6.809761190679909,0
HOBBIES_1_004_WI_1,2016-02-27,1,3.256810520451453,2
HOBBIES_1_004_WI_2,2016-02-27,1,5.1622454448315,4
HOBBIES_1_004_WI_3,2016-02-27,1,16.945265165943994,13
HOBBIES_1_005_CA_1,2016-02-27,1,8.029765705629288,6
HOBBIES_1_005_CA_2,2016-02-27,1,10.202575534100342,15
HOBBIES_1_005_CA_3,2016-02-27,1,10.898405865895585,10
HOBBIES_1_005_CA_4,2016-02-27,1,11.81711124143185,11
HOBBIES_1_005_TX_1,2016-02-27,1,5.402321541343915,7
HOBBIES_1_005_TX_2,2016-02-27,1,4.250594420184416,2
HOBBIES_1_005_TX_3,2016-02-27,1,3.9738907949607962,1
HOBBIES_1_005_WI_1,2016-02-27,1,5.573173949339174,12
HOBBIES_1_005_WI_2,2016-02-27,1,3.661264738581505,4
HOBBIES_1_005_WI_3,2016-02-27,1,3.015141010992032,4
HOBBIES_1_006_CA_1,2016-02-27,1,7.104500530827177,4
HOBBIES_1_006_CA_2,2016-02-27,1,5.232831828763057,5
HOBBIES_1_006_CA_3,2016-02-27,1,7.567539643576218,13
HOBBIES_1_006_CA_4,2016-02-27,1,0.33520826037257756,0
HOBBIES_1_006_TX_1,2016-02-27,1,3.292888605470403,4
HOBBIES_1_006_TX_2,2016-02-27,1,1.732020269144674,9
HOBBIES_1_006_TX_3,2016-02-27,1,1.983985913876134,2
HOBBIES_1_006_WI_1,2016-02-27,1,16.356748308906674,17
HOBBIES_1_006_WI_2,2016-02-27,1,8.011683435725296,14
HOBBIES_1_006_WI_3,2016-02-27,1,4.742670575126149,5
HOBBIES_1_007_CA_1,2016-02-27,1,2.2484555571306704,2
HOBBIES_1_007_CA_2,2016-02-27,1,1.9141781619483893,2
HOBBIES_1_007_CA_3,2016-02-27,1,1.7317616187624008,2
HOBBIES_1_007_CA_4,2016-02-27,1,2.252063503538009,5
HOBBIES_1_007_TX_1,2016-02-27,1,2.21163072450075,1
HOBBIES_1_007_TX_2,2016-02-27,1,1.3001218674673383,1
HOBBIES_1_007_TX_3,2016-02-27,1,1.6827130862361837,3
HOBBIES_1_007_WI_1,2016-02-27,1,3.357306270439819,4
HOBBIES_1_007_WI_2,2016-02-27,1,1.9948762673516596,1
HOBBIES_1_007_WI_3,2016-02-27,1,1.5692806442181029,1
HOBBIES_1_008_CA_1,2016-02-27,1,87.10010494674623,17
HOBBIES_1_008_CA_2,2016-02-27,1,31.65929527212193,66
HOBBIES_1_008_CA_3,2016-02-27,1,46.29535605043194,0
HOBBIES_1_008_CA_4,2016-02-27,1,17.68044602441214,39
HOBBIES_1_008_TX_1,2016-02-27,1,1.1852033322090665,0
HOBBIES_1_008_TX_2,2016-02-27,1,28.337208275424423,9
HOBBIES_1_008_TX_3,2016-02-27,1,14.52468700967299,6
HOBBIES_1_008_WI_1,2016-02-27,1,20.109792135237832,35
HOBBIES_1_008_WI_2,2016-02-27,1,18.069285622688405,33
HOBBIES_1_008_WI_3,2016-02-27,1,19.106869061110956,21
HOBBIES_1_009_CA_1,2016-02-27,1,0.5252539825219298,2
HOBBIES_1_009_CA_2,2016-02-27,1,6.1460136508288175,5
HOBBIES_1_009_CA_3,2016-02-27,1,6.740489187290952,3
HOBBIES_1_009_CA_4,2016-02-27,1,17.967985074231994,22
HOBBIES_1_009_TX_1,2016-02-27,1,3.436075048040104,7
HOBBIES_1_009_TX_2,2016-02-27,1,4.738205436871417,5
HOBBIES_1_009_TX_3,2016-02-27,1,2.156357889176826,6
HOBBIES_1_009_WI_1,2016-02-27,1,5.453274432088406,5
HOBBIES_1_009_WI_2,2016-02-27,1,1.2623092828359852,2
HOBBIES_1_009_WI_3,2016-02-27,1,1.3987464979712259,2
HOBBIES_1_010_CA_1,2016-02-27,1,4.616970177027513,3
HOBBIES_1_010_CA_2,2016-02-27,1,0.659224538378886,0
HOBBIES_1_010_CA_3,2016-02-27,1,5.041250356510983,1
HOBBIES_1_010_CA_4,2016-02-27,1,1.015858677163807,0
HOBBIES_1_010_TX_1,2016-02-27,1,4.088425305622015,6
HOBBIES_1_010_TX_2,2016-02-27,1,4.802649289919489,4
HOBBIES_1_010_TX_3,2016-02-27,1,4.158898379842041,3
HOBBIES_1_010_WI_1,2016-02-27,1,3.6413611118900886,5
HOBBIES_1_010_WI_2,2016-02-27,1,2.2915155021190072,0
HOBBIES_1_010_WI_3,2016-02-27,1,3.105793220829248,3
HOUSEHOLD_1_001_CA_1,2016-02-27,1,5.434734602437478,2
HOUSEHOLD_1_001_CA_2,2016-02-27,1,3.1908870372893885,4
HOUSEHOLD_1_001_CA_3,2016-02-27,1,2.232584093275514,4
HOUSEHOLD_1_001_CA_4,2016-02-27,1,3.4636359002648414,0
HOUSEHOLD_1_001_TX_1,2016-02-27,1,2.3695888419443327,2
HOUSEHOLD_1_001_TX_2,2016-02-27,1,1.9900231415914997,0
HOUSEHOLD_1_001_TX_3,2016-02-27,1,1.9328325925674763,2
HOUSEHOLD_1_001_WI_1,2016-02-27,1,10.25715724605278,5
HOUSEHOLD_1_001_WI_2,2016-02-27,1,1.8915634898377283,0
HOUSEHOLD_1_001_WI_3,2016-02-27,1,2.574887013986848,3
HOUSEHOLD_1_002_CA_1,2016-02-27,1,1.893102024306762,0
HOUSEHOLD_1_002_CA_2,2016-02-27,1,4.933754455771337,8
HOUSEHOLD_1_002_CA_3,2016-02-27,1,6.453189123670413,3
HOUSEHOLD_1_002_CA_4,2016-02-27,1,5.834999837739203,5
HOUSEHOLD_1_002_TX_1,2016-02-27,1,2.9425672053820953,0
HOUSEHOLD_1_002_TX_2,2016-02-27,1,4.408967691411634,4
HOUSEHOLD_1_002_TX_3,2016-02-27,1,2.174176194721008,0
HOUSEHOLD_1_002_WI_1,2016-02-27,1,11.166372058523278,11
HOUSEHOLD_1_002_WI_2,2016-02-27,1,4.261238814909747,5
HOUSEHOLD_1_002_WI_3,2016-02-27,1,2.2419761982959945,3
HOUSEHOLD_1_003_CA_1,2016-02-27,1,5.237434059962047,6
HOUSEHOLD_1_003_CA_2,2016-02-27,1,8.32866029201005,6
HOUSEHOLD_1_003_CA_3,2016-02-27,1,16.469393530475283,17
HOUSEHOLD_1_003_CA_4,2016-02-27,1,5.412320026144334,4
HOUSEHOLD_1_003_TX_1,2016-02-27,1,2.1761635653456035,3
HOUSEHOLD_1_003_TX_2,2016-02-27,1,2.74834824217965,2
HOUSEHOLD_1_003_TX_3,2016-02-27,1,2.471989485908446,3
HOUSEHOLD_1_003_WI_1,2016-02-27,1,8.203739405550149,7
HOUSEHOLD_1_003_WI_2,2016-02-27,1,6.174710297743574,8
HOUSEHOLD_1_003_WI_3,2016-02-27,1,3.5449230660043325,3
HOUSEHOLD_1_004_CA_1,2016-02-27,1,15.050920122876043,10
HOUSEHOLD_1_004_CA_2,2016-02-27,1,15.433591159330575,7
HOUSEHOLD_1_004_CA_3,2016-02-27,1,65.94070636250984,87
HOUSEHOLD_1_004_CA_4,2016-02-27,1,4.6239118399761665,7
HOUSEHOLD_1_004_TX_1,2016-02-27,1,8.05739893354992,8
HOUSEHOLD_1_004_TX_2,2016-02-27,1,12.92965907233586,5
HOUSEHOLD_1_004_TX_3,2016-02-27,1,10.394250449746778,14
HOUSEHOLD_1_004_WI_1,2016-02-27,1,8.899104956449417,5
HOUSEHOLD_1_004_WI_2,2016-02-27,1,21.33732061806115,70
HOUSEHOLD_1_004_WI_3,2016-02-27,1,14.135859908061784,44
HOUSEHOLD_1_005_CA_1,2016-02-27,1,13.554939623183879,10
HOUSEHOLD_1_005_CA_2,2016-02-27,1,16.4821951362979,22
HOUSEHOLD_1_005_CA_3,2016-02-27,1,13.2609751082775,6
HOUSEHOLD_1_005_CA_4,2016-02-27,1,5.0349342709735,5
HOUSEHOLD_1_005_TX_1,2016-02-27,1,5.5158152449546165,7
HOUSEHOLD_1_005_TX_2,2016-02-27,1,12.923712849962808,11
HOUSEHOLD_1_005_TX_3,2016-02-27,1,7.18846290773631,7
HOUSEHOLD_1_005_WI_1,2016-02-27,1,8.777998892175754,8
HOUSEHOLD_1_005_WI_2,2016-02-27,1,10.915622773437137,8
HOUSEHOLD_1_005_WI_3,2016-02-27,1,11.401528261704494,7
HOUSEHOLD_1_006_CA_1,2016-02-27,1,10.3942905235661,13
HOUSEHOLD_1_006_CA_2,2016-02-27,1,8.188362827169883,9
HOUSEHOLD_1_006_CA_3,2016-02-27,1,9.310679966335915,12
HOUSEHOLD_1_006_CA_4,2016-02-27,1,4.41671157930616,8
HOUSEHOLD_1_006_TX_1,2016-02-27,1,7.276526043818747,5
HOUSEHOLD_1_006_TX_2,2016-02-27,1,7.559652667150706,9
HOUSEHOLD_1_006_TX_3,2016-02-27,1,7.873793451085961,8
HOUSEHOLD_1_006_WI_1,2016-02-27,1,3.926711633824339,6
HOUSEHOLD_1_006_WI_2,2016-02-27,1,3.6867691900459034,2
HOUSEHOLD_1_006_WI_3,2016-02-27,1,5.012389916578396,8
HOUSEHOLD_1_007_CA_1,2016-02-27,1,15.939155189367876,12
HOUSEHOLD_1_007_CA_2,2016-02-27,1,10.512572881972858,14
HOUSEHOLD_1_007_CA_3,2016-02-27,1,14.349631576364677,13
HOUSEHOLD_1_007_CA_4,2016-02-27,1,6.6863906680358225,4
HOUSEHOLD_1_007_TX_1,2016-02-27,1,10.746552109278435,17
HOUSEHOLD_1_007_TX_2,2016-02-27,1,8.342886401358284,20
HOUSEHOLD_1_007_TX_3,2016-02-27,1,8.554031013959994,7
HOUSEHOLD_1_007_WI_1,2016-02-27,1,10.010811250391198,5
HOUSEHOLD_1_007_WI_2,2016-02-27,1,14.66754361684538,16
HOUSEHOLD_1_007_WI_3,2016-02-27,1,10.096323640855406,8
HOUSEHOLD_1_008_CA_1,2016-02-27,1,2.36741745343342,3
HOUSEHOLD_1_008_CA_2,2016-02-27,1,1.5875512196283006,0
HOUSEHOLD_1_008_CA_3,2016-02-27,1,4.39227168015077,1
HOUSEHOLD_1_008_CA_4,2016-02-27,1,2.07100238698029,1
HOUSEHOLD_1_008_TX_1,2016-02-27,1,1.9915710652652499,1
HOUSEHOLD_1_008_TX_2,2016-02-27,1,3.2075881489502676,4
HOUSEHOLD_1_008_TX_3,2016-02-27,1,2.246097072557965,3
HOUSEHOLD_1_008_WI_1,2016-02-27,1,2.2199106045691726,2
HOUSEHOLD_1_008_WI_2,2016-02-27,1,3.349658651007444,6
HOUSEHOLD_1_008_WI_3,2016-02-27,1,1.6227175461140861,3
HOUSEHOLD_1_009_CA_1,2016-02-27,1,5.009543063048474,2
HOUSEHOLD_1_009_CA_2,2016-02-27,1,4.307876344918045,6
HOUSEHOLD_1_009_CA_3,2016-02-27,1,3.411319693475893,8
HOUSEHOLD_1_009_CA_4,2016-02-27,1,1.9190709005583853,2
HOUSEHOLD_1_009_TX_1,2016-02-27,1,2.232603309503123,3
HOUSEHOLD_1_009_TX_2,2016-02-27,1,5.729851642283644,8
HOUSEHOLD_1_009_TX_3,2016-02-27,1,3.171602183226549,3
HOUSEHOLD_1_009_WI_1,2016-02-27,1,1.743288529572617,1
HOUSEHOLD_1_009_WI_2,2016-02-27,1,2.2221976021182384,7
HOUSEHOLD_1_009_WI_3,2016-02-27,1,3.019574089412254,3
HOUSEHOLD_1_010_CA_1,2016-02-27,1,7.321325852050516,8
HOUSEHOLD_1_010_CA_2,2016-02-27,1,5.610268551871619,12
HOUSEHOLD_1_010_CA_3,2016-02-27,1,11.792076892603873,9
HOUSEHOLD_1_010_CA_4,2016-02-27,1,0.6949576935650805,0
HOUSEHOLD_1_010_TX_1,2016-02-27,1,6.555492275796219,13
HOUSEHOLD_1_010_TX_2,2016-02-27,1,9.042154192671338,9
HOUSEHOLD_1_010_TX_3,2016-02-27,1,1.163035089511425,9
HOUSEHOLD_1_010_WI_1,2016-02-27,1,5.536044874999,9
HOUSEHOLD_1_010_WI_2,2016-02-27,1,8.988947947827208,5
HOUSEHOLD_1_010_WI_3,2016-02-27,1,0.6765633758086678,13
FOODS_1_001_CA_1,2016-03-05,2,4.2889122721933,4
FOODS_1_001_CA_2,2016-03-05,2,8.178784967558792,10
FOODS_1_001_CA_3,2016-03-05,2,8.073382809955328,2
FOODS_1_001_CA_4,2016-03-05,2,1.643399007353154,7
FOODS_1_001_TX_1,2016-03-05,2,3.7723073257181583,5
FOODS_1_001_TX_2,2016-03-05,2,4.843969360592717,3
FOODS_1_001_TX_3,2016-03-05,2,2.896825032589639,5
FOODS_1_001_WI_1,2016-03-05,2,3.9261699124816527,3
FOODS_1_001_WI_2,2016-03-05,2,2.2793033669122766,2
FOODS_1_001_WI_3,2016-03-05,2,1.517612091114254,0
FOODS_1_002_CA_1,2016-03-05,2,2.7103568168210432,3
FOODS_1_002_CA_2,2016-03-05,2,5.1831294213275845,2
FOODS_1_002_CA_3,2016-03-05,2,2.7381052536208474,4
FOODS_1_002_CA_4,2016-03-05,2,2.723537479978605,4
FOODS_1_002_TX_1,2016-03-05,2,1.717800842911879,0
FOODS_1_002_TX_2,2016-03-05,2,1.3485479723407758,0
FOODS_1_002_TX_3,2016-03-05,2,2.074147427542011,0
FOODS_1_002_WI_1,2016-03-05,2,7.355333901252396,5
FOODS_1_002_WI_2,2016-03-05,2,3.2889791074986148,3
FOODS_1_002_WI_3,2016-03-05,2,1.6086423555508809,0
FOODS_1_003_CA_1,2016-03-05,2,5.069453473947805,3
FOODS_1_003_CA_2,2016-03-05,2,6.48636805796962,12
FOODS_1_003_CA_3,2016-03-05,2,4.891018132664563,6
FOODS_1_003_CA_4,2016-03-05,2,2.010428140410606,3
FOODS_1_003_TX_1,2016-03-05,2,1.9230929478185503,2
FOODS_1_003_TX_2,2016-03-05,2,2.0878837453172565,3
FOODS_1_003_TX_3,2016-03-05,2,1.539858237239185,0
FOODS_1_003_WI_1,2016-03-05,2,8.112621748871126,17
FOODS_1_003_WI_2,2016-03-05,2,1.7027082740226174,1
FOODS_1_003_WI_3,2016-03-05,2,1.85293962514461,4
FOODS_1_004_CA_1,2016-03-05,2,11.988661367417992,0
FOODS_1_004_CA_2,2016-03-05,2,13.902615409229126,0
FOODS_1_004_CA_3,2016-03-05,2,0.0,0
FOODS_1_004_CA_4,2016-03-05,2,9.238944031378935,0
FOODS_1_004_TX_1,2016-03-05,2,14.413655237942955,0
FOODS_1_004_TX_2,2016-03-05,2,13.2265020118575,0
FOODS_1_004_TX_3,2016-03-05,2,9.311866753517407,0
FOODS_1_004_WI_1,2016-03-05,2,3.5037258814360084,0
FOODS_1_004_WI_2,2016-03-05,2,35.809978308366844,0
FOODS_1_004_WI_3,2016-03-05,2,9.896561805674644,0
FOODS_1_005_CA_1,2016-03-05,2,11.303993083295277,7
FOODS_1_005_CA_2,2016-03-05,2,21.84715110171725,50
FOODS_1_005_CA_3,2016-03-05,2,20.956883950090024,11
FOODS_1_005_CA_4,2016-03-05,2,4.304109653939437,4
FOODS_1_005_TX_1,2016-03-05,2,5.676382654933458,5
FOODS_1_005_TX_2,2016-03-05,2,8.111087278941756,2
FOODS_1_005_TX_3,2016-03-05,2,7.353083859983792,7
FOODS_1_005_WI_1,2016-03-05,2,17.26255290348316,28
FOODS_1_005_WI_2,2016-03-05,2,19.94592379035875,16
FOODS_1_005_WI_3,2016-03-05,2,12.272383693451083,18
FOODS_1_006_CA_1,2016-03-05,2,12.132541928980134,14
FOODS_1_006_CA_2,2016-03-05,2,6.691914898716072,10
FOODS_1_006_CA_3,2016-03-05,2,11.04318643004101,9
FOODS_1_006_CA_4,2016-03-05,2,10.31074725650406,8
FOODS_1_006_TX_1,2016-03-05,2,3.428574181195345,1
FOODS_1_006_TX_2,2016-03-05,2,4.711447334558736,5
FOODS_1_006_TX_3,2016-03-05,2,9.885769069369152,0
FOODS_1_006_WI_1,2016-03-05,2,10.832182341820852,3
FOODS_1_006_WI_2,2016-03-05,2,8.485339876663698,6
FOODS_1_006_WI_3,2016-03-05,2,8.579496164114113,4
FOODS_1_008_CA_1,2016-03-05,2,3.11318904936931,0
FOODS_1_008_CA_2,2016-03-05,2,1.929214426675785,0
FOODS_1_008_CA_3,2016-03-05,2,2.1034366692303004,3
FOODS_1_008_CA_4,2016-03-05,2,2.0314152470523217,1
FOODS_1_008_TX_1,2016-03-05,2,1.4111601269272955,0
FOODS_1_008_TX_2,2016-03-05,2,1.5403681033626406,0
FOODS_1_008_TX_3,2016-03-05,2,1.3416780024657466,1
FOODS_1_008_WI_1,2016-03-05,2,3.2160085308362065,3
FOODS_1_008_WI_2,2016-03-05,2,3.463659571849239,6
FOODS_1_008_WI_3,2016-03-05,2,1.6098502278241904,0
FOODS_1_009_CA_1,2016-03-05,2,4.552921417328211,0
FOODS_1_009_CA_2,2016-03-05,2,3.5637597517440254,0
FOODS_1_009_CA_3,2016-03-05,2,6.153435240341677,0
FOODS_1_009_CA_4,2016-03-05,2,2.5019489359401668,0
FOODS_1_009_TX_1,2016-03-05,2,1.7931736034940269,0
FOODS_1_009_TX_2,2016-03-05,2,2.5416454648979108,0
FOODS_1_009_TX_3,2016-03-05,2,1.7931736034940269,0
FOODS_1_009_WI_1,2016-03-05,2,2.561582348463951,0
FOODS_1_009_WI_2,2016-03-05,2,2.626146320919443,0
FOODS_1_009_WI_3,2016-03-05,2,1.850286884104571,0
FOODS_1_010_CA_1,2016-03-05,2,1.7672504274036298,0
FOODS_1_010_CA_2,2016-03-05,2,3.028541662384898,2
FOODS_1_010_CA_3,2016-03-05,2,3.8467568338379756,2
FOODS_1_010_CA_4,2016-03-05,2,1.845043318484569,0
FOODS_1_010_TX_1,2016-03-05,2,2.340347659733333,0
FOODS_1_010_TX_2,2016-03-05,2,5.688299801019706,12
FOODS_1_010_TX_3,2016-03-05,2,5.631239363967278,5
FOODS_1_010_WI_1,2016-03-05,2,8.095781888357564,7
FOODS_1_010_WI_2,2016-03-05,2,2.7997613762519524,8
FOODS_1_010_WI_3,2016-03-05,2,5.00278876454655,3
FOODS_1_011_CA_1,2016-03-05,2,8.049887709179563,7
FOODS_1_011_CA_2,2016-03-05,2,13.201424471447162,12
FOODS_1_011_CA_3,2016-03-05,2,7.716282602290226,5
FOODS_1_011_CA_4,2016-03-05,2,6.595565027181881,7
FOODS_1_011_TX_1,2016-03-05,2,4.522097704513517,5
FOODS_1_011_TX_2,2016-03-05,2,3.3103189672923787,1
FOODS_1_011_TX_3,2016-03-05,2,2.178106306890577,5
FOODS_1_011_WI_1,2016-03-05,2,5.714112027599866,7
FOODS_1_011_WI_2,2016-03-05,2,4.042451497041135,6
FOODS_1_011_WI_3,2016-03-05,2,2.899159079327424,4
HOBBIES_1_001_CA_1,2016-03-05,2,4.943711789130765,6
HOBBIES_1_001_CA_2,2016-03-05,2,3.8865887472980796,4
HOBBIES_1_001_CA_3,2016-03-05,2,5.949010012995904,7
HOBBIES_1_001_CA_4,2016-03-05,2,5.107587851621096,3
HOBBIES_1_001_TX_1,2016-03-05,2,1.846985262608902,3
HOBBIES_1_001_TX_2,2016-03-05,2,3.0707833511383593,2
HOBBIES_1_001_TX_3,2016-03-05,2,3.5748910104505436,4
HOBBIES_1_001_WI_1,2016-03-05,2,3.1418616103252037,5
HOBBIES_1_001_WI_2,2016-03-05,2,1.6577625111357615,0
HOBBIES_1_001_WI_3,2016-03-05,2,1.738981741827299,0
HOBBIES_1_002_CA_1,2016-03-05,2,2.0580935515233847,3
HOBBIES_1_002_CA_2,2016-03-05,2,1.3846597790193764,1
HOBBIES_1_002_CA_3,2016-03-05,2,1.8957968890134087,0
HOBBIES_1_002_CA_4,2016-03-05,2,1.2448906506773059,1
HOBBIES_1_002_TX_1,2016-03-05,2,1.3004362241242808,0
HOBBIES_1_002_TX_2,2016-03-05,2,1.3077500716121309,0
HOBBIES_1_002_TX_3,2016-03-05,2,1.2243068709715597,1
HOBBIES_1_002_WI_1,2016-03-05,2,5.884457962023293,9
HOBBIES_1_002_WI_2,2016-03-05,2,4.651754777784325,5
HOBBIES_1_002_WI_3,2016-03-05,2,2.67713318925393,1
HOBBIES_1_003_CA_1,2016-03-05,2,3.1148509190622344,10
HOBBIES_1_003_CA_2,2016-03-05,2,3.758069440460241,1
HOBBIES_1_003_CA_3,2016-03-05,2,2.0242614669919297,5
HOBBIES_1_003_CA_4,2016-03-05,2,1.4170779141915315,2
HOBBIES_1_003_TX_1,2016-03-05,2,1.3409099039104173,4
HOBBIES_1_003_TX_2,2016-03-05,2,1.2661728294837091,0
HOBBIES_1_003_TX_3,2016-03-05,2,1.7390229187452526,1
HOBBIES_1_003_WI_1,2016-03-05,2,1.9753448343473956,0
HOBBIES_1_003_WI_2,2016-03-05,2,1.7066506231518843,2
HOBBIES_1_003_WI_3,2016-03-05,2,1.2661728294837091,0
HOBBIES_1_004_CA_1,2016-03-05,2,14.46041251415086,10
HOBBIES_1_004_CA_2,2016-03-05,2,20.576611231248354,8
HOBBIES_1_004_CA_3,2016-03-05,2,42.088053848731704,50
HOBBIES_1_004_CA_4,2016-03-05,2,5.310322582230232,5
HOBBIES_1_004_TX_1,2016-03-05,2,4.786889663929358,7
HOBBIES_1_004_TX_2,2016-03-05,2,6.62015561573892,4
HOBBIES_1_004_TX_3,2016-03-05,2,7.6598541818326185,0
HOBBIES_1_004_WI_1,2016-03-05,2,3.1905082334629307,1
HOBBIES_1_004_WI_2,2016-03-05,2,4.45634352900362,3
HOBBIES_1_004_WI_3,2016-03-05,2,17.15923952686788,20
HOBBIES_1_005_CA_1,2016-03-05,2,8.008547668520578,8
HOBBIES_1_005_CA_2,2016-03-05,2,9.99015933654362,9
HOBBIES_1_005_CA_3,2016-03-05,2,10.807259617558996,29
HOBBIES_1_005_CA_4,2016-03-05,2,12.21668314343335,20
HOBBIES_1_005_TX_1,2016-03-05,2,5.070204297011998,11
HOBBIES_1_005_TX_2,2016-03-05,2,4.271102918391988,2
HOBBIES_1_005_TX_3,2016-03-05,2,3.9586903530643305,2
HOBBIES_1_005_WI_1,2016-03-05,2,5.865820644475576,1
HOBBIES_1_005_WI_2,2016-03-05,2,3.958748478917128,5
HOBBIES_1_005_WI_3,2016-03-05,2,3.6552709363163953,4
HOBBIES_1_006_CA_1,2016-03-05,2,7.032739524390692,7
HOBBIES_1_006_CA_2,2016-03-05,2,5.275801998298819,7
HOBBIES_1_006_CA_3,2016-03-05,2,7.779326549584693,11
HOBBIES_1_006_CA_4,2016-03-05,2,1.4376463605749987,0
HOBBIES_1_006_TX_1,2016-03-05,2,3.2062993335740777,0
HOBBIES_1_006_TX_2,2016-03-05,2,2.625631933385101,6
HOBBIES_1_006_TX_3,2016-03-05,2,2.1055002679275936,0
HOBBIES_1_006_WI_1,2016-03-05,2,15.724403353597387,12
HOBBIES_1_006_WI_2,2016-03-05,2,7.116697340538092,5
HOBBIES_1_006_WI_3,2016-03-05,2,4.668833910224262,3
HOBBIES_1_007_CA_1,2016-03-05,2,2.1583521392735245,2
HOBBIES_1_007_CA_2,2016-03-05,2,2.0647556078601963,2
HOBBIES_1_007_CA_3,2016-03-05,2,1.8192060672844506,2
HOBBIES_1_007_CA_4,2016-03-05,2,2.0094857378591717,3
HOBBIES_1_007_TX_1,2016-03-05,2,2.0223340576322366,1
HOBBIES_1_007_TX_2,2016-03-05,2,1.2896002886655307,0
HOBBIES_1_007_TX_3,2016-03-05,2,1.7256045721229434,1
HOBBIES_1_007_WI_1,2016-03-05,2,3.463435155582739,7
HOBBIES_1_007_WI_2,2016-03-05,2,1.9666555855740304,0
HOBBIES_1_007_WI_3,2016-03-05,2,1.571677487883509,2
HOBBIES_1_008_CA_1,2016-03-05,2,68.90811220642416,34
HOBBIES_1_008_CA_2,2016-03-05,2,25.53442714102176,31
HOBBIES_1_008_CA_3,2016-03-05,2,48.8038547059498,32
HOBBIES_1_008_CA_4,2016-03-05,2,21.28872991798231,34
HOBBIES_1_008_TX_1,2016-03-05,2,3.5813624678691194,11
HOBBIES_1_008_TX_2,2016-03-05,2,29.423071006490517,9
HOBBIES_1_008_TX_3,2016-03-05,2,20.781816789127767,23
HOBBIES_1_008_WI_1,2016-03-05,2,20.318419701516724,22
HOBBIES_1_008_WI_2,2016-03-05,2,16.472392311427065,28
HOBBIES_1_008_WI_3,2016-03-05,2,17.351468598307115,26
HOBBIES_1_009_CA_1,2016-03-05,2,2.627862897233999,1
HOBBIES_1_009_CA_2,2016-03-05,2,5.263018726279858,3
HOBBIES_1_009_CA_3,2016-03-05,2,6.875322046129698,6
HOBBIES_1_009_CA_4,2016-03-05,2,17.947342950832958,9
HOBBIES_1_009_TX_1,2016-03-05,2,3.3185415877390856,10
HOBBIES_1_009_TX_2,2016-03-05,2,4.851804226518199,8
HOBBIES_1_009_TX_3,2016-03-05,2,3.1868914033168836,3
HOBBIES_1_009_WI_1,2016-03-05,2,5.179961798066998,8
HOBBIES_1_009_WI_2,2016-03-05,2,1.5092667415967755,2
HOBBIES_1_009_WI_3,2016-03-05,2,1.5842996744188056,1
HOBBIES_1_010_CA_1,2016-03-05,2,4.541663937663111,1
HOBBIES_1_010_CA_2,2016-03-05,2,3.6233727919601817,0
HOBBIES_1_010_CA_3,2016-03-05,2,5.158796237985409,4
HOBBIES_1_010_CA_4,2016-03-05,2,1.6030480657803363,1
HOBBIES_1_010_TX_1,2016-03-05,2,4.241330029477968,2
HOBBIES_1_010_TX_2,2016-03-05,2,5.293892654761784,10
HOBBIES_1_010_TX_3,2016-03-05,2,4.084932997060764,4
HOBBIES_1_010_WI_1,2016-03-05,2,3.672343400006479,6
HOBBIES_1_010_WI_2,2016-03-05,2,2.217152114606518,0
HOBBIES_1_010_WI_3,2016-03-05,2,2.9036285946772415,3
HOUSEHOLD_1_001_CA_1,2016-03-05,2,5.096985275435748,5
HOUSEHOLD_1_001_CA_2,2016-03-05,2,3.1796707134720053,8
HOUSEHOLD_1_001_CA_3,2016-03-05,2,2.1946777616131916,3
HOUSEHOLD_1_001_CA_4,2016-03-05,2,3.2478275294586294,4
HOUSEHOLD_1_001_TX_1,2016-03-05,2,2.0550421023124454,2
HOUSEHOLD_1_001_TX_2,2016-03-05,2,2.0823757268140537,0
HOUSEHOLD_1_001_TX_3,2016-03-05,2,2.113720787603588,1
HOUSEHOLD_1_001_WI_1,2016-03-05,2,10.06086048569825,7
HOUSEHOLD_1_001_WI_2,2016-03-05,2,1.98726040161457,0
HOUSEHOLD_1_001_WI_3,2016-03-05,2,2.7318842493179134,0
HOUSEHOLD_1_002_CA_1,2016-03-05,2,2.0563898501108735,0
HOUSEHOLD_1_002_CA_2,2016-03-05,2,5.601921102649708,8
HOUSEHOLD_1_002_CA_3,2016-03-05,2,6.424968441892784,4
HOUSEHOLD_1_002_CA_4,2016-03-05,2,5.521212188498169,9
HOUSEHOLD_1_002_TX_1,2016-03-05,2,2.604093753729154,0
HOUSEHOLD_1_002_TX_2,2016-03-05,2,4.383081334688327,5
HOUSEHOLD_1_002_TX_3,2016-03-05,2,2.1948251622158894,0
HOUSEHOLD_1_002_WI_1,2016-03-05,2,11.277790829484374,9
HOUSEHOLD_1_002_WI_2,2016-03-05,2,4.208626040016104,5
HOUSEHOLD_1_002_WI_3,2016-03-05,2,2.1737941168037094,2
HOUSEHOLD_1_003_CA_1,2016-03-05,2,4.705304988682816,6
HOUSEHOLD_1_003_CA_2,2016-03-05,2,8.799588007927348,5
HOUSEHOLD_1_003_CA_3,2016-03-05,2,15.870396679606724,15
HOUSEHOLD_1_003_CA_4,2016-03-05,2,5.569616387495207,5
HOUSEHOLD_1_003_TX_1,2016-03-05,2,2.2203233069469928,2
HOUSEHOLD_1_003_TX_2,2016-03-05,2,2.774908023936172,1
HOUSEHOLD_1_003_TX_3,2016-03-05,2,2.4634467031551384,2
HOUSEHOLD_1_003_WI_1,2016-03-05,2,8.325403015715546,4
HOUSEHOLD_1_003_WI_2,2016-03-05,2,6.72492809744673,1
HOUSEHOLD_1_003_WI_3,2016-03-05,2,3.4089642817788746,6
HOUSEHOLD_1_004_CA_1,2016-03-05,2,14.907082138947096,8
HOUSEHOLD_1_004_CA_2,2016-03-05,2,15.747003824141604,15
HOUSEHOLD_1_004_CA_3,2016-03-05,2,57.88143491697346,54
HOUSEHOLD_1_004_CA_4,2016-03-05,2,5.588199688057301,7
HOUSEHOLD_1_004_TX_1,2016-03-05,2,7.7199725184771175,4
HOUSEHOLD_1_004_TX_2,2016-03-05,2,12.835350656895988,8
HOUSEHOLD_1_004_TX_3,2016-03-05,2,11.100150384163632,10
HOUSEHOLD_1_004_WI_1,2016-03-05,2,9.1371835946727,6
HOUSEHOLD_1_004_WI_2,2016-03-05,2,22.192864680207478,8
HOUSEHOLD_1_004_WI_3,2016-03-05,2,14.762292306507968,27
HOUSEHOLD_1_005_CA_1,2016-03-05,2,12.977997493933392,8
HOUSEHOLD_1_005_CA_2,2016-03-05,2,16.530737019862993,11
HOUSEHOLD_1_005_CA_3,2016-03-05,2,11.938385613639113,3
HOUSEHOLD_1_005_CA_4,2016-03-05,2,4.983657818782445,4
HOUSEHOLD_1_005_TX_1,2016-03-05,2,6.47800657386932,5
HOUSEHOLD_1_005_TX_2,2016-03-05,2,14.435457761590872,13
HOUSEHOLD_1_005_TX_3,2016-03-05,2,6.950272055487856,5
HOUSEHOLD_1_005_WI_1,2016-03-05,2,8.89363582536014,10
HOUSEHOLD_1_005_WI_2,2016-03-05,2,11.370602105153921,4
HOUSEHOLD_1_005_WI_3,2016-03-05,2,14.249566671842336,3
HOUSEHOLD_1_006_CA_1,2016-03-05,2,10.520995652902633,17
HOUSEHOLD_1_006_CA_2,2016-03-05,2,8.12523701485723,7
HOUSEHOLD_1_006_CA_3,2016-03-05,2,9.055605740902678,12
HOUSEHOLD_1_006_CA_4,2016-03-05,2,4.400618934536159,3
HOUSEHOLD_1_006_TX_1,2016-03-05,2,6.4897944620210355,6
HOUSEHOLD_1_006_TX_2,2016-03-05,2,7.446049017342202,13
HOUSEHOLD_1_006_TX_3,2016-03-05,2,8.14782411714518,7
HOUSEHOLD_1_006_WI_1,2016-03-05,2,3.914313503711085,1
HOUSEHOLD_1_006_WI_2,2016-03-05,2,3.815650982489298,7
HOUSEHOLD_1_006_WI_3,2016-03-05,2,4.7720548525304345,5
HOUSEHOLD_1_007_CA_1,2016-03-05,2,15.893030942179667,22
HOUSEHOLD_1_007_CA_2,2016-03-05,2,10.067016223212654,8
HOUSEHOLD_1_007_CA_3,2016-03-05,2,13.62492967096315,18
HOUSEHOLD_1_007_CA_4,2016-03-05,2,6.582810042061704,11
HOUSEHOLD_1_007_TX_1,2016-03-05,2,11.06783279028704,10
HOUSEHOLD_1_007_TX_2,2016-03-05,2,8.189187180175159,16
HOUSEHOLD_1_007_TX_3,2016-03-05,2,8.77600189900754,7
HOUSEHOLD_1_007_WI_1,2016-03-05,2,9.937677510475995,2
HOUSEHOLD_1_007_WI_2,2016-03-05,2,14.384773108284325,17
HOUSEHOLD_1_007_WI_3,2016-03-05,2,10.119837742184748,8
HOUSEHOLD_1_008_CA_1,2016-03-05,2,2.772632346289459,4
HOUSEHOLD_1_008_CA_2,2016-03-05,2,2.2651335829366874,4
HOUSEHOLD_1_008_CA_3,2016-03-05,2,4.1546467938200315,2
HOUSEHOLD_1_008_CA_4,2016-03-05,2,1.8184688276174323,2
HOUSEHOLD_1_008_TX_1,2016-03-05,2,2.0221979254969145,0
HOUSEHOLD_1_008_TX_2,2016-03-05,2,3.2006905309920017,4
HOUSEHOLD_1_008_TX_3,2016-03-05,2,2.4304410749000938,6
HOUSEHOLD_1_008_WI_1,2016-03-05,2,2.2532337316939723,2
HOUSEHOLD_1_008_WI_2,2016-03-05,2,3.2181085161182947,3
HOUSEHOLD_1_008_WI_3,2016-03-05,2,1.6333558831339938,3
HOUSEHOLD_1_009_CA_1,2016-03-05,2,4.821992083031175,5
HOUSEHOLD_1_009_CA_2,2016-03-05,2,4.289979120992118,6
HOUSEHOLD_1_009_CA_3,2016-03-05,2,3.5512549878279076,10
HOUSEHOLD_1_009_CA_4,2016-03-05,2,1.963212468992007,4
HOUSEHOLD_1_009_TX_1,2016-03-05,2,2.1915480879873743,2
HOUSEHOLD_1_009_TX_2,2016-03-05,2,5.701630960506016,6
HOUSEHOLD_1_009_TX_3,2016-03-05,2,3.2403093425681946,1
HOUSEHOLD_1_009_WI_1,2016-03-05,2,1.8421410482382221,4
HOUSEHOLD_1_009_WI_2,2016-03-05,2,2.618358711804921,5
HOUSEHOLD_1_009_WI_3,2016-03-05,2,2.9284731399054738,2
HOUSEHOLD_1_010_CA_1,2016-03-05,2,7.089093678096563,14
HOUSEHOLD_1_010_CA_2,2016-03-05,2,6.336380069143212,8
HOUSEHOLD_1_010_CA_3,2016-03-05,2,11.799390778088133,2
HOUSEHOLD_1_010_CA_4,2016-03-05,2,2.2437275505001715,0
HOUSEHOLD_1_010_TX_1,2016-03-05,2,6.406475256147025,6
HOUSEHOLD_1_010_TX_2,2016-03-05,2,8.866791155688372,9
HOUSEHOLD_1_010_TX_3,2016-03-05,2,3.163777542144987,13
HOUSEHOLD_1_010_WI_1,2016-03-05,2,5.747511589308449,9
HOUSEHOLD_1_010_WI_2,2016-03-05,2,8.171072533483018,2
HOUSEHOLD_1_010_WI_3,2016-03-05,2,2.6065104184733956,2
FOODS_1_001_CA_1,2016-03-12,3,3.7599572902103864,8
FOODS_1_001_CA_2,2016-03-12,3,7.954177984364985,7
FOODS_1_001_CA_3,2016-03-12,3,8.842031183258019,3
FOODS_1_001_CA_4,2016-03-12,3,1.7935812403760676,2
FOODS_1_001_TX_1,2016-03-12,3,3.697009600525913,5
FOODS_1_001_TX_2,2016-03-12,3,4.284725626622758,3
FOODS_1_001_TX_3,2016-03-12,3,2.7091778201421124,1
FOODS_1_001_WI_1,2016-03-12,3,3.2836143672189957,0
FOODS_1_001_WI_2,2016-03-12,3,2.3043596487785716,2
FOODS_1_001_WI_3,2016-03-12,3,1.719980960308988,2
FOODS_1_002_CA_1,2016-03-12,3,2.8607390423362147,6
FOODS_1_002_CA_2,2016-03-12,3,4.561193813757334,3
FOODS_1_002_CA_3,2016-03-12,3,2.9961081706428763,5
FOODS_1_002_CA_4,2016-03-12,3,2.802003101261395,2
FOODS_1_002_TX_1,2016-03-12,3,1.684009582768883,0
FOODS_1_002_TX_2,2016-03-12,3,1.352226121859236,1
FOODS_1_002_TX_3,2016-03-12,3,2.040356167399016,1
FOODS_1_002_WI_1,2016-03-12,3,7.26872468547778,7
FOODS_1_002_WI_2,2016-03-12,3,3.442259696319872,2
FOODS_1_002_WI_3,2016-03-12,3,1.6981550739833091,2
FOODS_1_003_CA_1,2016-03-12,3,4.787401558007521,5
FOODS_1_003_CA_2,2016-03-12,3,6.805495127952965,6
FOODS_1_003_CA_3,2016-03-12,3,4.4797098533335165,6
FOODS_1_003_CA_4,2016-03-12,3,2.0721820994037334,1
FOODS_1_003_TX_1,2016-03-12,3,1.8893016876755544,2
FOODS_1_003_TX_2,2016-03-12,3,1.9149244643638883,5
FOODS_1_003_TX_3,2016-03-12,3,1.5033362655209488,0
FOODS_1_003_WI_1,2016-03-12,3,7.596289900878353,6
FOODS_1_003_WI_2,2016-03-12,3,1.8756277136959651,4
FOODS_1_003_WI_3,2016-03-12,3,1.6034359154255333,6
FOODS_1_004_CA_1,2016-03-12,3,13.044791851691734,0
FOODS_1_004_CA_2,2016-03-12,3,15.285268651977775,0
FOODS_1_004_CA_3,2016-03-12,3,2.1272931028669184,0
FOODS_1_004_CA_4,2016-03-12,3,12.136745816376528,0
FOODS_1_004_TX_1,2016-03-12,3,9.895007269167372,0
FOODS_1_004_TX_2,2016-03-12,3,19.38057733136879,0
FOODS_1_004_TX_3,2016-03-12,3,14.52755194099875,0
FOODS_1_004_WI_1,2016-03-12,3,7.677301238659624,0
FOODS_1_004_WI_2,2016-03-12,3,38.942637158531525,0
FOODS_1_004_WI_3,2016-03-12,3,11.342428806240475,0
FOODS_1_005_CA_1,2016-03-12,3,10.358782386834845,15
FOODS_1_005_CA_2,2016-03-12,3,20.935713863746276,29
FOODS_1_005_CA_3,2016-03-12,3,20.722149297997397,21
FOODS_1_005_CA_4,2016-03-12,3,3.8851758225549418,8
FOODS_1_005_TX_1,2016-03-12,3,4.815168573667181,8
FOODS_1_005_TX_2,2016-03-12,3,7.656098437650785,4
FOODS_1_005_TX_3,2016-03-12,3,7.287035421887406,7
FOODS_1_005_WI_1,2016-03-12,3,15.687062968799857,23
FOODS_1_005_WI_2,2016-03-12,3,18.97792400867309,10
FOODS_1_005_WI_3,2016-03-12,3,11.737887914066135,13
FOODS_1_006_CA_1,2016-03-12,3,11.835266094936385,14
FOODS_1_006_CA_2,2016-03-12,3,7.046801225441337,10
FOODS_1_006_CA_3,2016-03-12,3,9.556333469310532,10
FOODS_1_006_CA_4,2016-03-12,3,10.537716426042115,10
FOODS_1_006_TX_1,2016-03-12,3,3.6776151092703047,3
FOODS_1_006_TX_2,2016-03-12,3,4.784492259597287,0
FOODS_1_006_TX_3,2016-03-12,3,9.514105157785977,0
FOODS_1_006_WI_1,2016-03-12,3,9.649493407390192,8
FOODS_1_006_WI_2,2016-03-12,3,8.354214376171534,6
FOODS_1_006_WI_3,2016-03-12,3,6.998809041165462,7
FOODS_1_008_CA_1,2016-03-12,3,3.052814219323698,1
FOODS_1_008_CA_2,2016-03-12,3,1.9766994227571695,2
FOODS_1_008_CA_3,2016-03-12,3,2.288589625833167,1
FOODS_1_008_CA_4,2016-03-12,3,2.0319607605560996,1
FOODS_1_008_TX_1,2016-03-12,3,1.2839518696709957,0
FOODS_1_008_TX_2,2016-03-12,3,1.6404829023333263,1
FOODS_1_008_TX_3,2016-03-12,3,1.3023226475309735,2
FOODS_1_008_WI_1,2016-03-12,3,3.0213559998349657,7
FOODS_1_008_WI_2,2016-03-12,3,2.971731412824746,1
FOODS_1_008_WI_3,2016-03-12,3,1.6298808217950689,1
FOODS_1_009_CA_1,2016-03-12,3,5.373494049222175,0
FOODS_1_009_CA_2,2016-03-12,3,4.552646312174375,0
FOODS_1_009_CA_3,2016-03-12,3,7.082512470983622,0
FOODS_1_009_CA_4,2016-03-12,3,2.906765062120132,0
FOODS_1_009_TX_1,2016-03-12,3,1.9465245400704483,0
FOODS_1_009_TX_2,2016-03-12,3,3.0600945332806244,0
FOODS_1_009_TX_3,2016-03-12,3,1.9465245400704483,0
FOODS_1_009_WI_1,2016-03-12,3,2.980466841164245,0
FOODS_1_009_WI_2,2016-03-12,3,2.951602871729546,0
FOODS_1_009_WI_3,2016-03-12,3,2.003637820680994,0
FOODS_1_010_CA_1,2016-03-12,3,1.853697113923847,3
FOODS_1_010_CA_2,2016-03-12,3,2.960275024019005,7
FOODS_1_010_CA_3,2016-03-12,3,3.3601833131336294,2
FOODS_1_010_CA_4,2016-03-12,3,1.9585651634411583,0
FOODS_1_010_TX_1,2016-03-12,3,2.3222710650781573,4
FOODS_1_010_TX_2,2016-03-12,3,5.689823840296442,9
FOODS_1_010_TX_3,2016-03-12,3,5.606601819524119,9
FOODS_1_010_WI_1,2016-03-12,3,7.603931798751955,12
FOODS_1_010_WI_2,2016-03-12,3,2.2695034461234855,1
FOODS_1_010_WI_3,2016-03-12,3,5.273290794771183,4
FOODS_1_011_CA_1,2016-03-12,3,7.6554084466609815,5
FOODS_1_011_CA_2,2016-03-12,3,13.82116576520839,21
FOODS_1_011_CA_3,2016-03-12,3,7.5211863745875,13
FOODS_1_011_CA_4,2016-03-12,3,6.1794365914363265,10
FOODS_1_011_TX_1,2016-03-12,3,4.389741824807632,2
FOODS_1_011_TX_2,2016-03-12,3,3.6938538053084082,1
FOODS_1_011_TX_3,2016-03-12,3,1.9486825622658843,3
FOODS_1_011_WI_1,2016-03-12,3,5.60260925172478,5
FOODS_1_011_WI_2,2016-03-12,3,4.172673827463762,7
FOODS_1_011_WI_3,2016-03-12,3,2.5726897096312955,1
HOBBIES_1_001_CA_1,2016-03-12,3,4.853367144988282,6
HOBBIES_1_001_CA_2,2016-03-12,3,3.9813583441258973,7
HOBBIES_1_001_CA_3,2016-03-12,3,5.8933783431926505,7
HOBBIES_1_001_CA_4,2016-03-12,3,4.96888053545033,8
HOBBIES_1_001_TX_1,2016-03-12,3,1.985845823429481,2
HOBBIES_1_001_TX_2,2016-03-12,3,2.947589370291871,2
HOBBIES_1_001_TX_3,2016-03-12,3,3.462035552251877,3
HOBBIES_1_001_WI_1,2016-03-12,3,2.818643139051846,3
HOBBIES_1_001_WI_2,2016-03-12,3,1.8268126486809884,0
HOBBIES_1_001_WI_3,2016-03-12,3,1.8052901315888865,3
HOBBIES_1_002_CA_1,2016-03-12,3,2.105578547604769,1
HOBBIES_1_002_CA_2,2016-03-12,3,1.390333872390352,0
HOBBIES_1_002_CA_3,2016-03-12,3,1.8488484597576966,0
HOBBIES_1_002_CA_4,2016-03-12,3,1.207930686980803,0
HOBBIES_1_002_TX_1,2016-03-12,3,1.2561434820257573,1
HOBBIES_1_002_TX_2,2016-03-12,3,1.2552788887825392,1
HOBBIES_1_002_TX_3,2016-03-12,3,1.1905156108285633,0
HOBBIES_1_002_WI_1,2016-03-12,3,6.059431115501339,1
HOBBIES_1_002_WI_2,2016-03-12,3,4.387067003540202,2
HOBBIES_1_002_WI_3,2016-03-12,3,2.482480658252688,0
HOBBIES_1_003_CA_1,2016-03-12,3,3.0081725571029065,3
HOBBIES_1_003_CA_2,2016-03-12,3,3.3414187658410244,2
HOBBIES_1_003_CA_3,2016-03-12,3,1.951102004988574,4
HOBBIES_1_003_CA_4,2016-03-12,3,1.3123501093849272,4
HOBBIES_1_003_TX_1,2016-03-12,3,1.307118643767421,3
HOBBIES_1_003_TX_2,2016-03-12,3,1.2831837711156664,0
HOBBIES_1_003_TX_3,2016-03-12,3,1.605132008697673,3
HOBBIES_1_003_WI_1,2016-03-12,3,2.000401116213688,3
HOBBIES_1_003_WI_2,2016-03-12,3,1.6595265708953908,0
HOBBIES_1_003_WI_3,2016-03-12,3,1.2965165632291635,0
HOBBIES_1_004_CA_1,2016-03-12,3,14.523270368507488,14
HOBBIES_1_004_CA_2,2016-03-12,3,20.30854114956416,20
HOBBIES_1_004_CA_3,2016-03-12,3,35.846038055032984,49
HOBBIES_1_004_CA_4,2016-03-12,3,4.900806556797895,2
HOBBIES_1_004_TX_1,2016-03-12,3,5.408708078128948,11
HOBBIES_1_004_TX_2,2016-03-12,3,6.509217162760646,8
HOBBIES_1_004_TX_3,2016-03-12,3,7.839289264134019,6
HOBBIES_1_004_WI_1,2016-03-12,3,3.4230759426913653,3
HOBBIES_1_004_WI_2,2016-03-12,3,4.30388524315037,2
HOBBIES_1_004_WI_3,2016-03-12,3,17.489053278178503,16
HOBBIES_1_005_CA_1,2016-03-12,3,8.104824432373258,9
HOBBIES_1_005_CA_2,2016-03-12,3,10.798333270872686,12
HOBBIES_1_005_CA_3,2016-03-12,3,10.934969422535007,21
HOBBIES_1_005_CA_4,2016-03-12,3,11.759697179076188,10
HOBBIES_1_005_TX_1,2016-03-12,3,4.810959961039148,5
HOBBIES_1_005_TX_2,2016-03-12,3,4.269787704850735,6
HOBBIES_1_005_TX_3,2016-03-12,3,3.7450620002157424,5
HOBBIES_1_005_WI_1,2016-03-12,3,5.679861205048209,7
HOBBIES_1_005_WI_2,2016-03-12,3,3.703844621944375,6
HOBBIES_1_005_WI_3,2016-03-12,3,3.2988389933323776,1
HOBBIES_1_006_CA_1,2016-03-12,3,6.794443400302062,10
HOBBIES_1_006_CA_2,2016-03-12,3,5.371926628695699,5
HOBBIES_1_006_CA_3,2016-03-12,3,7.412509007841284,5
HOBBIES_1_006_CA_4,2016-03-12,3,1.9485093390573882,0
HOBBIES_1_006_TX_1,2016-03-12,3,3.180276770752803,0
HOBBIES_1_006_TX_2,2016-03-12,3,2.823923724064322,4
HOBBIES_1_006_TX_3,2016-03-12,3,1.9766619674684542,5
HOBBIES_1_006_WI_1,2016-03-12,3,15.299665301458003,10
HOBBIES_1_006_WI_2,2016-03-12,3,6.885461927808724,6
HOBBIES_1_006_WI_3,2016-03-12,3,4.633195327756705,10
HOBBIES_1_007_CA_1,2016-03-12,3,2.0441337011867726,6
HOBBIES_1_007_CA_2,2016-03-12,3,1.7822461035879473,1
HOBBIES_1_007_CA_3,2016-03-12,3,1.7822461035879473,2
HOBBIES_1_007_CA_4,2016-03-12,3,1.8667898528311069,1
HOBBIES_1_007_TX_1,2016-03-12,3,1.988542797489239,2
HOBBIES_1_007_TX_2,2016-03-12,3,1.2932784381839908,0
HOBBIES_1_007_TX_3,2016-03-12,3,1.7132687602793268,2
HOBBIES_1_007_WI_1,2016-03-12,3,3.211464435448151,2
HOBBIES_1_007_WI_2,2016-03-12,3,1.991711867440326,0
HOBBIES_1_007_WI_3,2016-03-12,3,1.6250618990936379,3
HOBBIES_1_008_CA_1,2016-03-12,3,56.26909927862477,70
HOBBIES_1_008_CA_2,2016-03-12,3,23.657479159588785,9
HOBBIES_1_008_CA_3,2016-03-12,3,31.373703561079044,74
HOBBIES_1_008_CA_4,2016-03-12,3,22.13174026271742,32
HOBBIES_1_008_TX_1,2016-03-12,3,5.0043260910796,13
HOBBIES_1_008_TX_2,2016-03-12,3,28.19452446755104,7
HOBBIES_1_008_TX_3,2016-03-12,3,17.731458600586553,20
HOBBIES_1_008_WI_1,2016-03-12,3,18.35481748943243,24
HOBBIES_1_008_WI_2,2016-03-12,3,15.878300297207815,3
HOBBIES_1_008_WI_3,2016-03-12,3,17.27663863678604,1
HOBBIES_1_009_CA_1,2016-03-12,3,2.7415981789893786,6
HOBBIES_1_009_CA_2,2016-03-12,3,5.207898394942914,0
HOBBIES_1_009_CA_3,2016-03-12,3,7.2208149775624415,0
HOBBIES_1_009_CA_4,2016-03-12,3,16.368662367862697,0
HOBBIES_1_009_TX_1,2016-03-12,3,3.6732699230776746,0
HOBBIES_1_009_TX_2,2016-03-12,3,4.618938641202227,0
HOBBIES_1_009_TX_3,2016-03-12,3,2.818823670622507,1
HOBBIES_1_009_WI_1,2016-03-12,3,4.764274015959651,0
HOBBIES_1_009_WI_2,2016-03-12,3,1.609381540567459,0
HOBBIES_1_009_WI_3,2016-03-12,3,1.7458187557027014,0
HOBBIES_1_010_CA_1,2016-03-12,3,4.222190295921553,2
HOBBIES_1_010_CA_2,2016-03-12,3,3.7749787839433404,0
HOBBIES_1_010_CA_3,2016-03-12,3,5.117507784102986,4
HOBBIES_1_010_CA_4,2016-03-12,3,1.628511332450786,1
HOBBIES_1_010_TX_1,2016-03-12,3,3.8342186850426674,4
HOBBIES_1_010_TX_2,2016-03-12,3,4.917396925751034,9
HOBBIES_1_010_TX_3,2016-03-12,3,3.96810402799224,4
HOBBIES_1_010_WI_1,2016-03-12,3,3.7176163379191567,4
HOBBIES_1_010_WI_2,2016-03-12,3,2.250017248315515,0
HOBBIES_1_010_WI_3,2016-03-12,3,2.7406828388503226,4
HOUSEHOLD_1_001_CA_1,2016-03-12,3,4.819981261310313,2
HOUSEHOLD_1_001_CA_2,2016-03-12,3,2.9845914250365677,6
HOUSEHOLD_1_001_CA_3,2016-03-12,3,2.1794552488517778,4
HOUSEHOLD_1_001_CA_4,2016-03-12,3,3.4611315573238675,5
HOUSEHOLD_1_001_TX_1,2016-03-12,3,2.0950937214090795,2
HOUSEHOLD_1_001_TX_2,2016-03-12,3,2.165086955286582,0
HOUSEHOLD_1_001_TX_3,2016-03-12,3,2.057677729545452,1
HOUSEHOLD_1_001_WI_1,2016-03-12,3,9.742997735583135,8
HOUSEHOLD_1_001_WI_2,2016-03-12,3,2.132267269161011,1
HOUSEHOLD_1_001_WI_3,2016-03-12,3,2.7228418022723133,0
HOUSEHOLD_1_002_CA_1,2016-03-12,3,2.0702320881893264,0
HOUSEHOLD_1_002_CA_2,2016-03-12,3,5.855803741208914,7
HOUSEHOLD_1_002_CA_3,2016-03-12,3,6.803000664637786,7
HOUSEHOLD_1_002_CA_4,2016-03-12,3,5.234264662652208,8
HOUSEHOLD_1_002_TX_1,2016-03-12,3,2.6453934142518505,0
HOUSEHOLD_1_002_TX_2,2016-03-12,3,4.4133329736621025,7
HOUSEHOLD_1_002_TX_3,2016-03-12,3,2.0803067099802224,3
HOUSEHOLD_1_002_WI_1,2016-03-12,3,10.846871617527434,7
HOUSEHOLD_1_002_WI_2,2016-03-12,3,4.284544571335903,3
HOUSEHOLD_1_002_WI_3,2016-03-12,3,2.1400028566607143,1
HOUSEHOLD_1_003_CA_1,2016-03-12,3,4.613677386649713,5
HOUSEHOLD_1_003_CA_2,2016-03-12,3,8.330024758832932,3
HOUSEHOLD_1_003_CA_3,2016-03-12,3,15.43264195425109,10
HOUSEHOLD_1_003_CA_4,2016-03-12,3,6.260687222776528,1
HOUSEHOLD_1_003_TX_1,2016-03-12,3,2.1496281468584484,5
HOUSEHOLD_1_003_TX_2,2016-03-12,3,2.8074071745968774,3
HOUSEHOLD_1_003_TX_3,2016-03-12,3,2.5069139174023927,2
HOUSEHOLD_1_003_WI_1,2016-03-12,3,8.06458027079424,1
HOUSEHOLD_1_003_WI_2,2016-03-12,3,7.040612004841209,7
HOUSEHOLD_1_003_WI_3,2016-03-12,3,3.117805122205962,3
HOUSEHOLD_1_004_CA_1,2016-03-12,3,14.662756492478676,15
HOUSEHOLD_1_004_CA_2,2016-03-12,3,16.937435457595186,5
HOUSEHOLD_1_004_CA_3,2016-03-12,3,41.674278482009655,88
HOUSEHOLD_1_004_CA_4,2016-03-12,3,5.283344706798581,11
HOUSEHOLD_1_004_TX_1,2016-03-12,3,7.624086444881324,19
HOUSEHOLD_1_004_TX_2,2016-03-12,3,12.11137200531847,8
HOUSEHOLD_1_004_TX_3,2016-03-12,3,11.102875526947326,11
HOUSEHOLD_1_004_WI_1,2016-03-12,3,9.033616889587206,11
HOUSEHOLD_1_004_WI_2,2016-03-12,3,20.24797267164458,0
HOUSEHOLD_1_004_WI_3,2016-03-12,3,16.11045897248298,13
HOUSEHOLD_1_005_CA_1,2016-03-12,3,12.955585072013582,10
HOUSEHOLD_1_005_CA_2,2016-03-12,3,17.29238553567263,23
HOUSEHOLD_1_005_CA_3,2016-03-12,3,10.808895572550473,6
HOUSEHOLD_1_005_CA_4,2016-03-12,3,5.138248034675773,5
HOUSEHOLD_1_005_TX_1,2016-03-12,3,6.251180473046372,4
HOUSEHOLD_1_005_TX_2,2016-03-12,3,14.922200906995023,13
HOUSEHOLD_1_005_TX_3,2016-03-12,3,7.63147887554697,5
HOUSEHOLD_1_005_WI_1,2016-03-12,3,9.752234743622605,6
HOUSEHOLD_1_005_WI_2,2016-03-12,3,11.107389989382275,5
HOUSEHOLD_1_005_WI_3,2016-03-12,3,13.235338786298781,4
HOUSEHOLD_1_006_CA_1,2016-03-12,3,10.712144453699228,8
HOUSEHOLD_1_006_CA_2,2016-03-12,3,8.088277051160725,11
HOUSEHOLD_1_006_CA_3,2016-03-12,3,8.853133854232306,11
HOUSEHOLD_1_006_CA_4,2016-03-12,3,4.307692017887657,5
HOUSEHOLD_1_006_TX_1,2016-03-12,3,6.850897489083622,5
HOUSEHOLD_1_006_TX_2,2016-03-12,3,7.537060227898177,10
HOUSEHOLD_1_006_TX_3,2016-03-12,3,7.681349282824561,8
HOUSEHOLD_1_006_WI_1,2016-03-12,3,3.687835638164653,2
HOUSEHOLD_1_006_WI_2,2016-03-12,3,3.6133928035871383,3
HOUSEHOLD_1_006_WI_3,2016-03-12,3,4.710677865275632,2
HOUSEHOLD_1_007_CA_1,2016-03-12,3,15.407255631187699,13
HOUSEHOLD_1_007_CA_2,2016-03-12,3,10.435527065971804,18
HOUSEHOLD_1_007_CA_3,2016-03-12,3,13.71016829724628,12
HOUSEHOLD_1_007_CA_4,2016-03-12,3,6.444623422868956,8
HOUSEHOLD_1_007_TX_1,2016-03-12,3,11.02861631951368,16
HOUSEHOLD_1_007_TX_2,2016-03-12,3,8.733154512351577,14
HOUSEHOLD_1_007_TX_3,2016-03-12,3,8.396707152762973,17
HOUSEHOLD_1_007_WI_1,2016-03-12,3,9.60318460935687,0
HOUSEHOLD_1_007_WI_2,2016-03-12,3,13.988875624262532,20
HOUSEHOLD_1_007_WI_3,2016-03-12,3,10.324733555993172,10
HOUSEHOLD_1_008_CA_1,2016-03-12,3,2.785648121670523,3
HOUSEHOLD_1_008_CA_2,2016-03-12,3,2.139966758054497,2
HOUSEHOLD_1_008_CA_3,2016-03-12,3,3.616755752384471,5
HOUSEHOLD_1_008_CA_4,2016-03-12,3,1.742578654038836,4
HOUSEHOLD_1_008_TX_1,2016-03-12,3,1.831063985963862,2
HOUSEHOLD_1_008_TX_2,2016-03-12,3,3.0078814874720443,4
HOUSEHOLD_1_008_TX_3,2016-03-12,3,2.343174795150674,4
HOUSEHOLD_1_008_WI_1,2016-03-12,3,1.8946555751812244,1
HOUSEHOLD_1_008_WI_2,2016-03-12,3,3.2770446285485626,8
HOUSEHOLD_1_008_WI_3,2016-03-12,3,1.499464973086413,1
HOUSEHOLD_1_009_CA_1,2016-03-12,3,4.659252709576264,4
HOUSEHOLD_1_009_CA_2,2016-03-12,3,4.469242424536969,4
HOUSEHOLD_1_009_CA_3,2016-03-12,3,3.5708462962248855,10
HOUSEHOLD_1_009_CA_4,2016-03-12,3,2.0144593664811943,1
HOUSEHOLD_1_009_TX_1,2016-03-12,3,2.0589478861204333,5
HOUSEHOLD_1_009_TX_2,2016-03-12,3,5.273195039755572,5
HOUSEHOLD_1_009_TX_3,2016-03-12,3,3.1363979495282623,6
HOUSEHOLD_1_009_WI_1,2016-03-12,3,1.870187508196786,1
HOUSEHOLD_1_009_WI_2,2016-03-12,3,2.5903510783103583,1
HOUSEHOLD_1_009_WI_3,2016-03-12,3,2.673297588563227,0
HOUSEHOLD_1_010_CA_1,2016-03-12,3,7.807505992981218,11
HOUSEHOLD_1_010_CA_2,2016-03-12,3,6.895609072533567,9
HOUSEHOLD_1_010_CA_3,2016-03-12,3,12.288666790997482,12
HOUSEHOLD_1_010_CA_4,2016-03-12,3,2.424116846557922,0
HOUSEHOLD_1_010_TX_1,2016-03-12,3,5.7881896372074,12
HOUSEHOLD_1_010_TX_2,2016-03-12,3,9.52892647771551,10
HOUSEHOLD_1_010_TX_3,2016-03-12,3,4.425176408067367,9
HOUSEHOLD_1_010_WI_1,2016-03-12,3,5.950983483787794,10
HOUSEHOLD_1_010_WI_2,2016-03-12,3,8.822496412964437,2
HOUSEHOLD_1_010_WI_3,2016-03-12,3,2.9968614568744525,12
FOODS_1_001_CA_1,2016-03-19,4,3.631620758978567,9
FOODS_1_001_CA_2,2016-03-19,4,7.635196897810096,3
FOODS_1_001_CA_3,2016-03-19,4,7.577358669558035,11
FOODS_1_001_CA_4,2016-03-19,4,1.8403015320978704,3
FOODS_1_001_TX_1,2016-03-19,4,3.6888622107203943,7
FOODS_1_001_TX_2,2016-03-19,4,3.7870150894845223,3
FOODS_1_001_TX_3,2016-03-19,4,2.626443148064931,3
FOODS_1_001_WI_1,2016-03-19,4,3.2978386010770624,4
FOODS_1_001_WI_2,2016-03-19,4,2.2117161259422486,4
FOODS_1_001_WI_3,2016-03-19,4,1.6207223197761593,1
FOODS_1_002_CA_1,2016-03-19,4,2.7538689417499844,4
FOODS_1_002_CA_2,2016-03-19,4,4.781818123620458,4
FOODS_1_002_CA_3,2016-03-19,4,3.0120822518841996,2
FOODS_1_002_CA_4,2016-03-19,4,2.978330611817179,0
FOODS_1_002_TX_1,2016-03-19,4,1.6893108582302883,0
FOODS_1_002_TX_2,2016-03-19,4,1.3708601894341383,1
FOODS_1_002_TX_3,2016-03-19,4,2.053466294703123,5
FOODS_1_002_WI_1,2016-03-19,4,7.239469825986232,6
FOODS_1_002_WI_2,2016-03-19,4,3.259738664333643,3
FOODS_1_002_WI_3,2016-03-19,4,1.7007256378694746,1
FOODS_1_003_CA_1,2016-03-19,4,4.786671943807024,7
FOODS_1_003_CA_2,2016-03-19,4,6.512379397433404,7
FOODS_1_003_CA_3,2016-03-19,4,4.371445618635058,3
FOODS_1_003_CA_4,2016-03-19,4,2.003393604028394,3
FOODS_1_003_TX_1,2016-03-19,4,1.8946029631369596,1
FOODS_1_003_TX_2,2016-03-19,4,1.8507359627567632,4
FOODS_1_003_TX_3,2016-03-19,4,1.6114679024621783,1
FOODS_1_003_WI_1,2016-03-19,4,7.367801308917003,13
FOODS_1_003_WI_2,2016-03-19,4,1.9317311909323236,3
FOODS_1_003_WI_3,2016-03-19,4,1.6959128622400639,3
FOODS_1_004_CA_1,2016-03-19,4,21.489991324887637,0
FOODS_1_004_CA_2,2016-03-19,4,16.673124647661467,0
FOODS_1_004_CA_3,2016-03-19,4,15.38570389716227,0
FOODS_1_004_CA_4,2016-03-19,4,12.734750206359422,0
FOODS_1_004_TX_1,2016-03-19,4,12.606184659383098,0
FOODS_1_004_TX_2,2016-03-19,4,16.547102486554756,0
FOODS_1_004_TX_3,2016-03-19,4,18.696148044880204,0
FOODS_1_004_WI_1,2016-03-19,4,14.266811927321445,0
FOODS_1_004_WI_2,2016-03-19,4,40.534244318673366,0
FOODS_1_004_WI_3,2016-03-19,4,11.95017264762574,0
FOODS_1_005_CA_1,2016-03-19,4,10.535718390960863,9
FOODS_1_005_CA_2,2016-03-19,4,23.21391538692104,43
FOODS_1_005_CA_3,2016-03-19,4,19.518422434494365,24
FOODS_1_005_CA_4,2016-03-19,4,4.419106584523373,11
FOODS_1_005_TX_1,2016-03-19,4,5.084141843081059,11
FOODS_1_005_TX_2,2016-03-19,4,7.782332488995442,14
FOODS_1_005_TX_3,2016-03-19,4,7.554889745842079,6
FOODS_1_005_WI_1,2016-03-19,4,14.736996209126112,14
FOODS_1_005_WI_2,2016-03-19,4,17.814840823698116,8
FOODS_1_005_WI_3,2016-03-19,4,11.577290420842875,8
FOODS_1_006_CA_1,2016-03-19,4,11.77996668204657,12
FOODS_1_006_CA_2,2016-03-19,4,6.906551567124171,4
FOODS_1_006_CA_3,2016-03-19,4,9.724263724738847,4
FOODS_1_006_CA_4,2016-03-19,4,10.512298450492299,14
FOODS_1_006_TX_1,2016-03-19,4,3.8583337562659348,7
FOODS_1_006_TX_2,2016-03-19,4,4.199044977912802,6
FOODS_1_006_TX_3,2016-03-19,4,9.712314722694359,0
FOODS_1_006_WI_1,2016-03-19,4,9.58430914895212,13
FOODS_1_006_WI_2,2016-03-19,4,9.054935262373514,10
FOODS_1_006_WI_3,2016-03-19,4,6.857329516470476,8
FOODS_1_008_CA_1,2016-03-19,4,2.962984340312973,3
FOODS_1_008_CA_2,2016-03-19,4,1.9648488153822974,2
FOODS_1_008_CA_3,2016-03-19,4,2.0907544053812224,0
FOODS_1_008_CA_4,2016-03-19,4,2.104555112959113,1
FOODS_1_008_TX_1,2016-03-19,4,1.282265350856114,0
FOODS_1_008_TX_2,2016-03-19,4,1.6121307992914502,0
FOODS_1_008_TX_3,2016-03-19,4,1.3823650007606976,0
FOODS_1_008_WI_1,2016-03-19,4,2.8777707486344704,4
FOODS_1_008_WI_2,2016-03-19,4,2.481232497813653,1
FOODS_1_008_WI_3,2016-03-19,4,1.6121307992914502,2
FOODS_1_009_CA_1,2016-03-19,4,6.04959943095765,0
FOODS_1_009_CA_2,2016-03-19,4,5.192567302373886,0
FOODS_1_009_CA_3,2016-03-19,4,8.226500020140614,1
FOODS_1_009_CA_4,2016-03-19,4,2.9601760313329044,0
FOODS_1_009_TX_1,2016-03-19,4,1.9823074309170217,0
FOODS_1_009_TX_2,2016-03-19,4,2.999693768224083,0
FOODS_1_009_TX_3,2016-03-19,4,1.9823074309170217,0
FOODS_1_009_WI_1,2016-03-19,4,3.091144597909045,0
FOODS_1_009_WI_2,2016-03-19,4,3.046037249817945,0
FOODS_1_009_WI_3,2016-03-19,4,2.039420711527568,0
FOODS_1_010_CA_1,2016-03-19,4,1.9129692947137131,0
FOODS_1_010_CA_2,2016-03-19,4,3.0952877921487043,1
FOODS_1_010_CA_3,2016-03-19,4,3.7650739442365224,6
FOODS_1_010_CA_4,2016-03-19,4,2.0997276370772053,0
FOODS_1_010_TX_1,2016-03-19,4,2.0925270339146778,4
FOODS_1_010_TX_2,2016-03-19,4,5.003316611381986,3
FOODS_1_010_TX_3,2016-03-19,4,5.611903094985525,5
FOODS_1_010_WI_1,2016-03-19,4,7.731421548085996,12
FOODS_1_010_WI_2,2016-03-19,4,2.3957599265725444,3
FOODS_1_010_WI_3,2016-03-19,4,5.475317845456536,0
FOODS_1_011_CA_1,2016-03-19,4,7.413952117663524,0
FOODS_1_011_CA_2,2016-03-19,4,13.265093006540985,20
FOODS_1_011_CA_3,2016-03-19,4,7.380253474497001,15
FOODS_1_011_CA_4,2016-03-19,4,5.89151802880458,8
FOODS_1_011_TX_1,2016-03-19,4,4.483573089830642,9
FOODS_1_011_TX_2,2016-03-19,4,3.6837388624842644,6
FOODS_1_011_TX_3,2016-03-19,4,1.9388901475146574,2
FOODS_1_011_WI_1,2016-03-19,4,5.73312252262619,7
FOODS_1_011_WI_2,2016-03-19,4,4.39502664918453,6
FOODS_1_011_WI_3,2016-03-19,4,2.7925194817798507,0
HOBBIES_1_001_CA_1,2016-03-19,4,4.892968406062507,10
HOBBIES_1_001_CA_2,2016-03-19,4,3.763274549663668,6
HOBBIES_1_001_CA_3,2016-03-19,4,5.669846187357521,12
HOBBIES_1_001_CA_4,2016-03-19,4,4.7259681184795,8
HOBBIES_1_001_TX_1,2016-03-19,4,2.1202653210141396,3
HOBBIES_1_001_TX_2,2016-03-19,4,3.021972780066985,3
HOBBIES_1_001_TX_3,2016-03-19,4,3.2324675157055265,3
HOBBIES_1_001_WI_1,2016-03-19,4,2.7130325616197197,4
HOBBIES_1_001_WI_2,2016-03-19,4,1.746146980518083,1
HOBBIES_1_001_WI_3,2016-03-19,4,1.7314232786512178,1
HOBBIES_1_002_CA_1,2016-03-19,4,2.181934801415585,2
HOBBIES_1_002_CA_2,2016-03-19,4,1.3498102841270234,0
HOBBIES_1_002_CA_3,2016-03-19,4,1.974986836499167,0
HOBBIES_1_002_CA_4,2016-03-19,4,1.2387141366734098,1
HOBBIES_1_002_TX_1,2016-03-19,4,1.2837582281648576,0
HOBBIES_1_002_TX_2,2016-03-19,4,1.3823650007606976,0
HOBBIES_1_002_TX_3,2016-03-19,4,1.2181303569676636,2
HOBBIES_1_002_WI_1,2016-03-19,4,5.774129610026214,6
HOBBIES_1_002_WI_2,2016-03-19,4,4.417971178726658,5
HOBBIES_1_002_WI_3,2016-03-19,4,2.3331117804037604,8
HOBBIES_1_003_CA_1,2016-03-19,4,3.057865758630464,1
HOBBIES_1_003_CA_2,2016-03-19,4,2.975895406292445,2
HOBBIES_1_003_CA_3,2016-03-19,4,1.9648488153822974,3
HOBBIES_1_003_CA_4,2016-03-19,4,1.3379689116715117,3
HOBBIES_1_003_TX_1,2016-03-19,4,1.2173622584123343,0
HOBBIES_1_003_TX_2,2016-03-19,4,1.2814972523007846,0
HOBBIES_1_003_TX_3,2016-03-19,4,1.6902123476738777,1
HOBBIES_1_003_WI_1,2016-03-19,4,1.90812333089506,1
HOBBIES_1_003_WI_2,2016-03-19,4,1.7504076680442773,3
HOBBIES_1_003_WI_3,2016-03-19,4,1.2814972523007846,0
HOBBIES_1_004_CA_1,2016-03-19,4,15.318760936720913,16
HOBBIES_1_004_CA_2,2016-03-19,4,19.41425815925443,20
HOBBIES_1_004_CA_3,2016-03-19,4,31.95992867771938,18
HOBBIES_1_004_CA_4,2016-03-19,4,4.747327804733022,10
HOBBIES_1_004_TX_1,2016-03-19,4,5.883164654447757,8
HOBBIES_1_004_TX_2,2016-03-19,4,5.876765685599709,15
HOBBIES_1_004_TX_3,2016-03-19,4,7.638072692675053,2
HOBBIES_1_004_WI_1,2016-03-19,4,3.4296365032688945,3
HOBBIES_1_004_WI_2,2016-03-19,4,4.814785027772496,4
HOBBIES_1_004_WI_3,2016-03-19,4,17.802389951285946,8
HOBBIES_1_005_CA_1,2016-03-19,4,7.8828524805264095,10
HOBBIES_1_005_CA_2,2016-03-19,4,10.699329022189948,12
HOBBIES_1_005_CA_3,2016-03-19,4,10.679812008715603,27
HOBBIES_1_005_CA_4,2016-03-19,4,11.180481706919467,6
HOBBIES_1_005_TX_1,2016-03-19,4,4.865422774572319,4
HOBBIES_1_005_TX_2,2016-03-19,4,4.24007393508974,7
HOBBIES_1_005_TX_3,2016-03-19,4,3.7300426892873633,6
HOBBIES_1_005_WI_1,2016-03-19,4,5.693514875008287,9
HOBBIES_1_005_WI_2,2016-03-19,4,3.403548742825465,3
HOBBIES_1_005_WI_3,2016-03-19,4,3.290557091216411,1
HOBBIES_1_006_CA_1,2016-03-19,4,6.70333171999245,7
HOBBIES_1_006_CA_2,2016-03-19,4,4.968187100006138,8
HOBBIES_1_006_CA_3,2016-03-19,4,7.177515361034958,6
HOBBIES_1_006_CA_4,2016-03-19,4,2.2425770324420826,3
HOBBIES_1_006_TX_1,2016-03-19,4,3.1937629288757936,1
HOBBIES_1_006_TX_2,2016-03-19,4,3.123149080814182,5
HOBBIES_1_006_TX_3,2016-03-19,4,2.066408202707746,5
HOBBIES_1_006_WI_1,2016-03-19,4,15.594448022627239,17
HOBBIES_1_006_WI_2,2016-03-19,4,6.712587719144814,3
HOBBIES_1_006_WI_3,2016-03-19,4,4.286966279181227,12
HOBBIES_1_007_CA_1,2016-03-19,4,2.0322830938119,2
HOBBIES_1_007_CA_2,2016-03-19,4,1.8586023573987642,2
HOBBIES_1_007_CA_3,2016-03-19,4,1.68595053643519,1
HOBBIES_1_007_CA_4,2016-03-19,4,1.9164830543586655,2
HOBBIES_1_007_TX_1,2016-03-19,4,1.844957546288746,4
HOBBIES_1_007_TX_2,2016-03-19,4,1.291591919369109,2
HOBBIES_1_007_TX_3,2016-03-19,4,1.610042588165259,3
HOBBIES_1_007_WI_1,2016-03-19,4,3.0018694632234757,5
HOBBIES_1_007_WI_2,2016-03-19,4,1.8193498771218917,1
HOBBIES_1_007_WI_3,2016-03-19,4,1.610042588165259,0
HOBBIES_1_008_CA_1,2016-03-19,4,55.967296958745486,38
HOBBIES_1_008_CA_2,2016-03-19,4,25.776837569424945,19
HOBBIES_1_008_CA_3,2016-03-19,4,38.721989270184025,27
HOBBIES_1_008_CA_4,2016-03-19,4,22.239348532169465,16
HOBBIES_1_008_TX_1,2016-03-19,4,9.7113565185719,21
HOBBIES_1_008_TX_2,2016-03-19,4,22.744063603208044,22
HOBBIES_1_008_TX_3,2016-03-19,4,19.086279084717667,12
HOBBIES_1_008_WI_1,2016-03-19,4,20.98525770483656,26
HOBBIES_1_008_WI_2,2016-03-19,4,15.77156126391031,8
HOBBIES_1_008_WI_3,2016-03-19,4,19.28540289219654,6
HOBBIES_1_009_CA_1,2016-03-19,4,2.9446531808112026,0
HOBBIES_1_009_CA_2,2016-03-19,4,4.962940501503914,0
HOBBIES_1_009_CA_3,2016-03-19,4,7.6291568106698415,0
HOBBIES_1_009_CA_4,2016-03-19,4,15.792187691059464,0
HOBBIES_1_009_TX_1,2016-03-19,4,3.6053212453220502,2
HOBBIES_1_009_TX_2,2016-03-19,4,4.3285204099584105,0
HOBBIES_1_009_TX_3,2016-03-19,4,3.0115045278914887,0
HOBBIES_1_009_WI_1,2016-03-19,4,5.221271900328629,0
HOBBIES_1_009_WI_2,2016-03-19,4,1.803258257354246,0
HOBBIES_1_009_WI_3,2016-03-19,4,1.8734050616857867,0
HOBBIES_1_010_CA_1,2016-03-19,4,4.157609232350471,5
HOBBIES_1_010_CA_2,2016-03-19,4,4.048431536504687,0
HOBBIES_1_010_CA_3,2016-03-19,4,5.0822945919905225,3
HOBBIES_1_010_CA_4,2016-03-19,4,1.769868422525636,1
HOBBIES_1_010_TX_1,2016-03-19,4,3.9090020849656177,4
HOBBIES_1_010_TX_2,2016-03-19,4,5.070543281999842,7
HOBBIES_1_010_TX_3,2016-03-19,4,3.9811649311741024,5
HOBBIES_1_010_WI_1,2016-03-19,4,3.389011021086415,3
HOBBIES_1_010_WI_2,2016-03-19,4,2.25531852377692,1
HOBBIES_1_010_WI_3,2016-03-19,4,2.874550054583844,5
HOUSEHOLD_1_001_CA_1,2016-03-19,4,5.1191355055465,1
HOUSEHOLD_1_001_CA_2,2016-03-19,4,2.855847417302373,4
HOUSEHOLD_1_001_CA_3,2016-03-19,4,2.1178124763194166,4
HOUSEHOLD_1_001_CA_4,2016-03-19,4,3.531406241983999,2
HOUSEHOLD_1_001_TX_1,2016-03-19,4,2.1839959371542093,2
HOUSEHOLD_1_001_TX_2,2016-03-19,4,2.051258702634257,2
HOUSEHOLD_1_001_TX_3,2016-03-19,4,1.8751520681416776,0
HOUSEHOLD_1_001_WI_1,2016-03-19,4,9.795433738134227,7
HOUSEHOLD_1_001_WI_2,2016-03-19,4,1.8716984176568852,4
HOUSEHOLD_1_001_WI_3,2016-03-19,4,2.4346835059445775,2
HOUSEHOLD_1_002_CA_1,2016-03-19,4,2.245656802072166,0
HOUSEHOLD_1_002_CA_2,2016-03-19,4,5.715402609263234,11
HOUSEHOLD_1_002_CA_3,2016-03-19,4,6.870392637140478,2
HOUSEHOLD_1_002_CA_4,2016-03-19,4,5.475811238659964,5
HOUSEHOLD_1_002_TX_1,2016-03-19,4,2.6303741033234713,1
HOUSEHOLD_1_002_TX_2,2016-03-19,4,3.915565092683372,1
HOUSEHOLD_1_002_TX_3,2016-03-19,4,2.14973235882973,0
HOUSEHOLD_1_002_WI_1,2016-03-19,4,11.0537851541594,4
HOUSEHOLD_1_002_WI_2,2016-03-19,4,3.857679818643561,2
HOUSEHOLD_1_002_WI_3,2016-03-19,4,2.24606079995552,1
HOUSEHOLD_1_003_CA_1,2016-03-19,4,4.997239498902437,12
HOUSEHOLD_1_003_CA_2,2016-03-19,4,7.865561065587175,3
HOUSEHOLD_1_003_CA_3,2016-03-19,4,15.43772011254331,9
HOUSEHOLD_1_003_CA_4,2016-03-19,4,6.30310833545603,2
HOUSEHOLD_1_003_TX_1,2016-03-19,4,2.1346088359300692,1
HOUSEHOLD_1_003_TX_2,2016-03-19,4,2.7172969430028067,1
HOUSEHOLD_1_003_TX_3,2016-03-19,4,2.626244173394562,3
HOUSEHOLD_1_003_WI_1,2016-03-19,4,8.047361809044457,6
HOUSEHOLD_1_003_WI_2,2016-03-19,4,7.077921684351197,1
HOUSEHOLD_1_003_WI_3,2016-03-19,4,3.1623038636362626,3
HOUSEHOLD_1_004_CA_1,2016-03-19,4,14.702555022441103,7
HOUSEHOLD_1_004_CA_2,2016-03-19,4,17.11646083290786,7
HOUSEHOLD_1_004_CA_3,2016-03-19,4,44.30851524709424,69
HOUSEHOLD_1_004_CA_4,2016-03-19,4,5.751701323676305,0
HOUSEHOLD_1_004_TX_1,2016-03-19,4,8.007393102953802,12
HOUSEHOLD_1_004_TX_2,2016-03-19,4,11.910836135913934,11
HOUSEHOLD_1_004_TX_3,2016-03-19,4,10.602286351603585,6
HOUSEHOLD_1_004_WI_1,2016-03-19,4,8.965927903963813,9
HOUSEHOLD_1_004_WI_2,2016-03-19,4,22.67697633062577,24
HOUSEHOLD_1_004_WI_3,2016-03-19,4,16.737783075031967,13
HOUSEHOLD_1_005_CA_1,2016-03-19,4,12.272981252115589,15
HOUSEHOLD_1_005_CA_2,2016-03-19,4,16.364961266968752,13
HOUSEHOLD_1_005_CA_3,2016-03-19,4,11.120056772152498,5
HOUSEHOLD_1_005_CA_4,2016-03-19,4,4.945029177456664,6
HOUSEHOLD_1_005_TX_1,2016-03-19,4,6.589201368598834,9
HOUSEHOLD_1_005_TX_2,2016-03-19,4,14.390416170977883,12
HOUSEHOLD_1_005_TX_3,2016-03-19,4,7.695125709731076,6
HOUSEHOLD_1_005_WI_1,2016-03-19,4,8.889159356738594,5
HOUSEHOLD_1_005_WI_2,2016-03-19,4,10.673138697232671,4
HOUSEHOLD_1_005_WI_3,2016-03-19,4,14.757335502164349,4
HOUSEHOLD_1_006_CA_1,2016-03-19,4,11.135817183903796,16
HOUSEHOLD_1_006_CA_2,2016-03-19,4,8.100321447061225,1
HOUSEHOLD_1_006_CA_3,2016-03-19,4,8.504276749994812,14
HOUSEHOLD_1_006_CA_4,2016-03-19,4,4.295841410512785,6
HOUSEHOLD_1_006_TX_1,2016-03-19,4,7.055830403733644,8
HOUSEHOLD_1_006_TX_2,2016-03-19,4,7.4632953075018404,9
HOUSEHOLD_1_006_TX_3,2016-03-19,4,7.306229901111445,6
HOUSEHOLD_1_006_WI_1,2016-03-19,4,3.8487002761595654,7
HOUSEHOLD_1_006_WI_2,2016-03-19,4,3.417828613879612,0
HOUSEHOLD_1_006_WI_3,2016-03-19,4,4.221839248450944,5
HOUSEHOLD_1_007_CA_1,2016-03-19,4,15.402041899994927,16
HOUSEHOLD_1_007_CA_2,2016-03-19,4,10.102699801548843,14
HOUSEHOLD_1_007_CA_3,2016-03-19,4,13.33566074351494,21
HOUSEHOLD_1_007_CA_4,2016-03-19,4,6.290780665662025,13
HOUSEHOLD_1_007_TX_1,2016-03-19,4,10.96807592925613,10
HOUSEHOLD_1_007_TX_2,2016-03-19,4,8.424441311397798,13
HOUSEHOLD_1_007_TX_3,2016-03-19,4,8.15560870540055,13
HOUSEHOLD_1_007_WI_1,2016-03-19,4,9.92058056321718,0
HOUSEHOLD_1_007_WI_2,2016-03-19,4,13.875785023941951,16
HOUSEHOLD_1_007_WI_3,2016-03-19,4,10.322769499878332,10
HOUSEHOLD_1_008_CA_1,2016-03-19,4,2.78090440813392,5
HOUSEHOLD_1_008_CA_2,2016-03-19,4,2.030338398788241,0
HOUSEHOLD_1_008_CA_3,2016-03-19,4,3.4971670425617694,9
HOUSEHOLD_1_008_CA_4,2016-03-19,4,1.8366284547412293,1
HOUSEHOLD_1_008_TX_1,2016-03-19,4,1.816044675035483,3
HOUSEHOLD_1_008_TX_2,2016-03-19,4,2.992862176543665,1
HOUSEHOLD_1_008_TX_3,2016-03-19,4,2.1493573565328603,3
HOUSEHOLD_1_008_WI_1,2016-03-19,4,1.98553667233011,1
HOUSEHOLD_1_008_WI_2,2016-03-19,4,3.1466907053705957,0
HOUSEHOLD_1_008_WI_3,2016-03-19,4,1.4506392529489378,3
HOUSEHOLD_1_009_CA_1,2016-03-19,4,4.66127511803184,4
HOUSEHOLD_1_009_CA_2,2016-03-19,4,3.7121467092640157,4
HOUSEHOLD_1_009_CA_3,2016-03-19,4,4.003733309661138,4
HOUSEHOLD_1_009_CA_4,2016-03-19,4,1.7638516421494852,3
HOUSEHOLD_1_009_TX_1,2016-03-19,4,2.043928575192054,2
HOUSEHOLD_1_009_TX_2,2016-03-19,4,4.859894212911239,4
HOUSEHOLD_1_009_TX_3,2016-03-19,4,2.8804331627418307,5
HOUSEHOLD_1_009_WI_1,2016-03-19,4,1.855168197268407,1
HOUSEHOLD_1_009_WI_2,2016-03-19,4,2.5984418731314225,4
HOUSEHOLD_1_009_WI_3,2016-03-19,4,2.8260965708738,1
HOUSEHOLD_1_010_CA_1,2016-03-19,4,8.073930074132175,8
HOUSEHOLD_1_010_CA_2,2016-03-19,4,7.794019845961299,7
HOUSEHOLD_1_010_CA_3,2016-03-19,4,11.870844602952186,8
HOUSEHOLD_1_010_CA_4,2016-03-19,4,2.5496794381514873,0
HOUSEHOLD_1_010_TX_1,2016-03-19,4,6.3064149202898445,7
HOUSEHOLD_1_010_TX_2,2016-03-19,4,9.92991324553269,10
HOUSEHOLD_1_010_TX_3,2016-03-19,4,4.900345742606891,4
HOUSEHOLD_1_010_WI_1,2016-03-19,4,6.370829212169239,3
HOUSEHOLD_1_010_WI_2,2016-03-19,4,7.999341691886994,9
HOUSEHOLD_1_010_WI_3,2016-03-19,4,3.384233385087673,12
FOODS_1_001_CA_1,2016-03-26,5,3.6461382994389435,9
FOODS_1_001_CA_2,2016-03-26,5,7.29521417188527,3
FOODS_1_001_CA_3,2016-03-26,5,8.346401209739382,13
FOODS_1_001_CA_4,2016-03-26,5,1.8029140771743022,3
FOODS_1_001_TX_1,2016-03-26,5,3.8934392394037274,0
FOODS_1_001_TX_2,2016-03-26,5,4.038634874733433,4
FOODS_1_001_TX_3,2016-03-26,5,2.758177791890554,2
FOODS_1_001_WI_1,2016-03-26,5,3.2978386010770624,5
FOODS_1_001_WI_2,2016-03-26,5,2.2117161259422486,0
FOODS_1_001_WI_3,2016-03-26,5,1.5804714930181543,3
FOODS_1_002_CA_1,2016-03-26,5,2.896110647079548,1
FOODS_1_002_CA_2,2016-03-26,5,4.972181705908343,5
FOODS_1_002_CA_3,2016-03-26,5,2.773014878785349,5
FOODS_1_002_CA_4,2016-03-26,5,2.5550598560641906,2
FOODS_1_002_TX_1,2016-03-26,5,1.692479561783795,0
FOODS_1_002_TX_2,2016-03-26,5,1.3740288929876452,1
FOODS_1_002_TX_3,2016-03-26,5,2.1045144766793706,4
FOODS_1_002_WI_1,2016-03-26,5,6.9298417965489385,7
FOODS_1_002_WI_2,2016-03-26,5,3.259738664333643,4
FOODS_1_002_WI_3,2016-03-26,5,1.8035559993492976,2
FOODS_1_003_CA_1,2016-03-26,5,4.839890028486779,8
FOODS_1_003_CA_2,2016-03-26,5,6.5077794036651895,8
FOODS_1_003_CA_3,2016-03-26,5,4.611060354375331,8
FOODS_1_003_CA_4,2016-03-26,5,2.0143310049036227,2
FOODS_1_003_TX_1,2016-03-26,5,1.8977716666904665,3
FOODS_1_003_TX_2,2016-03-26,5,1.8461359689885497,8
FOODS_1_003_TX_3,2016-03-26,5,1.6146366060156851,2
FOODS_1_003_WI_1,2016-03-26,5,7.024783605042747,8
FOODS_1_003_WI_2,2016-03-26,5,1.9705754609763193,1
FOODS_1_003_WI_3,2016-03-26,5,1.6959128622400639,0
FOODS_1_004_CA_1,2016-03-26,5,19.53245694554612,0
FOODS_1_004_CA_2,2016-03-26,5,17.633197713159515,0
FOODS_1_004_CA_3,2016-03-26,5,23.93904404392013,0
FOODS_1_004_CA_4,2016-03-26,5,11.068744109788636,0
FOODS_1_004_TX_1,2016-03-26,5,19.38433571180661,0
FOODS_1_004_TX_2,2016-03-26,5,15.23808796287597,0
FOODS_1_004_TX_3,2016-03-26,5,18.784422347798774,0
FOODS_1_004_WI_1,2016-03-26,5,17.455791060009062,0
FOODS_1_004_WI_2,2016-03-26,5,42.654631800558576,0
FOODS_1_004_WI_3,2016-03-26,5,16.749503696049082,0
FOODS_1_005_CA_1,2016-03-26,5,10.495254018000388,10
FOODS_1_005_CA_2,2016-03-26,5,21.796141224766476,43
FOODS_1_005_CA_3,2016-03-26,5,18.405523631356832,25
FOODS_1_005_CA_4,2016-03-26,5,4.197011521039814,16
FOODS_1_005_TX_1,2016-03-26,5,5.081271821841491,9
FOODS_1_005_TX_2,2016-03-26,5,8.076920152222565,20
FOODS_1_005_TX_3,2016-03-26,5,7.4638284073283705,13
FOODS_1_005_WI_1,2016-03-26,5,14.651245956288646,18
FOODS_1_005_WI_2,2016-03-26,5,17.69090776674518,8
FOODS_1_005_WI_3,2016-03-26,5,11.065904876522845,7
FOODS_1_006_CA_1,2016-03-26,5,12.139561127575352,10
FOODS_1_006_CA_2,2016-03-26,5,7.201332856377319,0
FOODS_1_006_CA_3,2016-03-26,5,10.494132909049588,7
FOODS_1_006_CA_4,2016-03-26,5,9.769641794227802,9
FOODS_1_006_TX_1,2016-03-26,5,3.759352464998554,5
FOODS_1_006_TX_2,2016-03-26,5,4.3837283382165415,10
FOODS_1_006_TX_3,2016-03-26,5,8.07319470029968,4
FOODS_1_006_WI_1,2016-03-26,5,10.290978156966434,2
FOODS_1_006_WI_2,2016-03-26,5,9.06775555042402,4
FOODS_1_006_WI_3,2016-03-26,5,6.791583952665833,10
FOODS_1_008_CA_1,2016-03-26,5,2.9661530438664796,3
FOODS_1_008_CA_2,2016-03-26,5,2.0562243801214932,6
FOODS_1_008_CA_3,2016-03-26,5,2.2512753854610907,0
FOODS_1_008_CA_4,2016-03-26,5,2.0477137080384487,1
FOODS_1_008_TX_1,2016-03-26,5,1.2854340544096208,0
FOODS_1_008_TX_2,2016-03-26,5,1.7258985616465004,0
FOODS_1_008_TX_3,2016-03-26,5,1.2854340544096208,0
FOODS_1_008_WI_1,2016-03-26,5,2.9262524839067803,4
FOODS_1_008_WI_2,2016-03-26,5,2.4847673868689073,0
FOODS_1_008_WI_3,2016-03-26,5,1.7149611607712731,0
FOODS_1_009_CA_1,2016-03-26,5,6.384246931112465,0
FOODS_1_009_CA_2,2016-03-26,5,5.451313751037751,0
FOODS_1_009_CA_3,2016-03-26,5,8.957603179262348,0
FOODS_1_009_CA_4,2016-03-26,5,2.9575941539544535,0
FOODS_1_009_TX_1,2016-03-26,5,2.03478372069294,0
FOODS_1_009_TX_2,2016-03-26,5,2.7488873491339025,0
FOODS_1_009_TX_3,2016-03-26,5,2.03478372069294,0
FOODS_1_009_WI_1,2016-03-26,5,3.125946222459362,0
FOODS_1_009_WI_2,2016-03-26,5,2.9450157117692846,0
FOODS_1_009_WI_3,2016-03-26,5,2.1731732575278637,0
FOODS_1_010_CA_1,2016-03-26,5,2.1034133195249316,0
FOODS_1_010_CA_2,2016-03-26,5,2.9472693928655644,0
FOODS_1_010_CA_3,2016-03-26,5,4.011424413226346,7
FOODS_1_010_CA_4,2016-03-26,5,2.052081620506809,0
FOODS_1_010_TX_1,2016-03-26,5,2.1729542118584346,5
FOODS_1_010_TX_2,2016-03-26,5,4.938275566168803,3
FOODS_1_010_TX_3,2016-03-26,5,5.997100536397455,13
FOODS_1_010_WI_1,2016-03-26,5,7.731421548085996,12
FOODS_1_010_WI_2,2016-03-26,5,2.4293499584634204,0
FOODS_1_010_WI_3,2016-03-26,5,4.479614110387861,3
FOODS_1_011_CA_1,2016-03-26,5,7.591778162159465,11
FOODS_1_011_CA_2,2016-03-26,5,12.806440374698601,17
FOODS_1_011_CA_3,2016-03-26,5,7.223075974616052,16
FOODS_1_011_CA_4,2016-03-26,5,5.076726125534177,5
FOODS_1_011_TX_1,2016-03-26,5,4.747977166126154,6
FOODS_1_011_TX_2,2016-03-26,5,2.9802705211116858,1
FOODS_1_011_TX_3,2016-03-26,5,1.9714181702445632,1
FOODS_1_011_WI_1,2016-03-26,5,5.4304928969268484,4
FOODS_1_011_WI_2,2016-03-26,5,3.706535471484321,4
FOODS_1_011_WI_3,2016-03-26,5,2.4588466333485366,2
HOBBIES_1_001_CA_1,2016-03-26,5,4.414549106397984,3
HOBBIES_1_001_CA_2,2016-03-26,5,3.6934798243339877,8
HOBBIES_1_001_CA_3,2016-03-26,5,5.55462467222202,6
HOBBIES_1_001_CA_4,2016-03-26,5,4.558284661873945,9
HOBBIES_1_001_TX_1,2016-03-26,5,1.9072438031682992,2
HOBBIES_1_001_TX_2,2016-03-26,5,3.073623218892801,2
HOBBIES_1_001_TX_3,2016-03-26,5,3.235636219259033,3
HOBBIES_1_001_WI_1,2016-03-26,5,2.8521055633957766,4
HOBBIES_1_001_WI_2,2016-03-26,5,1.8193285957781598,1
HOBBIES_1_001_WI_3,2016-03-26,5,1.8158682384291032,2
HOBBIES_1_002_CA_1,2016-03-26,5,2.1851035049690917,3
HOBBIES_1_002_CA_2,2016-03-26,5,1.4457869624574375,0
HOBBIES_1_002_CA_3,2016-03-26,5,1.9008970656624251,0
HOBBIES_1_002_CA_4,2016-03-26,5,1.3060178341153674,0
HOBBIES_1_002_TX_1,2016-03-26,5,1.2854340544096208,0
HOBBIES_1_002_TX_2,2016-03-26,5,1.2854340544096208,1
HOBBIES_1_002_TX_3,2016-03-26,5,1.2854340544096208,1
HOBBIES_1_002_WI_1,2016-03-26,5,5.742559684297861,11
HOBBIES_1_002_WI_2,2016-03-26,5,3.8882027214801576,2
HOBBIES_1_002_WI_3,2016-03-26,5,2.1294549194659527,0
HOBBIES_1_003_CA_1,2016-03-26,5,3.1537083098854133,1
HOBBIES_1_003_CA_2,2016-03-26,5,2.973974323060632,6
HOBBIES_1_003_CA_3,2016-03-26,5,2.115071922130783,1
HOBBIES_1_003_CA_4,2016-03-26,5,1.3544704073385156,0
HOBBIES_1_003_TX_1,2016-03-26,5,1.2846659558542914,0
HOBBIES_1_003_TX_2,2016-03-26,5,1.2846659558542914,1
HOBBIES_1_003_TX_3,2016-03-26,5,1.733437929652517,3
HOBBIES_1_003_WI_1,2016-03-26,5,1.90812333089506,4
HOBBIES_1_003_WI_2,2016-03-26,5,1.6622008068585883,0
HOBBIES_1_003_WI_3,2016-03-26,5,1.2814972523007846,0
HOBBIES_1_004_CA_1,2016-03-26,5,14.316040140916423,15
HOBBIES_1_004_CA_2,2016-03-26,5,20.10606599726659,24
HOBBIES_1_004_CA_3,2016-03-26,5,29.764138390428112,43
HOBBIES_1_004_CA_4,2016-03-26,5,5.022408105793325,3
HOBBIES_1_004_TX_1,2016-03-26,5,6.287815535965416,3
HOBBIES_1_004_TX_2,2016-03-26,5,5.511833589947877,9
HOBBIES_1_004_TX_3,2016-03-26,5,8.000649677574518,6
HOBBIES_1_004_WI_1,2016-03-26,5,3.4296365032688945,2
HOBBIES_1_004_WI_2,2016-03-26,5,4.449931238267837,4
HOBBIES_1_004_WI_3,2016-03-26,5,16.68819463698469,0
HOBBIES_1_005_CA_1,2016-03-26,5,8.149513430117949,9
HOBBIES_1_005_CA_2,2016-03-26,5,10.20475326664944,14
HOBBIES_1_005_CA_3,2016-03-26,5,10.577417625824301,16
HOBBIES_1_005_CA_4,2016-03-26,5,11.110975819961492,9
HOBBIES_1_005_TX_1,2016-03-26,5,4.434047233656231,3
HOBBIES_1_005_TX_2,2016-03-26,5,4.426988974759413,3
HOBBIES_1_005_TX_3,2016-03-26,5,3.6391719796563784,2
HOBBIES_1_005_WI_1,2016-03-26,5,5.8196737910190155,6
HOBBIES_1_005_WI_2,2016-03-26,5,3.589601824513546,6
HOBBIES_1_005_WI_3,2016-03-26,5,3.439941650268168,2
HOBBIES_1_006_CA_1,2016-03-26,5,6.181641698507273,7
HOBBIES_1_006_CA_2,2016-03-26,5,5.203820100478451,4
HOBBIES_1_006_CA_3,2016-03-26,5,7.233013055026832,6
HOBBIES_1_006_CA_4,2016-03-26,5,2.172023705420577,5
HOBBIES_1_006_TX_1,2016-03-26,5,3.248383500878396,2
HOBBIES_1_006_TX_2,2016-03-26,5,2.909484620556863,5
HOBBIES_1_006_TX_3,2016-03-26,5,2.1577837674469413,1
HOBBIES_1_006_WI_1,2016-03-26,5,15.713606002983026,6
HOBBIES_1_006_WI_2,2016-03-26,5,6.587035057636894,13
HOBBIES_1_006_WI_3,2016-03-26,5,4.068330754497417,4
HOBBIES_1_007_CA_1,2016-03-26,5,2.0354517973654067,4
HOBBIES_1_007_CA_2,2016-03-26,5,1.861771060952271,1
HOBBIES_1_007_CA_3,2016-03-26,5,1.773564199766582,2
HOBBIES_1_007_CA_4,2016-03-26,5,1.8423932835219217,0
HOBBIES_1_007_TX_1,2016-03-26,5,1.821809503816176,3
HOBBIES_1_007_TX_2,2016-03-26,5,1.2947606229226158,1
HOBBIES_1_007_TX_3,2016-03-26,5,1.6132112917187658,0
HOBBIES_1_007_WI_1,2016-03-26,5,3.1858430439815146,2
HOBBIES_1_007_WI_2,2016-03-26,5,1.8193498771218917,1
HOBBIES_1_007_WI_3,2016-03-26,5,1.5255976283873733,1
HOBBIES_1_008_CA_1,2016-03-26,5,61.443468538717944,30
HOBBIES_1_008_CA_2,2016-03-26,5,22.39479317508462,16
HOBBIES_1_008_CA_3,2016-03-26,5,37.30194452514774,59
HOBBIES_1_008_CA_4,2016-03-26,5,24.337309149002078,3
HOBBIES_1_008_TX_1,2016-03-26,5,9.251584643879353,10
HOBBIES_1_008_TX_2,2016-03-26,5,21.076230282912768,16
HOBBIES_1_008_TX_3,2016-03-26,5,18.9947524653564,26
HOBBIES_1_008_WI_1,2016-03-26,5,19.227295821709806,6
HOBBIES_1_008_WI_2,2016-03-26,5,16.91145349962328,15
HOBBIES_1_008_WI_3,2016-03-26,5,15.728970904928694,20
HOBBIES_1_009_CA_1,2016-03-26,5,3.2253314411398817,5
HOBBIES_1_009_CA_2,2016-03-26,5,4.886025000057613,1
HOBBIES_1_009_CA_3,2016-03-26,5,7.555475501932108,1
HOBBIES_1_009_CA_4,2016-03-26,5,15.98007215961501,8
HOBBIES_1_009_TX_1,2016-03-26,5,3.3416034433722497,2
HOBBIES_1_009_TX_2,2016-03-26,5,4.3360788909997,2
HOBBIES_1_009_TX_3,2016-03-26,5,2.6890845989287584,1
HOBBIES_1_009_WI_1,2016-03-26,5,5.429078530812052,1
HOBBIES_1_009_WI_2,2016-03-26,5,1.7041803853951913,0
HOBBIES_1_009_WI_3,2016-03-26,5,1.9250625603083193,3
HOBBIES_1_010_CA_1,2016-03-26,5,4.1233562101027035,4
HOBBIES_1_010_CA_2,2016-03-26,5,3.9129822577099693,0
HOBBIES_1_010_CA_3,2016-03-26,5,4.5961065950042785,6
HOBBIES_1_010_CA_4,2016-03-26,5,1.7402496649237895,0
HOBBIES_1_010_TX_1,2016-03-26,5,3.4411424378620676,5
HOBBIES_1_010_TX_2,2016-03-26,5,4.738869317069927,6
HOBBIES_1_010_TX_3,2016-03-26,5,3.4890215596492378,3
HOBBIES_1_010_WI_1,2016-03-26,5,3.325665218885045,4
HOBBIES_1_010_WI_2,2016-03-26,5,2.314166065786211,5
HOBBIES_1_010_WI_3,2016-03-26,5,2.882318751905564,4
HOUSEHOLD_1_001_CA_1,2016-03-26,5,4.935924149734193,4
HOUSEHOLD_1_001_CA_2,2016-03-26,5,2.600434193090257,4
HOUSEHOLD_1_001_CA_3,2016-03-26,5,2.0899799058493462,6
HOUSEHOLD_1_001_CA_4,2016-03-26,5,3.287357340350425,2
HOUSEHOLD_1_001_TX_1,2016-03-26,5,2.187164640707716,0
HOUSEHOLD_1_001_TX_2,2016-03-26,5,2.142634267373452,0
HOUSEHOLD_1_001_TX_3,2016-03-26,5,1.8602329194529812,0
HOUSEHOLD_1_001_WI_1,2016-03-26,5,9.258599999306435,7
HOUSEHOLD_1_001_WI_2,2016-03-26,5,1.9114527056194262,1
HOUSEHOLD_1_001_WI_3,2016-03-26,5,2.2649830453883766,2
HOUSEHOLD_1_002_CA_1,2016-03-26,5,2.337032366811361,0
HOUSEHOLD_1_002_CA_2,2016-03-26,5,5.840582475630029,12
HOUSEHOLD_1_002_CA_3,2016-03-26,5,6.817845675782641,13
HOUSEHOLD_1_002_CA_4,2016-03-26,5,5.201446684841975,0
HOUSEHOLD_1_002_TX_1,2016-03-26,5,2.737359934051699,1
HOUSEHOLD_1_002_TX_2,2016-03-26,5,3.9871959137542907,8
HOUSEHOLD_1_002_TX_3,2016-03-26,5,2.2595188559498847,0
HOUSEHOLD_1_002_WI_1,2016-03-26,5,11.075783880543488,6
HOUSEHOLD_1_002_WI_2,2016-03-26,5,3.857679818643561,3
HOUSEHOLD_1_002_WI_3,2016-03-26,5,2.24606079995552,2
HOUSEHOLD_1_003_CA_1,2016-03-26,5,5.039834004673824,7
HOUSEHOLD_1_003_CA_2,2016-03-26,5,7.802439358336981,4
HOUSEHOLD_1_003_CA_3,2016-03-26,5,15.346715198940608,15
HOUSEHOLD_1_003_CA_4,2016-03-26,5,6.4809640241720725,2
HOUSEHOLD_1_003_TX_1,2016-03-26,5,2.137777539483576,1
HOUSEHOLD_1_003_TX_2,2016-03-26,5,2.838429506290172,2
HOUSEHOLD_1_003_TX_3,2016-03-26,5,2.6294128769480687,2
HOUSEHOLD_1_003_WI_1,2016-03-26,5,8.047361809044457,5
HOUSEHOLD_1_003_WI_2,2016-03-26,5,7.189977449451072,3
HOUSEHOLD_1_003_WI_3,2016-03-26,5,3.0695764910630006,1
HOUSEHOLD_1_004_CA_1,2016-03-26,5,14.730238482658763,10
HOUSEHOLD_1_004_CA_2,2016-03-26,5,17.329155202768856,22
HOUSEHOLD_1_004_CA_3,2016-03-26,5,49.331874395146905,65
HOUSEHOLD_1_004_CA_4,2016-03-26,5,6.067840450085479,3
HOUSEHOLD_1_004_TX_1,2016-03-26,5,8.009365682890358,5
HOUSEHOLD_1_004_TX_2,2016-03-26,5,11.86189477807769,4
HOUSEHOLD_1_004_TX_3,2016-03-26,5,11.14868320357552,3
HOUSEHOLD_1_004_WI_1,2016-03-26,5,9.228473380640937,17
HOUSEHOLD_1_004_WI_2,2016-03-26,5,22.96965622419556,13
HOUSEHOLD_1_004_WI_3,2016-03-26,5,17.45118054023987,31
HOUSEHOLD_1_005_CA_1,2016-03-26,5,12.559150241823126,8
HOUSEHOLD_1_005_CA_2,2016-03-26,5,15.23629678542691,13
HOUSEHOLD_1_005_CA_3,2016-03-26,5,10.627506627643792,14
HOUSEHOLD_1_005_CA_4,2016-03-26,5,4.7337781855536125,7
HOUSEHOLD_1_005_TX_1,2016-03-26,5,6.318633575655349,8
HOUSEHOLD_1_005_TX_2,2016-03-26,5,13.781179169833417,6
HOUSEHOLD_1_005_TX_3,2016-03-26,5,7.3490241722407275,4
HOUSEHOLD_1_005_WI_1,2016-03-26,5,8.739262644762345,4
HOUSEHOLD_1_005_WI_2,2016-03-26,5,10.20800984220556,5
HOUSEHOLD_1_005_WI_3,2016-03-26,5,13.397015886410827,10
HOUSEHOLD_1_006_CA_1,2016-03-26,5,10.76614371727831,9
HOUSEHOLD_1_006_CA_2,2016-03-26,5,8.080571972689942,6
HOUSEHOLD_1_006_CA_3,2016-03-26,5,8.671911179756272,14
HOUSEHOLD_1_006_CA_4,2016-03-26,5,3.7678333498377654,3
HOUSEHOLD_1_006_TX_1,2016-03-26,5,6.617406453833749,4
HOUSEHOLD_1_006_TX_2,2016-03-26,5,7.237595420943568,11
HOUSEHOLD_1_006_TX_3,2016-03-26,5,7.044905777819504,9
HOUSEHOLD_1_006_WI_1,2016-03-26,5,3.6059280126992834,2
HOUSEHOLD_1_006_WI_2,2016-03-26,5,3.473227487744281,6
HOUSEHOLD_1_006_WI_3,2016-03-26,5,4.192471376992326,7
HOUSEHOLD_1_007_CA_1,2016-03-26,5,15.351033438143757,16
HOUSEHOLD_1_007_CA_2,2016-03-26,5,10.237715521110585,12
HOUSEHOLD_1_007_CA_3,2016-03-26,5,13.07412326096524,12
HOUSEHOLD_1_007_CA_4,2016-03-26,5,6.417120099541528,10
HOUSEHOLD_1_007_TX_1,2016-03-26,5,10.743240610502166,11
HOUSEHOLD_1_007_TX_2,2016-03-26,5,8.020300394353994,8
HOUSEHOLD_1_007_TX_3,2016-03-26,5,8.119963855421856,16
HOUSEHOLD_1_007_WI_1,2016-03-26,5,9.722746806234458,0
HOUSEHOLD_1_007_WI_2,2016-03-26,5,14.314691960371597,17
HOUSEHOLD_1_007_WI_3,2016-03-26,5,9.444401993242616,11
HOUSEHOLD_1_008_CA_1,2016-03-26,5,2.9005388737871587,3
HOUSEHOLD_1_008_CA_2,2016-03-26,5,2.1146586973216186,0
HOUSEHOLD_1_008_CA_3,2016-03-26,5,3.5012632253929628,4
HOUSEHOLD_1_008_CA_4,2016-03-26,5,1.7515902971090476,2
HOUSEHOLD_1_008_TX_1,2016-03-26,5,1.81921337858899,3
HOUSEHOLD_1_008_TX_2,2016-03-26,5,2.7683741282117578,2
HOUSEHOLD_1_008_TX_3,2016-03-26,5,2.2512399827759952,3
HOUSEHOLD_1_008_WI_1,2016-03-26,5,1.98553667233011,0
HOUSEHOLD_1_008_WI_2,2016-03-26,5,3.1692979450469205,3
HOUSEHOLD_1_008_WI_3,2016-03-26,5,1.4506392529489378,3
HOUSEHOLD_1_009_CA_1,2016-03-26,5,4.182855818367317,2
HOUSEHOLD_1_009_CA_2,2016-03-26,5,3.7153154128175223,3
HOUSEHOLD_1_009_CA_3,2016-03-26,5,3.920774228326731,7
HOUSEHOLD_1_009_CA_4,2016-03-26,5,1.8552272068886815,2
HOUSEHOLD_1_009_TX_1,2016-03-26,5,2.2967136629002534,5
HOUSEHOLD_1_009_TX_2,2016-03-26,5,4.907509238431464,1
HOUSEHOLD_1_009_TX_3,2016-03-26,5,2.83788231671922,1
HOUSEHOLD_1_009_WI_1,2016-03-26,5,1.855168197268407,2
HOUSEHOLD_1_009_WI_2,2016-03-26,5,2.495247562382173,2
HOUSEHOLD_1_009_WI_3,2016-03-26,5,2.4924237224424863,2
HOUSEHOLD_1_010_CA_1,2016-03-26,5,7.575630141273044,9
HOUSEHOLD_1_010_CA_2,2016-03-26,5,7.97991512841027,5
HOUSEHOLD_1_010_CA_3,2016-03-26,5,12.23131072093688,7
HOUSEHOLD_1_010_CA_4,2016-03-26,5,2.7488077224138783,1
HOUSEHOLD_1_010_TX_1,2016-03-26,5,5.9082683054201715,10
HOUSEHOLD_1_010_TX_2,2016-03-26,5,9.740217072727445,7
HOUSEHOLD_1_010_TX_3,2016-03-26,5,5.634262287789159,4
HOUSEHOLD_1_010_WI_1,2016-03-26,5,6.551430895669071,8
HOUSEHOLD_1_010_WI_2,2016-03-26,5,7.785612635898571,11
HOUSEHOLD_1_010_WI_3,2016-03-26,5,3.3644945647910736,4
FOODS_1_001_CA_1,2016-04-02,6,3.4123580511449987,9
FOODS_1_001_CA_2,2016-04-02,6,7.2860260957158856,4
FOODS_1_001_CA_3,2016-04-02,6,8.20692191669758,2
FOODS_1_001_CA_4,2016-04-02,6,1.8873590369521895,2
FOODS_1_001_TX_1,2016-04-02,6,4.152288722815632,1
FOODS_1_001_TX_2,2016-04-02,6,3.742159986698497,1
FOODS_1_001_TX_3,2016-04-02,6,2.8332687125562455,5
FOODS_1_001_WI_1,2016-04-02,6,3.301007304630569,1
FOODS_1_001_WI_2,2016-04-02,6,2.2148848294957553,4
FOODS_1_001_WI_3,2016-04-02,6,1.583640196571661,2
FOODS_1_002_CA_1,2016-04-02,6,2.8210197264138563,1
FOODS_1_002_CA_2,2016-04-02,6,4.8100247432795875,6
FOODS_1_002_CA_3,2016-04-02,6,2.621485949486715,2
FOODS_1_002_CA_4,2016-04-02,6,2.5106717747114367,3
FOODS_1_002_TX_1,2016-04-02,6,1.692479561783795,0
FOODS_1_002_TX_2,2016-04-02,6,1.3740288929876452,2
FOODS_1_002_TX_3,2016-04-02,6,1.9690871714255214,2
FOODS_1_002_WI_1,2016-04-02,6,6.6140289740307425,6
FOODS_1_002_WI_2,2016-04-02,6,3.133194669583645,3
FOODS_1_002_WI_3,2016-04-02,6,1.8911696626806909,2
FOODS_1_003_CA_1,2016-04-02,6,4.788438160037682,3
FOODS_1_003_CA_2,2016-04-02,6,6.125000125503913,2
FOODS_1_003_CA_3,2016-04-02,6,4.7878922558487895,5
FOODS_1_003_CA_4,2016-04-02,6,2.006562307581902,1
FOODS_1_003_TX_1,2016-04-02,6,1.9859785278761537,1
FOODS_1_003_TX_2,2016-04-02,6,1.9076797778909804,3
FOODS_1_003_TX_3,2016-04-02,6,1.6146366060156851,0
FOODS_1_003_WI_1,2016-04-02,6,7.027952308596253,11
FOODS_1_003_WI_2,2016-04-02,6,1.931138484759976,1
FOODS_1_003_WI_3,2016-04-02,6,1.6990815657935707,0
FOODS_1_004_CA_1,2016-04-02,6,24.749834242975606,0
FOODS_1_004_CA_2,2016-04-02,6,20.227391478091693,0
FOODS_1_004_CA_3,2016-04-02,6,35.29379302693238,0
FOODS_1_004_CA_4,2016-04-02,6,14.000643865834498,0
FOODS_1_004_TX_1,2016-04-02,6,25.66443260840806,0
FOODS_1_004_TX_2,2016-04-02,6,17.582439371586347,0
FOODS_1_004_TX_3,2016-04-02,6,25.442795487165167,0
FOODS_1_004_WI_1,2016-04-02,6,13.921151665712818,0
FOODS_1_004_WI_2,2016-04-02,6,45.76520964234253,0
FOODS_1_004_WI_3,2016-04-02,6,20.950732297517725,0
FOODS_1_005_CA_1,2016-04-02,6,10.419385985965798,5
FOODS_1_005_CA_2,2016-04-02,6,21.822696387143374,41
FOODS_1_005_CA_3,2016-04-02,6,19.107676916804653,16
FOODS_1_005_CA_4,2016-04-02,6,4.217950832566902,8
FOODS_1_005_TX_1,2016-04-02,6,5.34762041115784,5
FOODS_1_005_TX_2,2016-04-02,6,8.227576309354893,4
FOODS_1_005_TX_3,2016-04-02,6,7.224174691077289,10
FOODS_1_005_WI_1,2016-04-02,6,14.41287477017509,19
FOODS_1_005_WI_2,2016-04-02,6,16.42979986520287,10
FOODS_1_005_WI_3,2016-04-02,6,10.880574840389473,5
FOODS_1_006_CA_1,2016-04-02,6,11.56704709498883,19
FOODS_1_006_CA_2,2016-04-02,6,7.225104750664595,6
FOODS_1_006_CA_3,2016-04-02,6,10.385450878935423,10
FOODS_1_006_CA_4,2016-04-02,6,9.589851546650895,9
FOODS_1_006_TX_1,2016-04-02,6,3.3028133151415457,2
FOODS_1_006_TX_2,2016-04-02,6,4.300912244706153,4
FOODS_1_006_TX_3,2016-04-02,6,7.73928376942046,6
FOODS_1_006_WI_1,2016-04-02,6,9.89182307954665,19
FOODS_1_006_WI_2,2016-04-02,6,8.822414332661433,8
FOODS_1_006_WI_3,2016-04-02,6,7.09855518179707,31
FOODS_1_008_CA_1,2016-04-02,6,2.9147011754173837,1
FOODS_1_008_CA_2,2016-04-02,6,2.0562243801214932,1
FOODS_1_008_CA_3,2016-04-02,6,2.2788162528009903,0
FOODS_1_008_CA_4,2016-04-02,6,2.2036993750200295,3
FOODS_1_008_TX_1,2016-04-02,6,1.2854340544096208,1
FOODS_1_008_TX_2,2016-04-02,6,1.7778260110052715,0
FOODS_1_008_TX_3,2016-04-02,6,1.2854340544096208,1
FOODS_1_008_WI_1,2016-04-02,6,2.980873055909383,1
FOODS_1_008_WI_2,2016-04-02,6,2.487936090422414,1
FOODS_1_008_WI_3,2016-04-02,6,1.8025748241026665,3
FOODS_1_009_CA_1,2016-04-02,6,6.478851901045059,0
FOODS_1_009_CA_2,2016-04-02,6,6.199222290376562,0
FOODS_1_009_CA_3,2016-04-02,6,9.442214733790916,0
FOODS_1_009_CA_4,2016-04-02,6,3.0167104716790223,0
FOODS_1_009_TX_1,2016-04-02,6,2.207435541656514,0
FOODS_1_009_TX_2,2016-04-02,6,2.7970328038256183,0
FOODS_1_009_TX_3,2016-04-02,6,2.207435541656514,0
FOODS_1_009_WI_1,2016-04-02,6,3.203395614619352,0
FOODS_1_009_WI_2,2016-04-02,6,3.0583795777349296,0
FOODS_1_009_WI_3,2016-04-02,6,2.264548822267059,0
FOODS_1_010_CA_1,2016-04-02,6,2.19162018071062,5
FOODS_1_010_CA_2,2016-04-02,6,2.9762033294306,1
FOODS_1_010_CA_3,2016-04-02,6,3.706858728095231,6
FOODS_1_010_CA_4,2016-04-02,6,2.0976828019226454,0
FOODS_1_010_TX_1,2016-04-02,6,2.1729542118584346,2
FOODS_1_010_TX_2,2016-04-02,6,4.712897653679085,4
FOODS_1_010_TX_3,2016-04-02,6,5.878193602533706,4
FOODS_1_010_WI_1,2016-04-02,6,7.486144585495467,11
FOODS_1_010_WI_2,2016-04-02,6,2.540081795155095,6
FOODS_1_010_WI_3,2016-04-02,6,4.112151565126245,6
FOODS_1_011_CA_1,2016-04-02,6,7.128775966377822,6
FOODS_1_011_CA_2,2016-04-02,6,12.679949758584653,19
FOODS_1_011_CA_3,2016-04-02,6,7.530375805813918,16
FOODS_1_011_CA_4,2016-04-02,6,4.947906985994691,5
FOODS_1_011_TX_1,2016-04-02,6,4.900817645421864,1
FOODS_1_011_TX_2,2016-04-02,6,3.0429468236448436,1
FOODS_1_011_TX_3,2016-04-02,6,2.0377085810482636,1
FOODS_1_011_WI_1,2016-04-02,6,5.297996786299014,9
FOODS_1_011_WI_2,2016-04-02,6,3.502782735311695,7
FOODS_1_011_WI_3,2016-04-02,6,2.680362446929529,3
HOBBIES_1_001_CA_1,2016-04-02,6,4.318875232663326,10
HOBBIES_1_001_CA_2,2016-04-02,6,3.534289853437064,3
HOBBIES_1_001_CA_3,2016-04-02,6,5.667616052329243,9
HOBBIES_1_001_CA_4,2016-04-02,6,4.550515964552225,2
HOBBIES_1_001_TX_1,2016-04-02,6,1.9072438031682992,2
HOBBIES_1_001_TX_2,2016-04-02,6,2.909129577523617,4
HOBBIES_1_001_TX_3,2016-04-02,6,3.235636219259033,2
HOBBIES_1_001_WI_1,2016-04-02,6,2.855274266949283,2
HOBBIES_1_001_WI_2,2016-04-02,6,1.8963401785712946,2
HOBBIES_1_001_WI_3,2016-04-02,6,1.81903694198261,1
HOBBIES_1_002_CA_1,2016-04-02,6,2.262361979359341,0
HOBBIES_1_002_CA_2,2016-04-02,6,1.5458866123620207,1
HOBBIES_1_002_CA_3,2016-04-02,6,1.9008970656624251,0
HOBBIES_1_002_CA_4,2016-04-02,6,1.3060178341153674,1
HOBBIES_1_002_TX_1,2016-04-02,6,1.2854340544096208,0
HOBBIES_1_002_TX_2,2016-04-02,6,1.2854340544096208,0
HOBBIES_1_002_TX_3,2016-04-02,6,1.2854340544096208,1
HOBBIES_1_002_WI_1,2016-04-02,6,5.66234933898275,5
HOBBIES_1_002_WI_2,2016-04-02,6,3.5122565453152443,6
HOBBIES_1_002_WI_3,2016-04-02,6,2.1326236230194593,2
HOBBIES_1_003_CA_1,2016-04-02,6,3.156355758681853,2
HOBBIES_1_003_CA_2,2016-04-02,6,2.9372169134441526,4
HOBBIES_1_003_CA_3,2016-04-02,6,2.0562243801214932,2
HOBBIES_1_003_CA_4,2016-04-02,6,1.3060178341153674,3
HOBBIES_1_003_TX_1,2016-04-02,6,1.2846659558542914,2
HOBBIES_1_003_TX_2,2016-04-02,6,1.2846659558542914,1
HOBBIES_1_003_TX_3,2016-04-02,6,1.733437929652517,2
HOBBIES_1_003_WI_1,2016-04-02,6,1.9112920344485669,1
HOBBIES_1_003_WI_2,2016-04-02,6,1.6661376089674245,2
HOBBIES_1_003_WI_3,2016-04-02,6,1.2846659558542914,1
HOBBIES_1_004_CA_1,2016-04-02,6,14.691328046894016,10
HOBBIES_1_004_CA_2,2016-04-02,6,20.054906857262754,23
HOBBIES_1_004_CA_3,2016-04-02,6,28.55535957360642,50
HOBBIES_1_004_CA_4,2016-04-02,6,4.7148829627276445,7
HOBBIES_1_004_TX_1,2016-04-02,6,6.323248318865924,7
HOBBIES_1_004_TX_2,2016-04-02,6,5.309278034647046,7
HOBBIES_1_004_TX_3,2016-04-02,6,8.036410021746187,9
HOBBIES_1_004_WI_1,2016-04-02,6,3.432805206822401,1
HOBBIES_1_004_WI_2,2016-04-02,6,4.336365728107973,0
HOBBIES_1_004_WI_3,2016-04-02,6,16.5685573751777,0
HOBBIES_1_005_CA_1,2016-04-02,6,7.92383999071438,7
HOBBIES_1_005_CA_2,2016-04-02,6,10.318293043634426,14
HOBBIES_1_005_CA_3,2016-04-02,6,10.666736525418045,13
HOBBIES_1_005_CA_4,2016-04-02,6,10.875632365343089,11
HOBBIES_1_005_TX_1,2016-04-02,6,4.353227493748515,4
HOBBIES_1_005_TX_2,2016-04-02,6,4.426988974759413,1
HOBBIES_1_005_TX_3,2016-04-02,6,3.6391719796563784,5
HOBBIES_1_005_WI_1,2016-04-02,6,5.822842494572522,5
HOBBIES_1_005_WI_2,2016-04-02,6,3.7677139158972492,2
HOBBIES_1_005_WI_3,2016-04-02,6,3.454203703013163,8
HOBBIES_1_006_CA_1,2016-04-02,6,6.06975585474969,4
HOBBIES_1_006_CA_2,2016-04-02,6,5.2552719689275476,6
HOBBIES_1_006_CA_3,2016-04-02,6,7.288132783758414,8
HOBBIES_1_006_CA_4,2016-04-02,6,2.0680395094990196,3
HOBBIES_1_006_TX_1,2016-04-02,6,3.248383500878396,5
HOBBIES_1_006_TX_2,2016-04-02,6,3.1046668001599897,2
HOBBIES_1_006_TX_3,2016-04-02,6,2.1577837674469413,3
HOBBIES_1_006_WI_1,2016-04-02,6,14.800217770115877,11
HOBBIES_1_006_WI_2,2016-04-02,6,6.126101365570376,16
HOBBIES_1_006_WI_3,2016-04-02,6,4.05574522221572,6
HOBBIES_1_007_CA_1,2016-04-02,6,2.0354517973654067,0
HOBBIES_1_007_CA_2,2016-04-02,6,1.920618602961562,2
HOBBIES_1_007_CA_3,2016-04-02,6,1.773564199766582,3
HOBBIES_1_007_CA_4,2016-04-02,6,1.780849474619491,0
HOBBIES_1_007_TX_1,2016-04-02,6,1.821809503816176,2
HOBBIES_1_007_TX_2,2016-04-02,6,1.2947606229226158,2
HOBBIES_1_007_TX_3,2016-04-02,6,1.6132112917187658,2
HOBBIES_1_007_WI_1,2016-04-02,6,3.0996090268315277,3
HOBBIES_1_007_WI_2,2016-04-02,6,1.8225185806753985,2
HOBBIES_1_007_WI_3,2016-04-02,6,1.5287663319408802,0
HOBBIES_1_008_CA_1,2016-04-02,6,65.35119259229687,106
HOBBIES_1_008_CA_2,2016-04-02,6,23.836980737664213,16
HOBBIES_1_008_CA_3,2016-04-02,6,36.95306442514371,40
HOBBIES_1_008_CA_4,2016-04-02,6,26.211923852481885,42
HOBBIES_1_008_TX_1,2016-04-02,6,12.589957594743808,30
HOBBIES_1_008_TX_2,2016-04-02,6,26.39056500766849,40
HOBBIES_1_008_TX_3,2016-04-02,6,18.394013576923715,15
HOBBIES_1_008_WI_1,2016-04-02,6,19.068846747875824,22
HOBBIES_1_008_WI_2,2016-04-02,6,15.921300474426694,19
HOBBIES_1_008_WI_3,2016-04-02,6,15.104883910852227,11
HOBBIES_1_009_CA_1,2016-04-02,6,2.9393875818152373,3
HOBBIES_1_009_CA_2,2016-04-02,6,4.423749392647098,12
HOBBIES_1_009_CA_3,2016-04-02,6,7.797319385110788,17
HOBBIES_1_009_CA_4,2016-04-02,6,15.07755220579219,8
HOBBIES_1_009_TX_1,2016-04-02,6,3.3899679458676055,6
HOBBIES_1_009_TX_2,2016-04-02,6,4.32572792117196,7
HOBBIES_1_009_TX_3,2016-04-02,6,2.6924917333234286,6
HOBBIES_1_009_WI_1,2016-04-02,6,5.066295215104072,15
HOBBIES_1_009_WI_2,2016-04-02,6,1.7917940487265838,3
HOBBIES_1_009_WI_3,2016-04-02,6,1.9282312638618262,2
HOBBIES_1_010_CA_1,2016-04-02,6,3.7407089852494866,9
HOBBIES_1_010_CA_2,2016-04-02,6,3.7187675016850554,1
HOBBIES_1_010_CA_3,2016-04-02,6,4.646155976130527,7
HOBBIES_1_010_CA_4,2016-04-02,6,1.824694624701675,3
HOBBIES_1_010_TX_1,2016-04-02,6,3.3203766065072395,1
HOBBIES_1_010_TX_2,2016-04-02,6,4.738869317069927,8
HOBBIES_1_010_TX_3,2016-04-02,6,3.530740475854403,6
HOBBIES_1_010_WI_1,2016-04-02,6,3.3210652251168313,4
HOBBIES_1_010_WI_2,2016-04-02,6,2.3173347693397175,1
HOBBIES_1_010_WI_3,2016-04-02,6,2.802627837471659,5
HOUSEHOLD_1_001_CA_1,2016-04-02,6,4.748729270999815,3
HOUSEHOLD_1_001_CA_2,2016-04-02,6,2.722309126266227,6
HOUSEHOLD_1_001_CA_3,2016-04-02,6,2.0899799058493462,7
HOUSEHOLD_1_001_CA_4,2016-04-02,6,3.2606309221800887,4
HOUSEHOLD_1_001_TX_1,2016-04-02,6,2.128317098698425,4
HOUSEHOLD_1_001_TX_2,2016-04-02,6,2.142634267373452,2
HOUSEHOLD_1_001_TX_3,2016-04-02,6,1.8602329194529812,0
HOUSEHOLD_1_001_WI_1,2016-04-02,6,8.888105118501151,6
HOUSEHOLD_1_001_WI_2,2016-04-02,6,1.914621409172933,3
HOUSEHOLD_1_001_WI_3,2016-04-02,6,2.3006239614143595,2
HOUSEHOLD_1_002_CA_1,2016-04-02,6,2.4142908412016104,0
HOUSEHOLD_1_002_CA_2,2016-04-02,6,5.840582475630029,6
HOUSEHOLD_1_002_CA_3,2016-04-02,6,6.745380552099993,4
HOUSEHOLD_1_002_CA_4,2016-04-02,6,5.015001499254155,1
HOUSEHOLD_1_002_TX_1,2016-04-02,6,2.6180769009568743,0
HOUSEHOLD_1_002_TX_2,2016-04-02,6,3.983136939089336,2
HOUSEHOLD_1_002_TX_3,2016-04-02,6,2.2595188559498847,0
HOUSEHOLD_1_002_WI_1,2016-04-02,6,10.911479922076682,8
HOUSEHOLD_1_002_WI_2,2016-04-02,6,3.7817843241413955,2
HOUSEHOLD_1_002_WI_3,2016-04-02,6,2.2492295035090266,0
HOUSEHOLD_1_003_CA_1,2016-04-02,6,4.973543593870123,5
HOUSEHOLD_1_003_CA_2,2016-04-02,6,7.909378090531488,5
HOUSEHOLD_1_003_CA_3,2016-04-02,6,15.299301471446325,12
HOUSEHOLD_1_003_CA_4,2016-04-02,6,6.4809640241720725,3
HOUSEHOLD_1_003_TX_1,2016-04-02,6,2.1966250814928667,1
HOUSEHOLD_1_003_TX_2,2016-04-02,6,2.7721390954864717,1
HOUSEHOLD_1_003_TX_3,2016-04-02,6,2.6909566858504985,0
HOUSEHOLD_1_003_WI_1,2016-04-02,6,7.9429320750990104,4
HOUSEHOLD_1_003_WI_2,2016-04-02,6,7.096941160302453,2
HOUSEHOLD_1_003_WI_3,2016-04-02,6,2.983342473913014,0
HOUSEHOLD_1_004_CA_1,2016-04-02,6,14.764809392132547,11
HOUSEHOLD_1_004_CA_2,2016-04-02,6,17.783491765181587,16
HOUSEHOLD_1_004_CA_3,2016-04-02,6,40.79817897864658,46
HOUSEHOLD_1_004_CA_4,2016-04-02,6,6.261789487356214,3
HOUSEHOLD_1_004_TX_1,2016-04-02,6,7.685739522729165,17
HOUSEHOLD_1_004_TX_2,2016-04-02,6,11.307938978046336,2
HOUSEHOLD_1_004_TX_3,2016-04-02,6,11.100520187583578,10
HOUSEHOLD_1_004_WI_1,2016-04-02,6,9.252706871736365,7
HOUSEHOLD_1_004_WI_2,2016-04-02,6,24.410786751582858,11
HOUSEHOLD_1_004_WI_3,2016-04-02,6,15.170389337968452,29
HOUSEHOLD_1_005_CA_1,2016-04-02,6,12.15687856494884,10
HOUSEHOLD_1_005_CA_2,2016-04-02,6,15.688636848209454,15
HOUSEHOLD_1_005_CA_3,2016-04-02,6,10.323318663004441,13
HOUSEHOLD_1_005_CA_4,2016-04-02,6,4.7337781855536125,7
HOUSEHOLD_1_005_TX_1,2016-04-02,6,6.353635547641961,2
HOUSEHOLD_1_005_TX_2,2016-04-02,6,13.896740180038345,9
HOUSEHOLD_1_005_TX_3,2016-04-02,6,7.350590039033433,5
HOUSEHOLD_1_005_WI_1,2016-04-02,6,8.806410954105706,8
HOUSEHOLD_1_005_WI_2,2016-04-02,6,9.840594884465304,4
HOUSEHOLD_1_005_WI_3,2016-04-02,6,12.953076730966933,2
HOUSEHOLD_1_006_CA_1,2016-04-02,6,10.720049732269802,21
HOUSEHOLD_1_006_CA_2,2016-04-02,6,8.098381114630175,12
HOUSEHOLD_1_006_CA_3,2016-04-02,6,8.449382249744406,6
HOUSEHOLD_1_006_CA_4,2016-04-02,6,3.844047381534987,2
HOUSEHOLD_1_006_TX_1,2016-04-02,6,6.439506726620181,9
HOUSEHOLD_1_006_TX_2,2016-04-02,6,7.047975144750003,7
HOUSEHOLD_1_006_TX_3,2016-04-02,6,6.996523974257978,5
HOUSEHOLD_1_006_WI_1,2016-04-02,6,3.51325676645094,2
HOUSEHOLD_1_006_WI_2,2016-04-02,6,3.459416075522113,4
HOUSEHOLD_1_006_WI_3,2016-04-02,6,4.106766486295461,8
HOUSEHOLD_1_007_CA_1,2016-04-02,6,15.129115117322591,25
HOUSEHOLD_1_007_CA_2,2016-04-02,6,10.023455734657894,22
HOUSEHOLD_1_007_CA_3,2016-04-02,6,13.114771582356047,9
HOUSEHOLD_1_007_CA_4,2016-04-02,6,6.292351980993681,11
HOUSEHOLD_1_007_TX_1,2016-04-02,6,10.743240610502166,12
HOUSEHOLD_1_007_TX_2,2016-04-02,6,8.020300394353994,10
HOUSEHOLD_1_007_TX_3,2016-04-02,6,8.364199290371362,11
HOUSEHOLD_1_007_WI_1,2016-04-02,6,9.576031217844937,4
HOUSEHOLD_1_007_WI_2,2016-04-02,6,13.546067650854669,16
HOUSEHOLD_1_007_WI_3,2016-04-02,6,9.65802543387834,5
HOUSEHOLD_1_008_CA_1,2016-04-02,6,2.9005388737871587,6
HOUSEHOLD_1_008_CA_2,2016-04-02,6,2.250764713721159,3
HOUSEHOLD_1_008_CA_3,2016-04-02,6,3.48654195191917,6
HOUSEHOLD_1_008_CA_4,2016-04-02,6,1.715349994776082,2
HOUSEHOLD_1_008_TX_1,2016-04-02,6,1.7310065174033014,1
HOUSEHOLD_1_008_TX_2,2016-04-02,6,2.8120572993391333,3
HOUSEHOLD_1_008_TX_3,2016-04-02,6,2.1987563017866285,1
HOUSEHOLD_1_008_WI_1,2016-04-02,6,1.9887053758836168,0
HOUSEHOLD_1_008_WI_2,2016-04-02,6,3.126747099024309,5
HOUSEHOLD_1_008_WI_3,2016-04-02,6,1.4538079565024447,4
HOUSEHOLD_1_009_CA_1,2016-04-02,6,4.095931759950874,4
HOUSEHOLD_1_009_CA_2,2016-04-02,6,3.6340962911900494,5
HOUSEHOLD_1_009_CA_3,2016-04-02,6,3.995741161443214,9
HOUSEHOLD_1_009_CA_4,2016-04-02,6,1.9215176176923827,2
HOUSEHOLD_1_009_TX_1,2016-04-02,6,2.2649800092947516,2
HOUSEHOLD_1_009_TX_2,2016-04-02,6,4.81596125970822,0
HOUSEHOLD_1_009_TX_3,2016-04-02,6,2.77159190591552,0
HOUSEHOLD_1_009_WI_1,2016-04-02,6,1.858336900821914,1
HOUSEHOLD_1_009_WI_2,2016-04-02,6,2.2889757783494393,0
HOUSEHOLD_1_009_WI_3,2016-04-02,6,2.3612428590754444,1
HOUSEHOLD_1_010_CA_1,2016-04-02,6,7.661611306267332,8
HOUSEHOLD_1_010_CA_2,2016-04-02,6,8.050266397774427,10
HOUSEHOLD_1_010_CA_3,2016-04-02,6,11.871823753335118,14
HOUSEHOLD_1_010_CA_4,2016-04-02,6,2.788448766888883,4
HOUSEHOLD_1_010_TX_1,2016-04-02,6,5.74048527321166,10
HOUSEHOLD_1_010_TX_2,2016-04-02,6,9.796647851690967,5
HOUSEHOLD_1_010_TX_3,2016-04-02,6,6.225168584827903,7
HOUSEHOLD_1_010_WI_1,2016-04-02,6,6.282956473259819,2
HOUSEHOLD_1_010_WI_2,2016-04-02,6,7.953496451485452,9
HOUSEHOLD_1_010_WI_3,2016-04-02,6,3.532135914738294,10
FOODS_1_001_CA_1,2016-04-09,7,3.3791957049213868,6
FOODS_1_001_CA_2,2016-04-09,7,7.058711091077243,3
FOODS_1_001_CA_3,2016-04-09,7,7.449195185498056,7
FOODS_1_001_CA_4,2016-04-09,7,1.8932099007283187,0
FOODS_1_001_TX_1,2016-04-09,7,3.899290103179857,0
FOODS_1_001_TX_2,2016-04-09,7,3.6005013180434564,5
FOODS_1_001_TX_3,2016-04-09,7,2.71983654323755,3
FOODS_1_001_WI_1,2016-04-09,7,3.1581608328766544,1
FOODS_1_001_WI_2,2016-04-09,7,2.2207356932718847,5
FOODS_1_001_WI_3,2016-04-09,7,1.6739360201256759,1
FOODS_1_002_CA_1,2016-04-09,7,2.782482508837232,3
FOODS_1_002_CA_2,2016-04-09,7,4.815875607055717,6
FOODS_1_002_CA_3,2016-04-09,7,2.6273368132628443,5
FOODS_1_002_CA_4,2016-04-09,7,2.516522638487566,0
FOODS_1_002_TX_1,2016-04-09,7,1.6983304255599243,1
FOODS_1_002_TX_2,2016-04-09,7,1.3798797567637744,1
FOODS_1_002_TX_3,2016-04-09,7,1.9749380352016506,1
FOODS_1_002_WI_1,2016-04-09,7,6.41845552814932,6
FOODS_1_002_WI_2,2016-04-09,7,3.084455216024739,3
FOODS_1_002_WI_3,2016-04-09,7,1.872271713359425,1
FOODS_1_003_CA_1,2016-04-09,7,4.794289023813811,7
FOODS_1_003_CA_2,2016-04-09,7,6.291215459357721,13
FOODS_1_003_CA_3,2016-04-09,7,4.778835854987826,5
FOODS_1_003_CA_4,2016-04-09,7,2.1227125818164176,3
FOODS_1_003_TX_1,2016-04-09,7,1.9995980889740033,1
FOODS_1_003_TX_2,2016-04-09,7,1.851986832764679,4
FOODS_1_003_TX_3,2016-04-09,7,1.6204874697918144,0
FOODS_1_003_WI_1,2016-04-09,7,7.084559872063801,5
FOODS_1_003_WI_2,2016-04-09,7,1.9849453829637878,0
FOODS_1_003_WI_3,2016-04-09,7,1.7049324295697,0
FOODS_1_004_CA_1,2016-04-09,7,25.630539491002104,0
FOODS_1_004_CA_2,2016-04-09,7,19.10355630744157,0
FOODS_1_004_CA_3,2016-04-09,7,46.67451605690496,0
FOODS_1_004_CA_4,2016-04-09,7,14.916035169297238,0
FOODS_1_004_TX_1,2016-04-09,7,26.644383009310413,0
FOODS_1_004_TX_2,2016-04-09,7,19.217060869858617,0
FOODS_1_004_TX_3,2016-04-09,7,31.531296949865688,0
FOODS_1_004_WI_1,2016-04-09,7,27.850397485417346,0
FOODS_1_004_WI_2,2016-04-09,7,49.42524872938799,0
FOODS_1_004_WI_3,2016-04-09,7,25.16977253327941,0
FOODS_1_005_CA_1,2016-04-09,7,9.960172867167651,10
FOODS_1_005_CA_2,2016-04-09,7,18.034015976908005,65
FOODS_1_005_CA_3,2016-04-09,7,16.457791883503894,21
FOODS_1_005_CA_4,2016-04-09,7,4.1525854085720875,9
FOODS_1_005_TX_1,2016-04-09,7,5.1019137665890115,2
FOODS_1_005_TX_2,2016-04-09,7,7.675320696205503,7
FOODS_1_005_TX_3,2016-04-09,7,7.360425761406186,4
FOODS_1_005_WI_1,2016-04-09,7,13.937166319149837,15
FOODS_1_005_WI_2,2016-04-09,7,16.468229145445857,17
FOODS_1_005_WI_3,2016-04-09,7,10.721954347763274,16
FOODS_1_006_CA_1,2016-04-09,7,11.394699780094276,6
FOODS_1_006_CA_2,2016-04-09,7,7.269712908600856,8
FOODS_1_006_CA_3,2016-04-09,7,9.917166030925445,11
FOODS_1_006_CA_4,2016-04-09,7,10.431908168273027,9
FOODS_1_006_TX_1,2016-04-09,7,3.366414604483588,3
FOODS_1_006_TX_2,2016-04-09,7,4.374302355197686,4
FOODS_1_006_TX_3,2016-04-09,7,7.7610850019578885,8
FOODS_1_006_WI_1,2016-04-09,7,9.1357980996777,13
FOODS_1_006_WI_2,2016-04-09,7,8.36398989112621,11
FOODS_1_006_WI_3,2016-04-09,7,6.162021362180393,1
FOODS_1_008_CA_1,2016-04-09,7,2.920552039193513,1
FOODS_1_008_CA_2,2016-04-09,7,2.0620752438976226,2
FOODS_1_008_CA_3,2016-04-09,7,2.2846671165771197,0
FOODS_1_008_CA_4,2016-04-09,7,1.9758619445797474,2
FOODS_1_008_TX_1,2016-04-09,7,1.29128491818575,1
FOODS_1_008_TX_2,2016-04-09,7,1.7836768747814007,2
FOODS_1_008_TX_3,2016-04-09,7,1.29128491818575,0
FOODS_1_008_WI_1,2016-04-09,7,2.921399035405968,2
FOODS_1_008_WI_2,2016-04-09,7,2.365221013926427,1
FOODS_1_008_WI_3,2016-04-09,7,1.859877556327892,0
FOODS_1_009_CA_1,2016-04-09,7,6.590216966603457,0
FOODS_1_009_CA_2,2016-04-09,7,6.258336353569681,0
FOODS_1_009_CA_3,2016-04-09,7,9.09722211630115,0
FOODS_1_009_CA_4,2016-04-09,7,3.0814088774644417,0
FOODS_1_009_TX_1,2016-04-09,7,2.2132864054326435,0
FOODS_1_009_TX_2,2016-04-09,7,2.9964511306721526,0
FOODS_1_009_TX_3,2016-04-09,7,2.2132864054326435,0
FOODS_1_009_WI_1,2016-04-09,7,3.260325323083051,0
FOODS_1_009_WI_2,2016-04-09,7,3.1308466808420694,0
FOODS_1_009_WI_3,2016-04-09,7,2.2703996860431883,0
FOODS_1_010_CA_1,2016-04-09,7,2.1974710444867496,0
FOODS_1_010_CA_2,2016-04-09,7,3.026246305635863,2
FOODS_1_010_CA_3,2016-04-09,7,3.6233068711678675,4
FOODS_1_010_CA_4,2016-04-09,7,2.0632828389407702,0
FOODS_1_010_TX_1,2016-04-09,7,2.178805075634564,9
FOODS_1_010_TX_2,2016-04-09,7,4.4630994479959805,0
FOODS_1_010_TX_3,2016-04-09,7,5.857179857724015,8
FOODS_1_010_WI_1,2016-04-09,7,7.282975007842245,11
FOODS_1_010_WI_2,2016-04-09,7,2.466983171382042,1
FOODS_1_010_WI_3,2016-04-09,7,4.0805807031011,3
FOODS_1_011_CA_1,2016-04-09,7,6.779537958354775,4
FOODS_1_011_CA_2,2016-04-09,7,12.961074116095405,18
FOODS_1_011_CA_3,2016-04-09,7,7.361824106420953,14
FOODS_1_011_CA_4,2016-04-09,7,4.73194257228362,7
FOODS_1_011_TX_1,2016-04-09,7,4.590152246933448,0
FOODS_1_011_TX_2,2016-04-09,7,2.9050630453551443,1
FOODS_1_011_TX_3,2016-04-09,7,1.9015129514307303,2
FOODS_1_011_WI_1,2016-04-09,7,5.207224397458318,7
FOODS_1_011_WI_2,2016-04-09,7,3.503464424294434,4
FOODS_1_011_WI_3,2016-04-09,7,2.5061101301175843,2
HOBBIES_1_001_CA_1,2016-04-09,7,4.2358525021890845,5
HOBBIES_1_001_CA_2,2016-04-09,7,3.5401407172131933,2
HOBBIES_1_001_CA_3,2016-04-09,7,5.5226853153878075,3
HOBBIES_1_001_CA_4,2016-04-09,7,4.556366828328354,4
HOBBIES_1_001_TX_1,2016-04-09,7,1.9719422089537182,2
HOBBIES_1_001_TX_2,2016-04-09,7,2.9149804412997464,2
HOBBIES_1_001_TX_3,2016-04-09,7,3.1240108973645055,2
HOBBIES_1_001_WI_1,2016-04-09,7,2.786034210059721,1
HOBBIES_1_001_WI_2,2016-04-09,7,1.9021910423474238,2
HOBBIES_1_001_WI_3,2016-04-09,7,1.8248878057587392,0
HOBBIES_1_002_CA_1,2016-04-09,7,2.3270603851447613,0
HOBBIES_1_002_CA_2,2016-04-09,7,1.685643535251831,0
HOBBIES_1_002_CA_3,2016-04-09,7,1.9067479294385543,0
HOBBIES_1_002_CA_4,2016-04-09,7,1.3118686978914966,0
HOBBIES_1_002_TX_1,2016-04-09,7,1.29128491818575,1
HOBBIES_1_002_TX_2,2016-04-09,7,1.29128491818575,0
HOBBIES_1_002_TX_3,2016-04-09,7,1.29128491818575,0
HOBBIES_1_002_WI_1,2016-04-09,7,5.66820020275888,3
HOBBIES_1_002_WI_2,2016-04-09,7,3.505333621839402,5
HOBBIES_1_002_WI_3,2016-04-09,7,2.0942823743664554,3
HOBBIES_1_003_CA_1,2016-04-09,7,3.087115701792291,5
HOBBIES_1_003_CA_2,2016-04-09,7,2.726236543405255,2
HOBBIES_1_003_CA_3,2016-04-09,7,2.0620752438976226,2
HOBBIES_1_003_CA_4,2016-04-09,7,1.3118686978914966,1
HOBBIES_1_003_TX_1,2016-04-09,7,1.2905168196304206,4
HOBBIES_1_003_TX_2,2016-04-09,7,1.29128491818575,0
HOBBIES_1_003_TX_3,2016-04-09,7,1.7392887934286463,3
HOBBIES_1_003_WI_1,2016-04-09,7,1.917142898224696,2
HOBBIES_1_003_WI_2,2016-04-09,7,1.6719884727435537,2
HOBBIES_1_003_WI_3,2016-04-09,7,1.2905168196304206,1
HOBBIES_1_004_CA_1,2016-04-09,7,13.966663122142927,15
HOBBIES_1_004_CA_2,2016-04-09,7,21.016171589599466,19
HOBBIES_1_004_CA_3,2016-04-09,7,26.676379573343894,42
HOBBIES_1_004_CA_4,2016-04-09,7,4.713409728138583,8
HOBBIES_1_004_TX_1,2016-04-09,7,6.5562488981539815,6
HOBBIES_1_004_TX_2,2016-04-09,7,5.195911880163919,7
HOBBIES_1_004_TX_3,2016-04-09,7,8.05760603030971,7
HOBBIES_1_004_WI_1,2016-04-09,7,3.480376173679225,0
HOBBIES_1_004_WI_2,2016-04-09,7,4.291209322391535,4
HOBBIES_1_004_WI_3,2016-04-09,7,16.558834152971098,6
HOBBIES_1_005_CA_1,2016-04-09,7,8.35145490368834,8
HOBBIES_1_005_CA_2,2016-04-09,7,10.48510365044784,7
HOBBIES_1_005_CA_3,2016-04-09,7,10.564701884703924,7
HOBBIES_1_005_CA_4,2016-04-09,7,11.051497159890241,8
HOBBIES_1_005_TX_1,2016-04-09,7,4.349083181700956,4
HOBBIES_1_005_TX_2,2016-04-09,7,4.204615364754243,4
HOBBIES_1_005_TX_3,2016-04-09,7,3.9666297755818243,5
HOBBIES_1_005_WI_1,2016-04-09,7,5.702534442337923,2
HOBBIES_1_005_WI_2,2016-04-09,7,3.6841620589698856,9
HOBBIES_1_005_WI_3,2016-04-09,7,3.2844675762286197,1
HOBBIES_1_006_CA_1,2016-04-09,7,5.773633886725305,5
HOBBIES_1_006_CA_2,2016-04-09,7,5.21011556321111,6
HOBBIES_1_006_CA_3,2016-04-09,7,7.02334820275224,7
HOBBIES_1_006_CA_4,2016-04-09,7,1.9826322770245761,1
HOBBIES_1_006_TX_1,2016-04-09,7,3.145670908204135,3
HOBBIES_1_006_TX_2,2016-04-09,7,3.051741697121832,4
HOBBIES_1_006_TX_3,2016-04-09,7,2.112627361730504,4
HOBBIES_1_006_WI_1,2016-04-09,7,14.101332223253443,5
HOBBIES_1_006_WI_2,2016-04-09,7,5.568799276219439,4
HOBBIES_1_006_WI_3,2016-04-09,7,3.79487437899887,7
HOBBIES_1_007_CA_1,2016-04-09,7,2.041302661141536,3
HOBBIES_1_007_CA_2,2016-04-09,7,1.7794150635427113,2
HOBBIES_1_007_CA_3,2016-04-09,7,1.7794150635427113,3
HOBBIES_1_007_CA_4,2016-04-09,7,1.6984934772099316,4
HOBBIES_1_007_TX_1,2016-04-09,7,1.7394535064066152,1
HOBBIES_1_007_TX_2,2016-04-09,7,1.300611486698745,2
HOBBIES_1_007_TX_3,2016-04-09,7,1.619062155494895,2
HOBBIES_1_007_WI_1,2016-04-09,7,2.9445986197494114,5
HOBBIES_1_007_WI_2,2016-04-09,7,1.7401625832658392,0
HOBBIES_1_007_WI_3,2016-04-09,7,1.5346171957170094,4
HOBBIES_1_008_CA_1,2016-04-09,7,59.65402695849606,35
HOBBIES_1_008_CA_2,2016-04-09,7,24.929108204154417,26
HOBBIES_1_008_CA_3,2016-04-09,7,40.986510903692476,53
HOBBIES_1_008_CA_4,2016-04-09,7,24.644564864037473,26
HOBBIES_1_008_TX_1,2016-04-09,7,13.138622842992648,13
HOBBIES_1_008_TX_2,2016-04-09,7,28.843911191309637,15
HOBBIES_1_008_TX_3,2016-04-09,7,15.558593518997725,16
HOBBIES_1_008_WI_1,2016-04-09,7,16.71253078306606,47
HOBBIES_1_008_WI_2,2016-04-09,7,14.795246192943297,19
HOBBIES_1_008_WI_3,2016-04-09,7,15.4612020701246,14
HOBBIES_1_009_CA_1,2016-04-09,7,2.688114500409878,9
HOBBIES_1_009_CA_2,2016-04-09,7,4.289078556950242,11
HOBBIES_1_009_CA_3,2016-04-09,7,8.026157477736469,8
HOBBIES_1_009_CA_4,2016-04-09,7,14.914920615392182,14
HOBBIES_1_009_TX_1,2016-04-09,7,3.4852215303472285,0
HOBBIES_1_009_TX_2,2016-04-09,7,4.087561879356341,7
HOBBIES_1_009_TX_3,2016-04-09,7,2.6315432449941,1
HOBBIES_1_009_WI_1,2016-04-09,7,4.983199863905552,16
HOBBIES_1_009_WI_2,2016-04-09,7,1.797644912502713,2
HOBBIES_1_009_WI_3,2016-04-09,7,1.9340821276379554,1
HOBBIES_1_010_CA_1,2016-04-09,7,3.6674956509699443,2
HOBBIES_1_010_CA_2,2016-04-09,7,3.6376033782417676,3
HOBBIES_1_010_CA_3,2016-04-09,7,4.652006839906656,7
HOBBIES_1_010_CA_4,2016-04-09,7,1.8305454884778043,2
HOBBIES_1_010_TX_1,2016-04-09,7,3.257782135907868,2
HOBBIES_1_010_TX_2,2016-04-09,7,4.744720180846056,11
HOBBIES_1_010_TX_3,2016-04-09,7,3.469278344616376,5
HOBBIES_1_010_WI_1,2016-04-09,7,3.3269160888929608,6
HOBBIES_1_010_WI_2,2016-04-09,7,2.384729442018276,2
HOBBIES_1_010_WI_3,2016-04-09,7,2.8084787012477883,5
HOUSEHOLD_1_001_CA_1,2016-04-09,7,4.754580134775944,1
HOUSEHOLD_1_001_CA_2,2016-04-09,7,2.6956877775698795,11
HOUSEHOLD_1_001_CA_3,2016-04-09,7,2.0774198372445167,7
HOUSEHOLD_1_001_CA_4,2016-04-09,7,3.266481785956218,4
HOUSEHOLD_1_001_TX_1,2016-04-09,7,2.1930155044838453,1
HOUSEHOLD_1_001_TX_2,2016-04-09,7,2.2845911475491216,0
HOUSEHOLD_1_001_TX_3,2016-04-09,7,1.9249313252384002,0
HOUSEHOLD_1_001_WI_1,2016-04-09,7,8.237672941617666,8
HOUSEHOLD_1_001_WI_2,2016-04-09,7,1.979319814958352,4
HOUSEHOLD_1_001_WI_3,2016-04-09,7,2.2740026127180126,2
HOUSEHOLD_1_002_CA_1,2016-04-09,7,2.42014170497774,0
HOUSEHOLD_1_002_CA_2,2016-04-09,7,5.8464333394061585,10
HOUSEHOLD_1_002_CA_3,2016-04-09,7,6.527058108989133,3
HOUSEHOLD_1_002_CA_4,2016-04-09,7,4.926719749381566,5
HOUSEHOLD_1_002_TX_1,2016-04-09,7,2.5795396833802497,1
HOUSEHOLD_1_002_TX_2,2016-04-09,7,3.8455372450992504,7
HOUSEHOLD_1_002_TX_3,2016-04-09,7,2.265369719726014,0
HOUSEHOLD_1_002_WI_1,2016-04-09,7,10.62735594474339,11
HOUSEHOLD_1_002_WI_2,2016-04-09,7,3.719189853542024,0
HOUSEHOLD_1_002_WI_3,2016-04-09,7,2.255080367285156,2
HOUSEHOLD_1_003_CA_1,2016-04-09,7,5.045684868449953,7
HOUSEHOLD_1_003_CA_2,2016-04-09,7,7.926909623355178,5
HOUSEHOLD_1_003_CA_3,2016-04-09,7,14.723125228548604,6
HOUSEHOLD_1_003_CA_4,2016-04-09,7,6.80309286090136,3
HOUSEHOLD_1_003_TX_1,2016-04-09,7,2.202475945268996,2
HOUSEHOLD_1_003_TX_2,2016-04-09,7,2.777989959262601,0
HOUSEHOLD_1_003_TX_3,2016-04-09,7,2.696807549626628,2
HOUSEHOLD_1_003_WI_1,2016-04-09,7,8.02094819286426,6
HOUSEHOLD_1_003_WI_2,2016-04-09,7,7.174540327190156,1
HOUSEHOLD_1_003_WI_3,2016-04-09,7,2.783943985478144,2
HOUSEHOLD_1_004_CA_1,2016-04-09,7,15.251045194252276,10
HOUSEHOLD_1_004_CA_2,2016-04-09,7,17.866423010718233,24
HOUSEHOLD_1_004_CA_3,2016-04-09,7,37.13489928331532,94
HOUSEHOLD_1_004_CA_4,2016-04-09,7,6.394282640219669,2
HOUSEHOLD_1_004_TX_1,2016-04-09,7,7.7990418439197535,2
HOUSEHOLD_1_004_TX_2,2016-04-09,7,10.948083265397562,8
HOUSEHOLD_1_004_TX_3,2016-04-09,7,11.623742277861354,9
HOUSEHOLD_1_004_WI_1,2016-04-09,7,9.128352058337219,7
HOUSEHOLD_1_004_WI_2,2016-04-09,7,25.04493378567586,13
HOUSEHOLD_1_004_WI_3,2016-04-09,7,15.354956388958277,10
HOUSEHOLD_1_005_CA_1,2016-04-09,7,11.863628622982901,14
HOUSEHOLD_1_005_CA_2,2016-04-09,7,14.890975590552227,18
HOUSEHOLD_1_005_CA_3,2016-04-09,7,9.609182796993611,12
HOUSEHOLD_1_005_CA_4,2016-04-09,7,4.688621779837175,9
HOUSEHOLD_1_005_TX_1,2016-04-09,7,6.257027273476426,6
HOUSEHOLD_1_005_TX_2,2016-04-09,7,13.953365331469596,7
HOUSEHOLD_1_005_TX_3,2016-04-09,7,7.506769793709122,6
HOUSEHOLD_1_005_WI_1,2016-04-09,7,8.743149582116963,3
HOUSEHOLD_1_005_WI_2,2016-04-09,7,9.795438478748865,5
HOUSEHOLD_1_005_WI_3,2016-04-09,7,13.35808904970993,4
HOUSEHOLD_1_006_CA_1,2016-04-09,7,10.406294274628758,19
HOUSEHOLD_1_006_CA_2,2016-04-09,7,7.704703845101123,10
HOUSEHOLD_1_006_CA_3,2016-04-09,7,8.118576427528387,20
HOUSEHOLD_1_006_CA_4,2016-04-09,7,3.712058080441157,5
HOUSEHOLD_1_006_TX_1,2016-04-09,7,6.119615001167748,8
HOUSEHOLD_1_006_TX_2,2016-04-09,7,6.950489748595198,10
HOUSEHOLD_1_006_TX_3,2016-04-09,7,6.899915700092444,12
HOUSEHOLD_1_006_WI_1,2016-04-09,7,3.519552229183599,8
HOUSEHOLD_1_006_WI_2,2016-04-09,7,3.4064909724839554,3
HOUSEHOLD_1_006_WI_3,2016-04-09,7,3.678962855725806,2
HOUSEHOLD_1_007_CA_1,2016-04-09,7,14.633339419587049,12
HOUSEHOLD_1_007_CA_2,2016-04-09,7,9.799340852117993,11
HOUSEHOLD_1_007_CA_3,2016-04-09,7,12.738228202187655,12
HOUSEHOLD_1_007_CA_4,2016-04-09,7,5.9380335921573435,9
HOUSEHOLD_1_007_TX_1,2016-04-09,7,10.307770938101878,11
HOUSEHOLD_1_007_TX_2,2016-04-09,7,8.437556359226182,10
HOUSEHOLD_1_007_TX_3,2016-04-09,7,7.976052466537463,7
HOUSEHOLD_1_007_WI_1,2016-04-09,7,9.645325920561694,12
HOUSEHOLD_1_007_WI_2,2016-04-09,7,13.751382185254572,16
HOUSEHOLD_1_007_WI_3,2016-04-09,7,9.771269007175299,6
HOUSEHOLD_1_008_CA_1,2016-04-09,7,2.8312988168975965,3
HOUSEHOLD_1_008_CA_2,2016-04-09,7,2.1533799541352434,3
HOUSEHOLD_1_008_CA_3,2016-04-09,7,3.2749606893889807,7
HOUSEHOLD_1_008_CA_4,2016-04-09,7,1.6985936188758863,3
HOUSEHOLD_1_008_TX_1,2016-04-09,7,1.6780098391701401,2
HOUSEHOLD_1_008_TX_2,2016-04-09,7,2.7268689392141674,5
HOUSEHOLD_1_008_TX_3,2016-04-09,7,2.093419732104546,3
HOUSEHOLD_1_008_WI_1,2016-04-09,7,1.935708697650457,7
HOUSEHOLD_1_008_WI_2,2016-04-09,7,2.974731908931462,0
HOUSEHOLD_1_008_WI_3,2016-04-09,7,1.4596588202785739,2
HOUSEHOLD_1_009_CA_1,2016-04-09,7,4.106296976397183,3
HOUSEHOLD_1_009_CA_2,2016-04-09,7,3.6062583356946267,4
HOUSEHOLD_1_009_CA_3,2016-04-09,7,3.7772365281231624,13
HOUSEHOLD_1_009_CA_4,2016-04-09,7,1.7906547704287579,2
HOUSEHOLD_1_009_TX_1,2016-04-09,7,2.104867108019448,0
HOUSEHOLD_1_009_TX_2,2016-04-09,7,4.449872653011738,2
HOUSEHOLD_1_009_TX_3,2016-04-09,7,2.821762453482445,0
HOUSEHOLD_1_009_WI_1,2016-04-09,7,1.8422170375851386,2
HOUSEHOLD_1_009_WI_2,2016-04-09,7,2.228663802683531,1
HOUSEHOLD_1_009_WI_3,2016-04-09,7,2.1354564223429553,3
HOUSEHOLD_1_010_CA_1,2016-04-09,7,7.6026619997519145,17
HOUSEHOLD_1_010_CA_2,2016-04-09,7,8.132095265654964,6
HOUSEHOLD_1_010_CA_3,2016-04-09,7,11.557882811244118,7
HOUSEHOLD_1_010_CA_4,2016-04-09,7,2.8718583014445627,4
HOUSEHOLD_1_010_TX_1,2016-04-09,7,5.652576867530258,5
HOUSEHOLD_1_010_TX_2,2016-04-09,7,9.654230776023248,9
HOUSEHOLD_1_010_TX_3,2016-04-09,7,6.5724694617250075,8
HOUSEHOLD_1_010_WI_1,2016-04-09,7,5.906599262845506,14
HOUSEHOLD_1_010_WI_2,2016-04-09,7,7.814463689316106,8
HOUSEHOLD_1_010_WI_3,2016-04-09,7,3.756021979736052,6
FOODS_1_001_CA_1,2016-04-16,8,3.3245751329187843,9
FOODS_1_001_CA_2,2016-04-16,8,7.020109204013904,20
FOODS_1_001_CA_3,2016-04-16,8,7.3360222565524795,13
FOODS_1_001_CA_4,2016-04-16,8,1.890041197174812,3
FOODS_1_001_TX_1,2016-04-16,8,4.079563533514332,0
FOODS_1_001_TX_2,2016-04-16,8,3.4473232383486745,1
FOODS_1_001_TX_3,2016-04-16,8,2.8646408110006396,5
FOODS_1_001_WI_1,2016-04-16,8,3.0655894086196547,3
FOODS_1_001_WI_2,2016-04-16,8,2.156023180815949,2
FOODS_1_001_WI_3,2016-04-16,8,1.5863223567942835,1
FOODS_1_002_CA_1,2016-04-16,8,2.735121692854592,7
FOODS_1_002_CA_2,2016-04-16,8,4.853959398200288,3
FOODS_1_002_CA_3,2016-04-16,8,2.7056228913949525,2
FOODS_1_002_CA_4,2016-04-16,8,2.5133539349340595,0
FOODS_1_002_TX_1,2016-04-16,8,1.6951617220064175,1
FOODS_1_002_TX_2,2016-04-16,8,1.3767110532102675,0
FOODS_1_002_TX_3,2016-04-16,8,1.9717693316481437,3
FOODS_1_002_WI_1,2016-04-16,8,6.121346493378447,10
FOODS_1_002_WI_2,2016-04-16,8,2.9918837917677394,3
FOODS_1_002_WI_3,2016-04-16,8,1.8691030098059183,1
FOODS_1_003_CA_1,2016-04-16,8,4.791120320260305,5
FOODS_1_003_CA_2,2016-04-16,8,5.805936980392889,4
FOODS_1_003_CA_3,2016-04-16,8,4.724215282985223,9
FOODS_1_003_CA_4,2016-04-16,8,2.050406983812762,3
FOODS_1_003_TX_1,2016-04-16,8,1.9639118750013838,1
FOODS_1_003_TX_2,2016-04-16,8,1.7606112680254835,1
FOODS_1_003_TX_3,2016-04-16,8,1.6173187662383075,0
FOODS_1_003_WI_1,2016-04-16,8,6.768863089864691,4
FOODS_1_003_WI_2,2016-04-16,8,1.981776679410281,0
FOODS_1_003_WI_3,2016-04-16,8,1.701763726016193,1
FOODS_1_004_CA_1,2016-04-16,8,25.315407244972707,0
FOODS_1_004_CA_2,2016-04-16,8,16.93252076796557,0
FOODS_1_004_CA_3,2016-04-16,8,31.255919453407532,0
FOODS_1_004_CA_4,2016-04-16,8,13.687593416259162,0
FOODS_1_004_TX_1,2016-04-16,8,18.08750126051883,0
FOODS_1_004_TX_2,2016-04-16,8,16.856238905894077,0
FOODS_1_004_TX_3,2016-04-16,8,26.002461242871167,0
FOODS_1_004_WI_1,2016-04-16,8,19.139604654204664,0
FOODS_1_004_WI_2,2016-04-16,8,37.02419142880654,0
FOODS_1_004_WI_3,2016-04-16,8,19.534436513807062,0
FOODS_1_005_CA_1,2016-04-16,8,10.20946051030898,9
FOODS_1_005_CA_2,2016-04-16,8,18.445322031387555,23
FOODS_1_005_CA_3,2016-04-16,8,17.31966238354624,7
FOODS_1_005_CA_4,2016-04-16,8,4.172023944694906,7
FOODS_1_005_TX_1,2016-04-16,8,5.345376694413218,5
FOODS_1_005_TX_2,2016-04-16,8,8.000609868406821,8
FOODS_1_005_TX_3,2016-04-16,8,7.38423065971149,9
FOODS_1_005_WI_1,2016-04-16,8,13.317022693172927,20
FOODS_1_005_WI_2,2016-04-16,8,15.374234348562526,16
FOODS_1_005_WI_3,2016-04-16,8,10.259448340366417,14
FOODS_1_006_CA_1,2016-04-16,8,11.679415483739689,12
FOODS_1_006_CA_2,2016-04-16,8,7.751682425609132,4
FOODS_1_006_CA_3,2016-04-16,8,9.691947781439792,9
FOODS_1_006_CA_4,2016-04-16,8,9.94100679789188,5
FOODS_1_006_TX_1,2016-04-16,8,3.4218915167395996,1
FOODS_1_006_TX_2,2016-04-16,8,4.076740192224364,4
FOODS_1_006_TX_3,2016-04-16,8,7.805245838922043,3
FOODS_1_006_WI_1,2016-04-16,8,9.044140200072558,12
FOODS_1_006_WI_2,2016-04-16,8,8.347389351193282,12
FOODS_1_006_WI_3,2016-04-16,8,6.19564806242248,5
FOODS_1_008_CA_1,2016-04-16,8,2.9688352040891024,1
FOODS_1_008_CA_2,2016-04-16,8,2.058906540344116,2
FOODS_1_008_CA_3,2016-04-16,8,2.2226508710143222,1
FOODS_1_008_CA_4,2016-04-16,8,1.9726932410262406,0
FOODS_1_008_TX_1,2016-04-16,8,1.2881162146322431,0
FOODS_1_008_TX_2,2016-04-16,8,1.7805081712278938,2
FOODS_1_008_TX_3,2016-04-16,8,1.2881162146322431,4
FOODS_1_008_WI_1,2016-04-16,8,2.84313941118677,2
FOODS_1_008_WI_2,2016-04-16,8,2.1533665565746025,1
FOODS_1_008_WI_3,2016-04-16,8,1.8319600396769906,2
FOODS_1_009_CA_1,2016-04-16,8,6.975828208519442,0
FOODS_1_009_CA_2,2016-04-16,8,6.598654659056251,0
FOODS_1_009_CA_3,2016-04-16,8,9.543969301303127,0
FOODS_1_009_CA_4,2016-04-16,8,3.34112014320549,0
FOODS_1_009_TX_1,2016-04-16,8,2.210117701879137,0
FOODS_1_009_TX_2,2016-04-16,8,2.609139225471341,0
FOODS_1_009_TX_3,2016-04-16,8,2.210117701879137,0
FOODS_1_009_WI_1,2016-04-16,8,3.487330396611939,0
FOODS_1_009_WI_2,2016-04-16,8,3.181453088869272,0
FOODS_1_009_WI_3,2016-04-16,8,2.395941325329027,0
FOODS_1_010_CA_1,2016-04-16,8,2.194302340933243,0
FOODS_1_010_CA_2,2016-04-16,8,3.023077602082356,2
FOODS_1_010_CA_3,2016-04-16,8,3.709540888317854,3
FOODS_1_010_CA_4,2016-04-16,8,2.0601141353872636,1
FOODS_1_010_TX_1,2016-04-16,8,2.1756363720810574,5
FOODS_1_010_TX_2,2016-04-16,8,4.304570502614885,3
FOODS_1_010_TX_3,2016-04-16,8,5.854011154170508,6
FOODS_1_010_WI_1,2016-04-16,8,7.37271447515331,20
FOODS_1_010_WI_2,2016-04-16,8,2.3294649009079875,0
FOODS_1_010_WI_3,2016-04-16,8,3.9912453501033487,2
FOODS_1_011_CA_1,2016-04-16,8,6.6577498535592,12
FOODS_1_011_CA_2,2016-04-16,8,13.282236714810415,28
FOODS_1_011_CA_3,2016-04-16,8,6.913469845786742,8
FOODS_1_011_CA_4,2016-04-16,8,4.543493337753245,9
FOODS_1_011_TX_1,2016-04-16,8,4.709243917140423,6
FOODS_1_011_TX_2,2016-04-16,8,2.9018943418016376,3
FOODS_1_011_TX_3,2016-04-16,8,1.8983442478772234,3
FOODS_1_011_WI_1,2016-04-16,8,5.294117998995788,12
FOODS_1_011_WI_2,2016-04-16,8,3.392557618293097,5
FOODS_1_011_WI_3,2016-04-16,8,2.3743754862919615,1
HOBBIES_1_001_CA_1,2016-04-16,8,4.240452495957299,9
HOBBIES_1_001_CA_2,2016-04-16,8,3.5369720136596867,7
HOBBIES_1_001_CA_3,2016-04-16,8,5.883232004532243,9
HOBBIES_1_001_CA_4,2016-04-16,8,4.553198124774847,3
HOBBIES_1_001_TX_1,2016-04-16,8,1.9765422027219317,2
HOBBIES_1_001_TX_2,2016-04-16,8,2.91958043506796,1
HOBBIES_1_001_TX_3,2016-04-16,8,3.039208170429226,3
HOBBIES_1_001_WI_1,2016-04-16,8,2.738673394077081,3
HOBBIES_1_001_WI_2,2016-04-16,8,1.899022338793917,1
HOBBIES_1_001_WI_3,2016-04-16,8,1.8217191022052324,1
HOBBIES_1_002_CA_1,2016-04-16,8,2.3238916815912547,1
HOBBIES_1_002_CA_2,2016-04-16,8,1.6824748316983242,2
HOBBIES_1_002_CA_3,2016-04-16,8,1.9139741946711892,2
HOBBIES_1_002_CA_4,2016-04-16,8,1.3086999943379898,1
HOBBIES_1_002_TX_1,2016-04-16,8,1.2881162146322431,0
HOBBIES_1_002_TX_2,2016-04-16,8,1.2881162146322431,4
HOBBIES_1_002_TX_3,2016-04-16,8,1.2881162146322431,1
HOBBIES_1_002_WI_1,2016-04-16,8,5.620183673467046,7
HOBBIES_1_002_WI_2,2016-04-16,8,3.3281364050343663,2
HOBBIES_1_002_WI_3,2016-04-16,8,2.0911136708129487,2
HOBBIES_1_003_CA_1,2016-04-16,8,3.083946998238784,7
HOBBIES_1_003_CA_2,2016-04-16,8,2.6336651191482554,5
HOBBIES_1_003_CA_3,2016-04-16,8,2.058906540344116,0
HOBBIES_1_003_CA_4,2016-04-16,8,1.3086999943379898,3
HOBBIES_1_003_TX_1,2016-04-16,8,1.2873481160769138,0
HOBBIES_1_003_TX_2,2016-04-16,8,1.2881162146322431,1
HOBBIES_1_003_TX_3,2016-04-16,8,1.7875719583242362,1
HOBBIES_1_003_WI_1,2016-04-16,8,1.9139741946711892,6
HOBBIES_1_003_WI_2,2016-04-16,8,1.6688197691900468,3
HOBBIES_1_003_WI_3,2016-04-16,8,1.2873481160769138,0
HOBBIES_1_004_CA_1,2016-04-16,8,14.56843165651266,14
HOBBIES_1_004_CA_2,2016-04-16,8,20.435970952660604,15
HOBBIES_1_004_CA_3,2016-04-16,8,25.113446410250443,42
HOBBIES_1_004_CA_4,2016-04-16,8,4.735252489605702,5
HOBBIES_1_004_TX_1,2016-04-16,8,6.844529118233043,6
HOBBIES_1_004_TX_2,2016-04-16,8,5.106121298716627,10
HOBBIES_1_004_TX_3,2016-04-16,8,8.084694342374688,0
HOBBIES_1_004_WI_1,2016-04-16,8,3.4772074701257183,4
HOBBIES_1_004_WI_2,2016-04-16,8,4.315111374811562,7
HOBBIES_1_004_WI_3,2016-04-16,8,16.989409314812285,5
HOBBIES_1_005_CA_1,2016-04-16,8,7.885873829546195,8
HOBBIES_1_005_CA_2,2016-04-16,8,10.549388085453993,5
HOBBIES_1_005_CA_3,2016-04-16,8,10.507356015745739,11
HOBBIES_1_005_CA_4,2016-04-16,8,10.862273764943108,2
HOBBIES_1_005_TX_1,2016-04-16,8,4.345914478147449,9
HOBBIES_1_005_TX_2,2016-04-16,8,4.193677963879016,1
HOBBIES_1_005_TX_3,2016-04-16,8,3.9634610720283177,2
HOBBIES_1_005_WI_1,2016-04-16,8,5.781841483667769,8
HOBBIES_1_005_WI_2,2016-04-16,8,3.680993355416379,3
HOBBIES_1_005_WI_3,2016-04-16,8,3.356389793340804,2
HOBBIES_1_006_CA_1,2016-04-16,8,5.520477621022341,4
HOBBIES_1_006_CA_2,2016-04-16,8,5.206946859657603,1
HOBBIES_1_006_CA_3,2016-04-16,8,7.045986497591823,9
HOBBIES_1_006_CA_4,2016-04-16,8,1.9794635734710693,2
HOBBIES_1_006_TX_1,2016-04-16,8,3.05703088009408,3
HOBBIES_1_006_TX_2,2016-04-16,8,3.1615686709198507,5
HOBBIES_1_006_TX_3,2016-04-16,8,2.1760748975080078,2
HOBBIES_1_006_WI_1,2016-04-16,8,14.300696345897558,14
HOBBIES_1_006_WI_2,2016-04-16,8,5.37914172303704,8
HOBBIES_1_006_WI_3,2016-04-16,8,3.6284674068466067,6
HOBBIES_1_007_CA_1,2016-04-16,8,2.0381339575880295,2
HOBBIES_1_007_CA_2,2016-04-16,8,1.7762463599892044,2
HOBBIES_1_007_CA_3,2016-04-16,8,1.7762463599892044,5
HOBBIES_1_007_CA_4,2016-04-16,8,1.6953247736564248,1
HOBBIES_1_007_TX_1,2016-04-16,8,1.6747409939506785,3
HOBBIES_1_007_TX_2,2016-04-16,8,1.2974427831452382,2
HOBBIES_1_007_TX_3,2016-04-16,8,1.5314484921635025,2
HOBBIES_1_007_WI_1,2016-04-16,8,2.9414299161959048,3
HOBBIES_1_007_WI_2,2016-04-16,8,1.678146337703042,0
HOBBIES_1_007_WI_3,2016-04-16,8,1.5314484921635025,2
HOBBIES_1_008_CA_1,2016-04-16,8,50.79205551774215,54
HOBBIES_1_008_CA_2,2016-04-16,8,24.93125758770688,21
HOBBIES_1_008_CA_3,2016-04-16,8,40.013343203126915,62
HOBBIES_1_008_CA_4,2016-04-16,8,26.28801575484606,40
HOBBIES_1_008_TX_1,2016-04-16,8,14.042676328150728,9
HOBBIES_1_008_TX_2,2016-04-16,8,26.941758318834694,21
HOBBIES_1_008_TX_3,2016-04-16,8,17.87666189822744,17
HOBBIES_1_008_WI_1,2016-04-16,8,17.659582581332163,22
HOBBIES_1_008_WI_2,2016-04-16,8,15.074827015470499,16
HOBBIES_1_008_WI_3,2016-04-16,8,15.48452284507848,17
HOBBIES_1_009_CA_1,2016-04-16,8,2.677502928061961,8
HOBBIES_1_009_CA_2,2016-04-16,8,4.292171298722837,8
HOBBIES_1_009_CA_3,2016-04-16,8,8.022988774182961,7
HOBBIES_1_009_CA_4,2016-04-16,8,14.970412228862825,10
HOBBIES_1_009_TX_1,2016-04-16,8,3.5046600664700467,2
HOBBIES_1_009_TX_2,2016-04-16,8,3.701745950949617,9
HOBBIES_1_009_TX_3,2016-04-16,8,2.5712612608300485,0
HOBBIES_1_009_WI_1,2016-04-16,8,5.04637013565037,2
HOBBIES_1_009_WI_2,2016-04-16,8,1.7944762089492061,0
HOBBIES_1_009_WI_3,2016-04-16,8,2.0854106960738386,2
HOBBIES_1_010_CA_1,2016-04-16,8,3.6473334814900316,2
HOBBIES_1_010_CA_2,2016-04-16,8,3.70226583933399,3
HOBBIES_1_010_CA_3,2016-04-16,8,4.606557452548622,5
HOBBIES_1_010_CA_4,2016-04-16,8,1.8273767849242974,0
HOBBIES_1_010_TX_1,2016-04-16,8,3.198643469397579,3
HOBBIES_1_010_TX_2,2016-04-16,8,4.697868306165174,4
HOBBIES_1_010_TX_3,2016-04-16,8,3.370937888517033,6
HOBBIES_1_010_WI_1,2016-04-16,8,3.231020012766192,2
HOBBIES_1_010_WI_2,2016-04-16,8,2.3815607384647692,2
HOBBIES_1_010_WI_3,2016-04-16,8,2.813078695016002,2
HOUSEHOLD_1_001_CA_1,2016-04-16,8,4.751411431222437,3
HOUSEHOLD_1_001_CA_2,2016-04-16,8,2.60311635331288,7
HOUSEHOLD_1_001_CA_3,2016-04-16,8,2.07425113369101,6
HOUSEHOLD_1_001_CA_4,2016-04-16,8,3.2599884305329434,4
HOUSEHOLD_1_001_TX_1,2016-04-16,8,2.1898468009303387,1
HOUSEHOLD_1_001_TX_2,2016-04-16,8,2.281422443995615,1
HOUSEHOLD_1_001_TX_3,2016-04-16,8,1.9217626216848933,1
HOUSEHOLD_1_001_WI_1,2016-04-16,8,8.270177355098188,7
HOUSEHOLD_1_001_WI_2,2016-04-16,8,1.9173035693955554,6
HOUSEHOLD_1_001_WI_3,2016-04-16,8,2.1650979878329437,1
HOUSEHOLD_1_002_CA_1,2016-04-16,8,2.475820543433524,1
HOUSEHOLD_1_002_CA_2,2016-04-16,8,5.450421212580889,5
HOUSEHOLD_1_002_CA_3,2016-04-16,8,6.523889405435626,3
HOUSEHOLD_1_002_CA_4,2016-04-16,8,4.923551045828059,10
HOUSEHOLD_1_002_TX_1,2016-04-16,8,2.6205630922558765,4
HOUSEHOLD_1_002_TX_2,2016-04-16,8,3.7823396039240076,3
HOUSEHOLD_1_002_TX_3,2016-04-16,8,2.3210485581817983,0
HOUSEHOLD_1_002_WI_1,2016-04-16,8,10.67836440659456,5
HOUSEHOLD_1_002_WI_2,2016-04-16,8,3.495199803973363,4
HOUSEHOLD_1_002_WI_3,2016-04-16,8,2.2519116637316494,1
HOUSEHOLD_1_003_CA_1,2016-04-16,8,5.192400456839477,4
HOUSEHOLD_1_003_CA_2,2016-04-16,8,7.871411929363305,3
HOUSEHOLD_1_003_CA_3,2016-04-16,8,14.575754281112765,5
HOUSEHOLD_1_003_CA_4,2016-04-16,8,7.066361615959797,2
HOUSEHOLD_1_003_TX_1,2016-04-16,8,2.1993072417154895,1
HOUSEHOLD_1_003_TX_2,2016-04-16,8,2.730629143279961,3
HOUSEHOLD_1_003_TX_3,2016-04-16,8,2.8222047863452375,2
HOUSEHOLD_1_003_WI_1,2016-04-16,8,7.997690826142312,2
HOUSEHOLD_1_003_WI_2,2016-04-16,8,7.725526607373306,4
HOUSEHOLD_1_003_WI_3,2016-04-16,8,2.780775281924637,2
HOUSEHOLD_1_004_CA_1,2016-04-16,8,15.098802500660554,5
HOUSEHOLD_1_004_CA_2,2016-04-16,8,17.909115708280623,20
HOUSEHOLD_1_004_CA_3,2016-04-16,8,38.748500697630945,65
HOUSEHOLD_1_004_CA_4,2016-04-16,8,6.286887390135236,3
HOUSEHOLD_1_004_TX_1,2016-04-16,8,7.942927917552934,10
HOUSEHOLD_1_004_TX_2,2016-04-16,8,10.664400552378419,18
HOUSEHOLD_1_004_TX_3,2016-04-16,8,11.722500732541954,22
HOUSEHOLD_1_004_WI_1,2016-04-16,8,9.116633497472638,13
HOUSEHOLD_1_004_WI_2,2016-04-16,8,24.83242126590197,4
HOUSEHOLD_1_004_WI_3,2016-04-16,8,15.042489574030927,18
HOUSEHOLD_1_005_CA_1,2016-04-16,8,11.93738255496251,7
HOUSEHOLD_1_005_CA_2,2016-04-16,8,15.013826790474187,13
HOUSEHOLD_1_005_CA_3,2016-04-16,8,9.982854602255747,8
HOUSEHOLD_1_005_CA_4,2016-04-16,8,4.707868818840067,5
HOUSEHOLD_1_005_TX_1,2016-04-16,8,6.321313635337572,4
HOUSEHOLD_1_005_TX_2,2016-04-16,8,14.197795998989667,6
HOUSEHOLD_1_005_TX_3,2016-04-16,8,7.584899420914094,6
HOUSEHOLD_1_005_WI_1,2016-04-16,8,8.458926390712103,9
HOUSEHOLD_1_005_WI_2,2016-04-16,8,9.761710346654997,5
HOUSEHOLD_1_005_WI_3,2016-04-16,8,12.594133835375242,5
HOUSEHOLD_1_006_CA_1,2016-04-16,8,10.290195797616878,20
HOUSEHOLD_1_006_CA_2,2016-04-16,8,7.721623804716064,8
HOUSEHOLD_1_006_CA_3,2016-04-16,8,8.079974540465047,10
HOUSEHOLD_1_006_CA_4,2016-04-16,8,3.7603412453367464,6
HOUSEHOLD_1_006_TX_1,2016-04-16,8,5.785497324787739,7
HOUSEHOLD_1_006_TX_2,2016-04-16,8,7.097205336984722,12
HOUSEHOLD_1_006_TX_3,2016-04-16,8,6.219950194283932,14
HOUSEHOLD_1_006_WI_1,2016-04-16,8,3.516383525630092,4
HOUSEHOLD_1_006_WI_2,2016-04-16,8,3.313919548226955,2
HOUSEHOLD_1_006_WI_3,2016-04-16,8,3.5967299541166278,9
HOUSEHOLD_1_007_CA_1,2016-04-16,8,14.598868282023965,14
HOUSEHOLD_1_007_CA_2,2016-04-16,8,9.730925346830515,2
HOUSEHOLD_1_007_CA_3,2016-04-16,8,12.741727778438586,18
HOUSEHOLD_1_007_CA_4,2016-04-16,8,5.934864888603837,6
HOUSEHOLD_1_007_TX_1,2016-04-16,8,10.263711462184263,11
HOUSEHOLD_1_007_TX_2,2016-04-16,8,8.249070180219814,13
HOUSEHOLD_1_007_TX_3,2016-04-16,8,8.190254589347633,14
HOUSEHOLD_1_007_WI_1,2016-04-16,8,9.642157217008187,9
HOUSEHOLD_1_007_WI_2,2016-04-16,8,13.570638362154364,13
HOUSEHOLD_1_007_WI_3,2016-04-16,8,9.439711850372012,7
HOUSEHOLD_1_008_CA_1,2016-04-16,8,2.850228411718657,3
HOUSEHOLD_1_008_CA_2,2016-04-16,8,2.150211250581737,4
HOUSEHOLD_1_008_CA_3,2016-04-16,8,3.271791985835474,2
HOUSEHOLD_1_008_CA_4,2016-04-16,8,1.6954249153223795,1
HOUSEHOLD_1_008_TX_1,2016-04-16,8,1.6748411356166333,3
HOUSEHOLD_1_008_TX_2,2016-04-16,8,2.7463074753369856,3
HOUSEHOLD_1_008_TX_3,2016-04-16,8,2.0287072196486102,2
HOUSEHOLD_1_008_WI_1,2016-04-16,8,1.9913875361062392,1
HOUSEHOLD_1_008_WI_2,2016-04-16,8,2.8107019345197095,5
HOUSEHOLD_1_008_WI_3,2016-04-16,8,1.456490116725067,2
HOUSEHOLD_1_009_CA_1,2016-04-16,8,3.660633217171055,1
HOUSEHOLD_1_009_CA_2,2016-04-16,8,3.3158408448025054,7
HOUSEHOLD_1_009_CA_3,2016-04-16,8,3.881805927017482,10
HOUSEHOLD_1_009_CA_4,2016-04-16,8,1.6992792056895616,2
HOUSEHOLD_1_009_TX_1,2016-04-16,8,2.220317805708009,0
HOUSEHOLD_1_009_TX_2,2016-04-16,8,4.373637315399899,5
HOUSEHOLD_1_009_TX_3,2016-04-16,8,2.774910578801563,0
HOUSEHOLD_1_009_WI_1,2016-04-16,8,1.8390483340316317,1
HOUSEHOLD_1_009_WI_2,2016-04-16,8,2.1639512902275952,0
HOUSEHOLD_1_009_WI_3,2016-04-16,8,2.1322877187894487,2
HOUSEHOLD_1_010_CA_1,2016-04-16,8,7.598201357449545,9
HOUSEHOLD_1_010_CA_2,2016-04-16,8,8.251751483231336,6
HOUSEHOLD_1_010_CA_3,2016-04-16,8,12.031058122457834,12
HOUSEHOLD_1_010_CA_4,2016-04-16,8,2.927537139900346,6
HOUSEHOLD_1_010_TX_1,2016-04-16,8,5.768027565218819,1
HOUSEHOLD_1_010_TX_2,2016-04-16,8,9.60323425583912,7
HOUSEHOLD_1_010_TX_3,2016-04-16,8,7.019923475335654,4
HOUSEHOLD_1_010_WI_1,2016-04-16,8,5.8491868742424495,5
HOUSEHOLD_1_010_WI_2,2016-04-16,8,7.79338940958797,6
HOUSEHOLD_1_010_WI_3,2016-04-16,8,4.003136619223976,6
