evaluation_stage,candidate,sku_id,forecast_records,actual_demand_total,predicted_demand_total,absolute_error_total,squared_error_total,forecast_error_total,wape_pct,bias_pct,mae,rmse
final_test,damped_trend_exponential_smoothing,FOODS_1_001_CA_1,8,56.0,37.35973407202912,25.32013296398544,95.432439233184,-18.64026592797088,45.214523149974,-33.28618915709086,3.16501662049818,3.453846392668325
final_test,damped_trend_exponential_smoothing,FOODS_1_001_CA_2,8,55.0,69.16666323718937,39.59500347390329,264.3272614719885,14.166663237189365,71.99091540709689,25.757569522162484,4.949375434237911,5.74812210065153
final_test,damped_trend_exponential_smoothing,FOODS_1_001_CA_3,8,65.0,50.82955122035731,38.29958072917453,217.99745891686038,-14.17044877964269,58.92243189103774,-21.800690430219525,4.787447591146816,5.220122830413816
final_test,damped_trend_exponential_smoothing,FOODS_1_001_CA_4,8,21.0,6.58565717683103,16.060757117376728,55.84665987798035,-14.414342823168969,76.47979579703204,-68.63972772937605,2.007594639672091,2.642126508089184
final_test,damped_trend_exponential_smoothing,FOODS_1_001_TX_1,8,18.0,37.63659527524586,25.39841705131339,107.65092726096253,19.63659527524586,141.10231695174107,109.0921959735881,3.174802131414174,3.668291960520634
final_test,damped_trend_exponential_smoothing,FOODS_1_001_TX_2,8,29.0,32.590454996336895,15.293287604430537,47.44042545561322,3.590454996336897,52.73547449803634,12.380879297713438,1.9116609505538171,2.435170051957697
final_test,damped_trend_exponential_smoothing,FOODS_1_001_TX_3,8,25.0,21.84363893004366,11.539090267489085,22.120326900491992,-3.15636106995634,46.15636106995634,-12.62544427982536,1.4423862834361356,1.662841201847458
final_test,damped_trend_exponential_smoothing,FOODS_1_001_WI_1,8,18.0,24.49216690997463,12.24635833489223,26.77976061327653,6.49216690997463,68.03532408273462,36.067593944303496,1.5307947918615288,1.829609268849381
final_test,damped_trend_exponential_smoothing,FOODS_1_001_WI_2,8,19.0,17.097511842130423,11.274376111047637,24.32742465793557,-1.9024881578695765,59.338821637092835,-10.013095567734613,1.4092970138809546,1.7438257029422253
final_test,damped_trend_exponential_smoothing,FOODS_1_001_WI_3,8,13.0,5.769813361822699,8.775920282723137,14.286425029614222,-7.230186638177302,67.50707909787027,-55.61682029367155,1.096990035340392,1.3363394511507087
final_test,damped_trend_exponential_smoothing,FOODS_1_002_CA_1,8,26.0,21.724905479442437,14.58697771794775,39.914019510831245,-4.275094520557562,56.103760453645194,-16.4426712329137,1.8233722147434688,2.233663456936587
final_test,damped_trend_exponential_smoothing,FOODS_1_002_CA_2,8,40.0,40.33165239208344,16.08291309802086,56.013749163646835,0.3316523920834413,40.207282745052154,0.8291309802086033,2.0103641372526075,2.6460760845931572
final_test,damped_trend_exponential_smoothing,FOODS_1_002_CA_3,8,28.0,0.5839553230046401,27.41604467699536,107.95420507084023,-27.41604467699536,97.91444527498342,-97.91444527498342,3.42700558462442,3.6734555440150665
final_test,damped_trend_exponential_smoothing,FOODS_1_002_CA_4,8,13.0,15.178616643987954,9.20746226961522,16.473880684614397,2.1786166439879535,70.826632843194,16.758589569138106,1.1509327837019026,1.4350035141339548
final_test,damped_trend_exponential_smoothing,FOODS_1_002_TX_1,8,2.0,9.191574437806924,7.191574437806925,7.964842401964253,7.191574437806925,359.57872189034623,359.57872189034623,0.8989468047258656,0.9978002306301255
final_test,damped_trend_exponential_smoothing,FOODS_1_002_TX_2,8,7.0,10.58374245467759,4.937806841008193,4.48040124768232,3.5837424546775907,70.54009772868847,51.19632078110844,0.6172258551260241,0.7483649884650471
final_test,damped_trend_exponential_smoothing,FOODS_1_002_TX_3,8,20.0,11.645758442034257,13.088560389491436,30.724169001105235,-8.354241557965743,65.44280194745717,-41.771207789828715,1.6360700486864295,1.959724757494826
final_test,damped_trend_exponential_smoothing,FOODS_1_002_WI_1,8,52.0,59.58197328995293,12.445757161525322,23.921171995270548,7.581973289952925,23.934148387548696,14.580717865294087,1.5557196451906652,1.7292040074580033
final_test,damped_trend_exponential_smoothing,FOODS_1_002_WI_2,8,27.0,26.442695066034357,6.257262820713629,10.031975806141821,-0.557304933965642,23.17504748412455,-2.064092348020896,0.7821578525892037,1.119820064013736
final_test,damped_trend_exponential_smoothing,FOODS_1_002_WI_3,8,10.0,9.508622079881716,4.390530871430464,3.5647086802223242,-0.4913779201182842,43.90530871430464,-4.913779201182842,0.548816358928808,0.6675242205551725
final_test,damped_trend_exponential_smoothing,FOODS_1_003_CA_1,8,44.0,41.88043815939582,12.001559197742461,24.553946632882436,-2.119561840604179,27.276270903960135,-4.817186001373135,1.5001948997178076,1.7519256060433344
final_test,damped_trend_exponential_smoothing,FOODS_1_003_CA_2,8,58.0,54.01332158720084,22.001072619132035,98.98231808800159,-3.986678412799157,37.932883826089714,-6.873583470343374,2.7501340773915044,3.5174976561470794
final_test,damped_trend_exponential_smoothing,FOODS_1_003_CA_3,8,49.0,36.35695716841463,15.73908942857541,44.9334485150224,-12.64304283158537,32.12059067056206,-25.802128227725245,1.9673861785719262,2.3699538106000717
final_test,damped_trend_exponential_smoothing,FOODS_1_003_CA_4,8,19.0,13.130465722246697,8.434769168187461,10.181442855999153,-5.869534277753303,44.393521937828744,-30.892285672385807,1.0543461460234327,1.128131356270135
final_test,damped_trend_exponential_smoothing,FOODS_1_003_TX_1,8,18.0,13.093439179298766,9.918746286603406,32.23033672761333,-4.906560820701233,55.104146036685584,-27.258671226117958,1.2398432858254258,2.007185116263985
final_test,damped_trend_exponential_smoothing,FOODS_1_003_TX_2,8,32.0,17.485905091468922,16.886526409214664,54.33408944749821,-14.514094908531078,52.770395028795825,-45.35654658915962,2.110815801151833,2.606100761854245
final_test,damped_trend_exponential_smoothing,FOODS_1_003_TX_3,8,3.0,10.965302957070747,9.225633083001288,11.80922012177211,7.965302957070748,307.5211027667096,265.51009856902493,1.153204135375161,1.2149701705068787
final_test,damped_trend_exponential_smoothing,FOODS_1_003_WI_1,8,76.0,64.13018781641765,29.969308649557068,159.28745060725035,-11.869812183582361,39.433300854680354,-15.618173925766266,3.7461635811946334,4.462166662721855
final_test,damped_trend_exponential_smoothing,FOODS_1_003_WI_2,8,12.0,0.0026534566008759725,11.997346543399125,31.98939321442843,-11.997346543399125,99.97788786165938,-99.97788786165938,1.4996683179248906,1.9996685104795628
final_test,damped_trend_exponential_smoothing,FOODS_1_003_WI_3,8,14.0,12.341086823093747,15.08527179773163,37.84399946625838,-1.6589131769062537,107.7519414123688,-11.849379835044669,1.8856589747164538,2.1749712488403836
final_test,damped_trend_exponential_smoothing,FOODS_1_004_CA_1,8,0.0,14.586461639706268,14.586461639706268,26.595607895827808,14.586461639706268,,,1.8233077049632835,1.8233077049632835
final_test,damped_trend_exponential_smoothing,FOODS_1_004_CA_2,8,0.0,4.536740893738937,4.536740893738937,2.5727522421153965,4.536740893738937,,,0.5670926117173671,0.5670926117173671
final_test,damped_trend_exponential_smoothing,FOODS_1_004_CA_3,8,5.0,47.78709525909889,42.78709525909889,250.7169400889005,42.78709525909889,855.7419051819778,855.7419051819778,5.348386907387361,5.598179839118475
final_test,damped_trend_exponential_smoothing,FOODS_1_004_CA_4,8,0.0,8.901547886643202,8.901547886643202,9.904694347275258,8.901547886643202,,,1.1126934858304003,1.1126934858304003
final_test,damped_trend_exponential_smoothing,FOODS_1_004_TX_1,8,0.0,38.7274186762356,38.7274186762356,187.47661966555526,38.7274186762356,,,4.84092733452945,4.84092733452945
final_test,damped_trend_exponential_smoothing,FOODS_1_004_TX_2,8,0.0,3.4296560274684835,3.4296560274684835,1.4703175583438626,3.4296560274684835,,,0.42870700343356044,0.42870700343356044
final_test,damped_trend_exponential_smoothing,FOODS_1_004_TX_3,8,0.0,89.6935783488175,89.6935783488175,1005.6172496269328,89.6935783488175,,,11.211697293602187,11.211697293602187
final_test,damped_trend_exponential_smoothing,FOODS_1_004_WI_1,8,0.0,13.369410288376965,13.369410288376965,22.34264143236998,13.369410288376965,,,1.6711762860471207,1.6711762860471207
final_test,damped_trend_exponential_smoothing,FOODS_1_004_WI_2,8,0.0,168.81960019262468,168.81960019262468,3562.5071761497047,168.81960019262468,,,21.102450024078085,21.102450024078085
final_test,damped_trend_exponential_smoothing,FOODS_1_004_WI_3,8,0.0,3.998392452442425,3.998392452442425,1.9983927754685686,3.998392452442425,,,0.4997990565553031,0.4997990565553031
final_test,damped_trend_exponential_smoothing,FOODS_1_005_CA_1,8,70.0,75.90662196886825,18.976655492217063,77.86102288538964,5.906621968868251,27.10950784602438,8.438031384097501,2.372081936527133,3.119715990386578
final_test,damped_trend_exponential_smoothing,FOODS_1_005_CA_2,8,302.0,225.18350915267982,127.4082454239101,2875.0966583031945,-76.8164908473202,42.188160736394074,-25.435924121629206,15.926030677988763,18.957507280439042
final_test,damped_trend_exponential_smoothing,FOODS_1_005_CA_3,8,144.0,196.56567276006245,53.42425457008482,623.3937440889613,52.56567276006247,37.10017678478113,36.50393941671005,6.6780318212606025,8.827469513463083
final_test,damped_trend_exponential_smoothing,FOODS_1_005_CA_4,8,64.0,26.63225102626989,42.025811730341545,314.5435829209396,-37.36774897373011,65.66533082865867,-58.387107771453294,5.253226466292693,6.27040252815698
final_test,damped_trend_exponential_smoothing,FOODS_1_005_TX_1,8,49.0,36.09580072369054,18.9520996381617,81.68979487031407,-12.904199276309463,38.677754363595305,-26.335100563896862,2.3690124547702127,3.1955006429023385
final_test,damped_trend_exponential_smoothing,FOODS_1_005_TX_2,8,61.0,66.99966924713662,40.49983462356833,288.3745038843809,5.9996692471366195,66.39317151404644,9.835523355961671,5.062479327946042,6.003899814749378
final_test,damped_trend_exponential_smoothing,FOODS_1_005_TX_3,8,61.0,55.0503175768788,17.23742067609634,64.29984080435467,-5.949682423121201,28.25806668212515,-9.75357774282164,2.1546775845120427,2.8350449909206614
final_test,damped_trend_exponential_smoothing,FOODS_1_005_WI_1,8,158.0,154.24021271196844,25.999999999905654,141.2670000555471,-3.7597872880315535,16.455696202471934,-2.3796122076149073,3.2499999999882068,4.202186931461211
final_test,damped_trend_exponential_smoothing,FOODS_1_005_WI_2,8,104.0,199.84287061100667,95.84287061100669,1286.8694000326543,95.84287061100669,92.1566063567372,92.1566063567372,11.980358826375836,12.683007332808799
final_test,damped_trend_exponential_smoothing,FOODS_1_005_WI_3,8,92.0,117.71030095196761,34.855150475983805,228.62744688009295,25.71030095196761,37.88603312606935,27.94597929561697,4.356893809497976,5.3458798022413125
final_test,damped_trend_exponential_smoothing,FOODS_1_006_CA_1,8,100.0,102.31615449958089,19.999999606535,96.67057039352498,2.316154499580895,19.999999606535,2.316154499580895,2.499999950816875,3.4761791235767214
final_test,damped_trend_exponential_smoothing,FOODS_1_006_CA_2,8,55.0,40.97403266184539,28.76308531952029,147.5503750556164,-14.025967338154611,52.296518762764165,-25.501758796644747,3.595385664940036,4.294624184017974
final_test,damped_trend_exponential_smoothing,FOODS_1_006_CA_3,8,72.0,87.5587247435182,17.78197104238609,74.27005486100644,15.558724743518194,24.697182003314015,21.609339921553048,2.222746380298261,3.0469258044175946
final_test,damped_trend_exponential_smoothing,FOODS_1_006_CA_4,8,73.0,84.20757307431326,18.155679805734945,58.57621177700895,11.20757307431326,24.87079425443143,15.352839827826385,2.269459975716868,2.7059243286030967
final_test,damped_trend_exponential_smoothing,FOODS_1_006_TX_1,8,27.0,26.718664852796383,13.680680914235351,31.888156269201495,-0.2813351472036181,50.66918857124204,-1.041982026680067,1.710085114279419,1.9965018241038968
final_test,damped_trend_exponential_smoothing,FOODS_1_006_TX_2,8,36.0,34.6928330186356,14.6732082546589,56.213585689646166,-1.3071669813643965,40.75891181849695,-3.631019392678879,1.8341510318323626,2.6507919969710505
final_test,damped_trend_exponential_smoothing,FOODS_1_006_TX_3,8,21.0,32.932952289532885,23.473949501204462,87.75176103917872,11.932952289532885,111.78071191049743,56.82358233110898,2.9342436876505578,3.311943557776512
final_test,damped_trend_exponential_smoothing,FOODS_1_006_WI_1,8,86.0,82.95606770426954,39.260983073932614,252.65819047762386,-3.043932295730457,45.65230589992165,-3.5394561578261126,4.907622884241577,5.619810833978576
final_test,damped_trend_exponential_smoothing,FOODS_1_006_WI_2,8,71.0,67.57998289187623,23.0,84.3370646274824,-3.4200171081237762,32.3943661971831,-4.816925504399685,2.875,3.246865115528408
final_test,damped_trend_exponential_smoothing,FOODS_1_006_WI_3,8,71.0,52.6681962460694,41.0,652.8818786090781,-18.331803753930604,57.74647887323944,-25.819441906944512,5.125,9.033838321894784
final_test,damped_trend_exponential_smoothing,FOODS_1_008_CA_1,8,13.0,20.264787957273874,10.066196989314664,16.472143008014214,7.264787957273875,77.43228453318972,55.88298428672211,1.258274623664333,1.4349278295446697
final_test,damped_trend_exponential_smoothing,FOODS_1_008_CA_2,8,15.0,13.898289743544773,9.525427564113807,25.026720686147332,-1.1017102564552275,63.502850427425386,-7.34473504303485,1.1906784455142259,1.7687114195844433
final_test,damped_trend_exponential_smoothing,FOODS_1_008_CA_3,8,5.0,15.882994461358631,12.914171260811452,22.68423152446271,10.882994461358631,258.28342521622903,217.6598892271726,1.6142714076014315,1.6839028892895929
final_test,damped_trend_exponential_smoothing,FOODS_1_008_CA_4,8,13.0,11.498262735949767,7.874565683987442,12.156901851279637,-1.501737264050233,60.573582184518784,-11.551825108078715,0.9843207104984303,1.2327257324360332
final_test,damped_trend_exponential_smoothing,FOODS_1_008_TX_1,8,7.0,6.310067779565726,8.578005616015066,20.966933675034166,-0.6899322204342736,122.54293737164379,-9.85617457763248,1.0722507020018832,1.6189091109074871
final_test,damped_trend_exponential_smoothing,FOODS_1_008_TX_2,8,9.0,14.037990998611395,10.529774737529214,17.915468755168686,5.037990998611395,116.99749708365795,55.97767776234883,1.3162218421911518,1.4964737199149492
final_test,damped_trend_exponential_smoothing,FOODS_1_008_TX_3,8,9.0,10.205165629185384,8.102582814592692,13.056553024221225,1.2051656291853838,90.0286979399188,13.390729213170932,1.0128228518240865,1.2775246095585215
final_test,damped_trend_exponential_smoothing,FOODS_1_008_WI_1,8,27.0,26.697385236745298,11.0,23.886446961867463,-0.30261476325470227,40.74074074074074,-1.1207954194618603,1.375,1.72794845705346
final_test,damped_trend_exponential_smoothing,FOODS_1_008_WI_2,8,13.0,23.532970195417217,16.6522772891329,37.75988345949803,10.532970195417219,128.0944406856377,81.02284765705554,2.0815346611416126,2.172552745605329
final_test,damped_trend_exponential_smoothing,FOODS_1_008_WI_3,8,8.0,9.71847964099111,8.425649241590468,10.361161610021712,1.7184796409911103,105.32061551988086,21.48099551238888,1.0532061551988086,1.1380444636536458
final_test,damped_trend_exponential_smoothing,FOODS_1_009_CA_1,8,0.0,24.2728427809686,24.2728427809686,73.64636208370243,24.2728427809686,,,3.034105347621075,3.034105347621075
final_test,damped_trend_exponential_smoothing,FOODS_1_009_CA_2,8,0.0,20.96470689703938,20.96470689703938,54.939866909846316,20.96470689703938,,,2.6205883621299226,2.6205883621299226
final_test,damped_trend_exponential_smoothing,FOODS_1_009_CA_3,8,2.0,29.39861335267857,27.39861335267857,95.33550192212005,27.39861335267857,1369.9306676339286,1369.9306676339286,3.4248266690848213,3.4520917919813496
final_test,damped_trend_exponential_smoothing,FOODS_1_009_CA_4,8,0.0,15.100381787253003,15.100381787253003,28.502691265100275,15.100381787253003,,,1.8875477234066254,1.8875477234066254
final_test,damped_trend_exponential_smoothing,FOODS_1_009_TX_1,8,0.0,8.05533688338262,8.05533688338262,8.111056538098055,8.05533688338262,,,1.0069171104228276,1.0069171104228276
final_test,damped_trend_exponential_smoothing,FOODS_1_009_TX_2,8,0.0,2.5093564172781253,2.5093564172781253,0.7871087036168635,2.5093564172781253,,,0.31366955215976566,0.3136695521597656
final_test,damped_trend_exponential_smoothing,FOODS_1_009_TX_3,8,0.0,10.344607883802063,10.344607883802063,13.376364033704988,10.344607883802063,,,1.2930759854752578,1.2930759854753793
final_test,damped_trend_exponential_smoothing,FOODS_1_009_WI_1,8,0.0,11.644364292098146,11.644364292098146,16.948902470886296,11.644364292098146,,,1.4555455365122683,1.4555455365122683
final_test,damped_trend_exponential_smoothing,FOODS_1_009_WI_2,8,0.0,14.263267357910957,14.263267357910957,25.430099465406023,14.263267357910957,,,1.7829084197388696,1.7829084197388696
final_test,damped_trend_exponential_smoothing,FOODS_1_009_WI_3,8,0.0,6.187861947028067,6.187861947028067,4.786204434434748,6.187861947028067,,,0.7734827433785084,0.7734827433785084
final_test,damped_trend_exponential_smoothing,FOODS_1_010_CA_1,8,8.0,12.498444765711945,14.249222382773706,28.5295006626083,4.498444765711945,178.11527978467132,56.23055957139931,1.7811527978467132,1.888435220712121
final_test,damped_trend_exponential_smoothing,FOODS_1_010_CA_2,8,22.0,22.27000231862674,17.183064714932073,51.77033102573145,0.2700023186267413,78.1048396133276,1.2272832664851878,2.147883089366509,2.543873302312132
final_test,damped_trend_exponential_smoothing,FOODS_1_010_CA_3,8,33.0,28.333321192854406,12.973149972835106,29.52023016339902,-4.666678807145595,39.3125756752579,-14.141450930744226,1.6216437466043883,1.9209447598577314
final_test,damped_trend_exponential_smoothing,FOODS_1_010_CA_4,8,1.0,0.005676815325572604,1.0037373662838778,0.9980648272434767,-0.9943231846744274,100.37373662838777,-99.43231846744274,0.12546717078548472,0.35321113148573696
final_test,damped_trend_exponential_smoothing,FOODS_1_010_TX_1,8,29.0,17.892213733498362,20.526946566632933,77.29786446784556,-11.107786266501638,70.78257436769977,-38.30271126379875,2.5658683208291166,3.1084132702201446
final_test,damped_trend_exponential_smoothing,FOODS_1_010_TX_2,8,37.0,57.0257428704592,33.572130511640786,156.56180252488429,20.025742870459194,90.73548786929942,54.123629379619445,4.196516313955098,4.423824738346958
final_test,damped_trend_exponential_smoothing,FOODS_1_010_TX_3,8,56.0,39.43018568820471,18.427360733851252,94.31984329090479,-16.56981431179529,32.906001310448666,-29.588954128205874,2.3034200917314065,3.43365409023144
final_test,damped_trend_exponential_smoothing,FOODS_1_010_WI_1,8,90.0,76.06793879255365,27.727925300399974,157.446263507638,-13.932061207446354,30.808805889333307,-15.480068008273726,3.4659906625499968,4.43630284566493
final_test,damped_trend_exponential_smoothing,FOODS_1_010_WI_2,8,20.0,17.67995175619296,18.420915040370318,62.682563063032944,-2.3200482438070384,92.10457520185159,-11.600241219035192,2.3026143800462897,2.799164229351168
final_test,damped_trend_exponential_smoothing,FOODS_1_010_WI_3,8,30.0,47.62235866729023,23.857584427115377,90.78796213871657,17.62235866729023,79.52528142371791,58.74119555763409,2.982198053389422,3.368752776227364
final_test,damped_trend_exponential_smoothing,FOODS_1_011_CA_1,8,50.0,74.55747391238387,33.278736956191935,178.88369061967677,24.55747391238387,66.55747391238387,49.11494782476774,4.159842119523992,4.728684946944509
final_test,damped_trend_exponential_smoothing,FOODS_1_011_CA_2,8,165.0,140.19664450585378,36.90167774707311,316.77580547112416,-24.803355494146217,22.364653180044307,-15.03233666311892,4.612709718384139,6.2926127867437165
final_test,damped_trend_exponential_smoothing,FOODS_1_011_CA_3,8,108.0,59.66784514839531,53.24911613870351,465.9996490749368,-48.33215485160469,49.304737165466214,-44.7519952329673,6.656139517337939,7.632165887503174
final_test,damped_trend_exponential_smoothing,FOODS_1_011_CA_4,8,63.0,53.98079225237236,16.009603845536766,51.043263285698266,-9.01920774762764,25.412069596090102,-14.316202774012126,2.0012004806920958,2.5259469334711455
final_test,damped_trend_exponential_smoothing,FOODS_1_011_TX_1,8,33.0,39.48869722828841,18.999999999970537,68.13789896525095,6.4886972282884114,57.5757575756683,19.66271887360125,2.374999999996317,2.9184306348886158
final_test,damped_trend_exponential_smoothing,FOODS_1_011_TX_2,8,16.0,27.855188440021035,16.891391330015782,39.56818661855098,11.855188440021035,105.57119581259865,74.09492775013146,2.111423916251973,2.2239656758409905
final_test,damped_trend_exponential_smoothing,FOODS_1_011_TX_3,8,20.0,12.759025998530777,9.620454496112053,18.553791602881372,-7.240974001469223,48.102272480560266,-36.204870007346116,1.2025568120140067,1.5228998490905998
final_test,damped_trend_exponential_smoothing,FOODS_1_011_WI_1,8,60.0,52.69174093885539,15.65508936734366,50.69148926701854,-7.308259061144613,26.091815612239433,-12.180431768574355,1.9568861709179575,2.5172278717623713
final_test,damped_trend_exponential_smoothing,FOODS_1_011_WI_2,8,42.0,40.34003835244044,10.019877246158394,15.837784532083147,-1.6599616475595633,23.856850586091415,-3.952289637046579,1.2524846557697993,1.4070263204753468
final_test,damped_trend_exponential_smoothing,FOODS_1_011_WI_3,8,15.0,10.40108877528833,8.399727806177918,13.518748056597376,-4.598911224711671,55.99818537451945,-30.659408164744473,1.0499659757722397,1.2999398090198915
final_test,damped_trend_exponential_smoothing,HOBBIES_1_001_CA_1,8,59.0,48.66348531977601,18.973493273380935,65.3343316666039,-10.336514680223996,32.158463175221925,-17.519516407159312,2.371686659172617,2.8577598671556514
final_test,damped_trend_exponential_smoothing,HOBBIES_1_001_CA_2,8,43.0,35.650197001794794,16.121478935148907,38.779874545134604,-7.349802998205209,37.49181147709048,-17.092565112105138,2.0151848668936134,2.201700324327047
final_test,damped_trend_exponential_smoothing,HOBBIES_1_001_CA_3,8,59.0,47.95061212432763,17.115737130928288,65.12885248830662,-11.049387875672373,29.009723950725913,-18.727776060461647,2.139467141366036,2.853262441668892
final_test,damped_trend_exponential_smoothing,HOBBIES_1_001_CA_4,8,45.0,45.57769489598213,21.14176429455824,58.591301225140256,0.5776948959821295,46.98169843235164,1.2837664355158434,2.64272053681978,2.7062728342025184
final_test,damped_trend_exponential_smoothing,HOBBIES_1_001_TX_1,8,18.0,13.290405209722921,4.709594790277078,4.297470593453485,-4.709594790277078,26.164415501539317,-26.164415501539317,0.5886993487846347,0.7329282530928151
final_test,damped_trend_exponential_smoothing,HOBBIES_1_001_TX_2,8,17.0,32.983494660074086,15.98349466007409,38.76252919538402,15.98349466007409,94.02055682396524,94.02055682396524,1.9979368325092612,2.201207884190633
final_test,damped_trend_exponential_smoothing,HOBBIES_1_001_TX_3,8,23.0,34.075889493248596,11.0758894932486,18.338368306144538,11.0758894932486,48.15604127499391,48.15604127499391,1.384486186656075,1.514033037376684
final_test,damped_trend_exponential_smoothing,HOBBIES_1_001_WI_1,8,23.0,28.22475771966092,10.138040834029363,18.444240909458617,5.224757719660921,44.07843840882332,22.716337911569223,1.2672551042536704,1.5183972186757744
final_test,damped_trend_exponential_smoothing,HOBBIES_1_001_WI_2,8,7.0,2.300076451813642,6.411960462065865,7.616232716616947,-4.699923548186358,91.59943517236951,-67.14176497409082,0.8014950577582332,0.9757197802530798
final_test,damped_trend_exponential_smoothing,HOBBIES_1_001_WI_3,8,12.0,15.06287842580195,9.813813971801698,15.313084954366122,3.0628784258019497,81.78178309834749,25.523986881682916,1.2267267464752123,1.3835229016159312
final_test,damped_trend_exponential_smoothing,HOBBIES_1_002_CA_1,8,11.0,19.805822682735077,10.915342368779461,19.621149288509095,8.805822682735077,99.23038517072237,80.05293347940979,1.3644177960974326,1.5660918431125415
final_test,damped_trend_exponential_smoothing,HOBBIES_1_002_CA_2,8,5.0,7.317340383792257,4.9980724150467175,4.550608016983779,2.3173403837922573,99.96144830093435,46.34680767584515,0.6247590518808397,0.7542055436835322
final_test,damped_trend_exponential_smoothing,HOBBIES_1_002_CA_3,8,3.0,9.203554418957134,7.902658421007479,8.685504347103267,6.203554418957135,263.42194736691596,206.78514729857116,0.9878323026259349,1.041963551851939
final_test,damped_trend_exponential_smoothing,HOBBIES_1_002_CA_4,8,6.0,11.318713921045246,6.489036060662784,7.036090627298267,5.318713921045246,108.15060101104639,88.64523201742077,0.811129507582848,0.9378226529639191
final_test,damped_trend_exponential_smoothing,HOBBIES_1_002_TX_1,8,3.0,3.326227776060987,3.8315569440154835,1.8883030702344492,0.32622777606098663,127.7185648005161,10.874259202032889,0.47894461800193544,0.4858373017578067
final_test,damped_trend_exponential_smoothing,HOBBIES_1_002_TX_2,8,6.0,7.415959303742278,7.85398982593557,13.750617593731791,1.4159593037422784,130.8998304322595,23.59932172903797,0.9817487282419463,1.311040502508017
final_test,damped_trend_exponential_smoothing,HOBBIES_1_002_TX_3,8,6.0,4.06779773559501,4.994320673699303,3.978359890142502,-1.9322022644049897,83.23867789498837,-32.20337107341649,0.6242900842124128,0.7051914536264693
final_test,damped_trend_exponential_smoothing,HOBBIES_1_002_WI_1,8,46.0,49.407901867225405,20.334739569418584,74.9065267243522,3.407901867225406,44.20595558569257,7.4084823200552306,2.541842446177323,3.0599535683640733
final_test,damped_trend_exponential_smoothing,HOBBIES_1_002_WI_2,8,32.0,39.96536393403349,10.065771771691857,28.01162356353822,7.965363934033494,31.455536786537053,24.89176229385467,1.258221471461482,1.871216969098527
final_test,damped_trend_exponential_smoothing,HOBBIES_1_002_WI_3,8,19.0,22.701523969698002,14.673137954592903,47.588480922261695,3.701523969698002,77.22704186627844,19.481705103673693,1.8341422443241129,2.4389670180801364
final_test,damped_trend_exponential_smoothing,HOBBIES_1_003_CA_1,8,29.0,15.759114459838031,21.02702039702287,105.69218834129177,-13.240885540161969,72.50696688628577,-45.658226000558514,2.6283775496278587,3.634765954316931
final_test,damped_trend_exponential_smoothing,HOBBIES_1_003_CA_2,8,25.0,39.56418230477912,16.549148644384125,44.496728561418614,14.564182304779122,66.1965945775365,58.25672921911649,2.0686435805480157,2.358408588471753
final_test,damped_trend_exponential_smoothing,HOBBIES_1_003_CA_3,8,20.0,18.183256003008573,10.065346563428148,18.592769182536124,-1.816743996991427,50.32673281714074,-9.083719984957135,1.2581683204285186,1.5244986545802575
final_test,damped_trend_exponential_smoothing,HOBBIES_1_003_CA_4,8,18.0,11.119057918970482,10.460565500679344,17.43227267207734,-6.880942081029518,58.11425278155191,-38.227456005719546,1.307570687584918,1.4761551693537056
final_test,damped_trend_exponential_smoothing,HOBBIES_1_003_TX_1,8,13.0,9.987468592960049,12.99994742722522,25.01748075838774,-3.012531407039951,99.99959559404014,-23.173318515691932,1.6249934284031524,1.7683848831061828
final_test,damped_trend_exponential_smoothing,HOBBIES_1_003_TX_2,8,4.0,7.698832374742357,3.9907531828014005,3.7011511806291995,3.6988323747423566,99.76882957003501,92.47080936855892,0.49884414785017506,0.6801793128129154
final_test,damped_trend_exponential_smoothing,HOBBIES_1_003_TX_3,8,14.0,11.127313433553613,7.979432977538768,10.477225622362784,-2.8726865664463874,56.995949839562634,-20.51918976033134,0.997429122192346,1.144400805135748
final_test,damped_trend_exponential_smoothing,HOBBIES_1_003_WI_1,8,22.0,12.952227733909059,14.750802453362478,41.6815518257735,-9.047772266090941,67.04910206073855,-41.12623757314064,1.8438503066703098,2.282584933408106
final_test,damped_trend_exponential_smoothing,HOBBIES_1_003_WI_2,8,13.0,6.507172242959756,9.742105615829978,15.107555012321225,-6.492827757040244,74.9392739679229,-49.94482890030957,1.2177632019787472,1.374206817236821
final_test,damped_trend_exponential_smoothing,HOBBIES_1_003_WI_3,8,2.0,5.471412044170927,4.724019695350758,2.9947407764389213,3.4714120441709273,236.20098476753788,173.57060220854638,0.5905024619188447,0.6118354329841197
final_test,damped_trend_exponential_smoothing,HOBBIES_1_004_CA_1,8,101.0,115.55728357819503,19.889320942038374,98.36431369331973,14.55728357819502,19.692396972315223,14.413152057618833,2.4861651177547968,3.506499566756706
final_test,damped_trend_exponential_smoothing,HOBBIES_1_004_CA_2,8,142.0,186.87638393608535,46.15728795206401,455.2362293973674,44.87638393608535,32.50513236060846,31.603087278933344,5.769660994008001,7.54350904252596
final_test,damped_trend_exponential_smoothing,HOBBIES_1_004_CA_3,8,335.0,357.7491887934301,52.53026001193204,819.6915127451578,22.749188793430093,15.680674630427477,6.790802624904506,6.566282501491505,10.122323799066335
final_test,damped_trend_exponential_smoothing,HOBBIES_1_004_CA_4,8,47.0,33.67971803456101,20.160140982719494,71.05373895484989,-13.320281965438987,42.89391698450956,-28.341025458380827,2.5200176228399367,2.9802210269300895
final_test,damped_trend_exponential_smoothing,HOBBIES_1_004_TX_1,8,57.0,13.423798946297525,43.576201053702476,276.2356678840725,-43.576201053702476,76.44947553281136,-76.44947553281136,5.4470251317128096,5.876177199975258
final_test,damped_trend_exponential_smoothing,HOBBIES_1_004_TX_2,8,65.0,58.43213762389703,18.99848754512953,86.25174021492614,-6.567862376102975,29.228442377122356,-10.104403655543038,2.3748109431411915,3.283514508398854
final_test,damped_trend_exponential_smoothing,HOBBIES_1_004_TX_3,8,30.0,50.35793732077471,27.17896638961531,145.30568655501395,20.357937320774706,90.59655463205104,67.85979106924901,3.397370798701914,4.2618318619317614
final_test,damped_trend_exponential_smoothing,HOBBIES_1_004_WI_1,8,16.0,21.561863258874247,9.390753843572632,15.866907382470094,5.561863258874247,58.692211522328954,34.76164536796404,1.173844230446579,1.4083193610856743
final_test,damped_trend_exponential_smoothing,HOBBIES_1_004_WI_2,8,28.0,32.8399768310005,10.610651510188546,30.873513825018605,4.839976831000501,37.895183964959095,17.285631539287504,1.3263314387735683,1.9644819235939346
final_test,damped_trend_exponential_smoothing,HOBBIES_1_004_WI_3,8,68.0,140.75287384594105,77.56743906552633,1033.724260114121,72.75287384594105,114.06976333165638,106.98952036167802,9.695929883190791,11.367301021538276
final_test,damped_trend_exponential_smoothing,HOBBIES_1_005_CA_1,8,65.0,61.16468676346501,8.417656618267493,12.71370345279256,-3.8353132365349865,12.950240951180758,-5.900481902361518,1.0522070772834367,1.2606398897381719
final_test,damped_trend_exponential_smoothing,HOBBIES_1_005_CA_2,8,88.0,88.29528360862304,23.92617909784424,92.01089905119018,0.2952836086230377,27.18883988391391,0.3355495552534519,2.99077238723053,3.3913658577922217
final_test,damped_trend_exponential_smoothing,HOBBIES_1_005_CA_3,8,134.0,93.94576734020194,54.513558164949515,662.0426942456542,-40.05423265979806,40.68175982458919,-29.891218402834376,6.814194770618689,9.096996030597506
final_test,damped_trend_exponential_smoothing,HOBBIES_1_005_CA_4,8,77.0,115.18466433501501,49.56322503926783,372.0744410987136,38.184664335015015,64.36782472632186,49.59047316235716,6.195403129908478,6.819773100136045
final_test,damped_trend_exponential_smoothing,HOBBIES_1_005_TX_1,8,47.0,45.03509303823726,18.25877918295998,57.35763637088245,-1.9649069617627406,38.848466346723356,-4.18065311013349,2.2823473978699975,2.6776303976389846
final_test,damped_trend_exponential_smoothing,HOBBIES_1_005_TX_2,8,26.0,24.32842544864628,14.08210636216157,35.849270185091676,-1.6715745513537215,54.16194754677527,-6.429132889822006,1.7602632952701962,2.116874765576948
final_test,damped_trend_exponential_smoothing,HOBBIES_1_005_TX_3,8,28.0,33.14592200957225,13.999999998151235,29.310064157840035,5.14592200957225,49.99999999339727,18.378292891329465,1.7499999997689044,1.9140945691710232
final_test,damped_trend_exponential_smoothing,HOBBIES_1_005_WI_1,8,50.0,47.1606984101835,22.209825402389242,92.50770424589473,-2.839301589816504,44.419650804778485,-5.678603179633008,2.7762281752986553,3.4005092310912555
final_test,damped_trend_exponential_smoothing,HOBBIES_1_005_WI_2,8,38.0,32.083277431807566,14.0,39.87595074361971,-5.916722568192434,36.84210526315789,-15.570322547874827,1.75,2.2325980029894463
final_test,damped_trend_exponential_smoothing,HOBBIES_1_005_WI_3,8,23.0,30.62210582918858,16.655526457297146,48.137062158918816,7.622105829188581,72.41533242303106,33.13959056168949,2.0819408071621432,2.4529844618066483
final_test,damped_trend_exponential_smoothing,HOBBIES_1_006_CA_1,8,48.0,55.35122134308089,15.370737592418157,44.61940621552455,7.351221343080885,32.022369984204495,15.315044464751844,1.9213421990522697,2.361657421587765
final_test,damped_trend_exponential_smoothing,HOBBIES_1_006_CA_2,8,42.0,38.45599645518965,12.772001772405257,33.06999514070384,-3.5440035448103524,30.409528029536325,-8.438103678119885,1.5965002215506572,2.0331624117585836
final_test,damped_trend_exponential_smoothing,HOBBIES_1_006_CA_3,8,65.0,60.797158113596886,17.000000814340964,55.082997579755094,-4.202841886403111,26.153847406678405,-6.465910594466324,2.1250001017926206,2.6239997518043685
final_test,damped_trend_exponential_smoothing,HOBBIES_1_006_CA_4,8,14.0,0.0,14.0,48.0,-14.0,100.0,-100.0,1.75,2.449489742783178
final_test,damped_trend_exponential_smoothing,HOBBIES_1_006_TX_1,8,18.0,23.986900170886386,12.028354984912898,28.074271204050536,5.986900170886387,66.8241943606272,33.260556504924374,1.5035443731141123,1.873308276954521
final_test,damped_trend_exponential_smoothing,HOBBIES_1_006_TX_2,8,40.0,15.616822621390483,24.383177378609517,102.31742607654812,-24.383177378609517,60.957943446523785,-60.957943446523785,3.0478971723261896,3.5762659659998044
final_test,damped_trend_exponential_smoothing,HOBBIES_1_006_TX_3,8,22.0,12.761369497327715,13.636780086258055,34.230256180953646,-9.238630502672285,61.9853640284457,-41.99377501214675,1.7045975107822569,2.068521699818304
final_test,damped_trend_exponential_smoothing,HOBBIES_1_006_WI_1,8,92.0,132.47624112703443,42.238120563517214,346.7907619717292,40.47624112703443,45.91100061251871,43.99591426851568,5.279765070439652,6.583983995003796
final_test,damped_trend_exponential_smoothing,HOBBIES_1_006_WI_2,8,69.0,58.340243040363326,32.999999998865256,190.07880230797034,-10.659756959636674,47.826086954877184,-15.448923129908223,4.124999999858157,4.874407685913878
final_test,damped_trend_exponential_smoothing,HOBBIES_1_006_WI_3,8,53.0,41.8952160081876,18.5261959977708,79.28952843790987,-11.104783991812397,34.95508678824679,-20.952422626061125,2.31577449972135,3.148204417559116
final_test,damped_trend_exponential_smoothing,HOBBIES_1_007_CA_1,8,21.0,16.185577945314268,9.04570489802369,24.77461484981268,-4.814422054685732,43.074785228684235,-22.925819308027297,1.1307131122529612,1.759780343175416
final_test,damped_trend_exponential_smoothing,HOBBIES_1_007_CA_2,8,14.0,11.588300090368548,4.205785262269692,2.2269724235550177,-2.4116999096314515,30.04132330192637,-17.22642792593894,0.5257231577837115,0.5276092805707432
final_test,damped_trend_exponential_smoothing,HOBBIES_1_007_CA_3,8,20.0,14.742641271896682,6.942058247935315,13.423969954457561,-5.257358728103317,34.71029123967658,-26.28679364051659,0.8677572809919144,1.2953749435229922
final_test,damped_trend_exponential_smoothing,HOBBIES_1_007_CA_4,8,16.0,19.800687974656444,12.95513264223717,25.82551525487481,3.8006879746564435,80.96957901398231,23.754299841602773,1.6193915802796464,1.7967162844643423
final_test,damped_trend_exponential_smoothing,HOBBIES_1_007_TX_1,8,17.0,11.055581657780166,8.212484181161095,13.248614359639346,-5.944418342219834,48.3087304774182,-34.9671667189402,1.0265605226451369,1.2868864732193428
final_test,damped_trend_exponential_smoothing,HOBBIES_1_007_TX_2,8,10.0,8.367983006628094,5.999338582182437,5.831899173893842,-1.6320169933719055,59.993385821824376,-16.320169933719058,0.7499173227728047,0.8538075876546953
final_test,damped_trend_exponential_smoothing,HOBBIES_1_007_TX_3,8,15.0,8.725002984383837,8.637353535391734,11.797149555521184,-6.274997015616163,57.58235690261155,-41.83331343744109,1.0796691919239667,1.2143490826118115
final_test,damped_trend_exponential_smoothing,HOBBIES_1_007_WI_1,8,31.0,33.13032551576098,11.293629922963191,21.638889017516913,2.1303255157609824,36.4310642676232,6.872017792777363,1.411703740370399,1.6446462012206802
final_test,damped_trend_exponential_smoothing,HOBBIES_1_007_WI_2,8,5.0,14.268312077205227,9.686244700970153,14.61848796620226,9.268312077205227,193.72489401940308,185.36624154410455,1.2107805876212692,1.3517806759142854
final_test,damped_trend_exponential_smoothing,HOBBIES_1_007_WI_3,8,13.0,10.559850894074822,8.999995006641122,14.619279717149524,-2.440149105925178,69.23073082031632,-18.770377737885983,1.1249993758301402,1.3518172822699415
final_test,damped_trend_exponential_smoothing,HOBBIES_1_008_CA_1,8,384.0,693.5976916032216,348.198274067319,17615.34197804429,309.59769160322156,90.67663387169766,80.62439885500562,43.524784258414876,46.92459639949539
final_test,damped_trend_exponential_smoothing,HOBBIES_1_008_CA_2,8,204.0,247.91380528483606,113.95690122705253,2427.0527469124627,43.913805284836066,55.861226091692416,21.52637513962552,14.244612653381566,17.417852719668343
final_test,damped_trend_exponential_smoothing,HOBBIES_1_008_CA_3,8,347.0,566.4063960100262,225.83595048809212,9921.602887643967,219.40639601002619,65.08240648071819,63.22950893660697,28.229493811011515,35.21647854280004
final_test,damped_trend_exponential_smoothing,HOBBIES_1_008_CA_4,8,232.0,245.85901613173252,80.5350807644525,1302.0080892839806,13.859016131732528,34.71339688122953,5.97371384988471,10.066885095556563,12.757390452615988
final_test,damped_trend_exponential_smoothing,HOBBIES_1_008_TX_1,8,107.0,12.938171079737167,97.29637169019712,1655.828457478099,-94.06182892026283,90.93118849551132,-87.90825132734844,12.16204646127464,14.386749361296399
final_test,damped_trend_exponential_smoothing,HOBBIES_1_008_TX_2,8,139.0,213.34948600123255,101.01211565076218,1492.855835303355,74.34948600123255,72.67058679910949,53.488838849807586,12.626514456345273,13.660416516816731
final_test,damped_trend_exponential_smoothing,HOBBIES_1_008_TX_3,8,135.0,169.73335874312548,47.86667935978655,427.67577636025436,34.73335874312547,35.45679952576782,25.728413883796648,5.983334919973319,7.311598460325334
final_test,damped_trend_exponential_smoothing,HOBBIES_1_008_WI_1,8,204.0,153.18534497031365,77.110920406942,1294.766147758374,-50.814655029686364,37.799470787716665,-24.909144622395278,9.63886505086775,12.721861831893818
final_test,damped_trend_exponential_smoothing,HOBBIES_1_008_WI_2,8,141.0,129.64872648468582,56.98224787730355,679.4777530680332,-11.35127351531419,40.412941756952875,-8.05054859242141,7.122780984662944,9.216003425211177
final_test,damped_trend_exponential_smoothing,HOBBIES_1_008_WI_3,8,116.0,131.2807994447768,52.0,507.18785395893633,15.28079944477679,44.827586206896555,13.173102969635163,6.5,7.962316355487707
final_test,damped_trend_exponential_smoothing,HOBBIES_1_009_CA_1,8,34.0,2.339868185268351,32.24442419189728,201.1259233219641,-31.66013181473165,94.83654174087435,-93.11803474921074,4.03055302398716,5.014054289220003
final_test,damped_trend_exponential_smoothing,HOBBIES_1_009_CA_2,8,40.0,44.287338127335964,33.07183453183399,166.2976585272636,4.287338127335964,82.67958632958499,10.71834531833991,4.133979316479249,4.5592989939143
final_test,damped_trend_exponential_smoothing,HOBBIES_1_009_CA_3,8,42.0,65.32714535611329,40.99559162775361,295.526129073971,23.327145356113288,97.60855149465145,55.54082227646021,5.1244489534692015,6.077891586253112
final_test,damped_trend_exponential_smoothing,HOBBIES_1_009_CA_4,8,71.0,141.73468968160682,79.59200107246028,986.1086869816081,70.73468968160682,112.10140996121166,99.62632349522089,9.949000134057535,11.102413515659602
final_test,damped_trend_exponential_smoothing,HOBBIES_1_009_TX_1,8,29.0,35.70081043160197,25.925202607900495,97.48760755503324,6.7008104316019725,89.39725037207067,23.106242867593007,3.240650325987562,3.490838143537903
final_test,damped_trend_exponential_smoothing,HOBBIES_1_009_TX_2,8,38.0,32.82505473972495,25.793736315068763,94.8475073058554,-5.174945260275052,67.87825346070727,-13.618277000723822,3.2242170393835954,3.443245331548701
final_test,damped_trend_exponential_smoothing,HOBBIES_1_009_TX_3,8,18.0,25.124150767967294,18.550811815605933,49.74337477087896,7.124150767967294,103.06006564225518,39.57861537759608,2.3188514769507416,2.493576116014883
final_test,damped_trend_exponential_smoothing,HOBBIES_1_009_WI_1,8,47.0,43.284764837150135,41.82454577520691,300.6615389024796,-3.7152351628498614,88.98839526639767,-7.904755665638002,5.228068221900863,6.1304724420561545
final_test,damped_trend_exponential_smoothing,HOBBIES_1_009_WI_2,8,9.0,11.183890014922666,9.0,11.471171949659865,2.1838900149226657,100.0,24.26544461025184,1.125,1.197454171861071
final_test,damped_trend_exponential_smoothing,HOBBIES_1_009_WI_3,8,11.0,15.454008697315993,7.003142920194059,10.361976232726764,4.4540086973159925,63.66493563812781,40.49098815741811,0.8753928650242574,1.13808920084976
final_test,damped_trend_exponential_smoothing,HOBBIES_1_010_CA_1,8,28.0,38.110986029915345,19.055493014957673,58.779004812142915,10.110986029915345,68.0553321962774,36.1106643925548,2.381936626869709,2.7106042871503515
final_test,damped_trend_exponential_smoothing,HOBBIES_1_010_CA_2,8,7.0,0.9284439694159795,7.232110992334199,17.48297407901491,-6.07155603058402,103.31587131906,-86.73651472262885,0.9040138740417749,1.4783002942152395
final_test,damped_trend_exponential_smoothing,HOBBIES_1_010_CA_3,8,37.0,41.1302689267398,13.282226412004615,32.005330200284554,4.130268926739805,35.897909221634094,11.162888991188662,1.6602783015005769,2.000166561823182
final_test,damped_trend_exponential_smoothing,HOBBIES_1_010_CA_4,8,8.0,9.387568069765628,6.72262976881926,8.277477575484864,1.3875680697656285,84.03287211024076,17.344600872070355,0.8403287211024075,1.017194522663
final_test,damped_trend_exponential_smoothing,HOBBIES_1_010_TX_1,8,27.0,29.306012653408192,10.992068075174451,20.51634181742841,2.3060126534081915,40.711363241386856,8.540787605215524,1.3740085093968064,1.601418973029404
final_test,damped_trend_exponential_smoothing,HOBBIES_1_010_TX_2,8,59.0,38.976870299544714,23.511564850227636,97.99071537515681,-20.023129700455286,39.85010991564006,-33.93750796687336,2.9389456062784545,3.499834199200671
final_test,damped_trend_exponential_smoothing,HOBBIES_1_010_TX_3,8,36.0,33.67345511118379,8.0,10.676601389959604,-2.3265448888162084,22.22222222222222,-6.462624691156134,1.0,1.1552381459010737
final_test,damped_trend_exponential_smoothing,HOBBIES_1_010_WI_1,8,34.0,29.841383367339294,9.07903022201858,15.660821392941559,-4.1586166326607055,26.70303006476053,-12.231225390178546,1.1348787777523226,1.3991435502183809
final_test,damped_trend_exponential_smoothing,HOBBIES_1_010_WI_2,8,11.0,18.163438062874068,12.622578547155552,26.289355610079124,7.163438062874068,114.75071406505046,65.12216420794607,1.577822318394444,1.8127794822481553
final_test,damped_trend_exponential_smoothing,HOBBIES_1_010_WI_3,8,31.0,18.69592614410832,12.89935323816823,27.86227985111428,-12.304073855891682,41.61081689731687,-39.69056082545704,1.6124191547710287,1.8662221146983777
final_test,damped_trend_exponential_smoothing,HOUSEHOLD_1_001_CA_1,8,21.0,41.400068046755514,20.400068046755518,65.91256165614467,20.400068046755518,97.14318117502627,97.14318117502627,2.5500085058444397,2.8703780599457773
final_test,damped_trend_exponential_smoothing,HOUSEHOLD_1_001_CA_2,8,50.0,37.12143096220042,16.71964225947273,62.23219255778617,-12.87856903779958,33.43928451894546,-25.757138075599155,2.0899552824340915,2.789090186731736
final_test,damped_trend_exponential_smoothing,HOUSEHOLD_1_001_CA_3,8,41.0,4.488384762333322,36.511615237666675,183.00452614540998,-36.511615237666675,89.05272009186994,-89.05272009186994,4.563951904708334,4.782840763414171
final_test,damped_trend_exponential_smoothing,HOUSEHOLD_1_001_CA_4,8,25.0,26.83353945372682,10.291615136568295,19.295233366046606,1.8335394537268215,41.16646054627318,7.334157814907286,1.2864518920710368,1.5530306406365026
final_test,damped_trend_exponential_smoothing,HOUSEHOLD_1_001_TX_1,8,14.0,19.259679388989834,8.444759541742375,12.95802840937056,5.259679388989834,60.31971101244553,37.56913849278453,1.0555949427177969,1.2726953882101246
final_test,damped_trend_exponential_smoothing,HOUSEHOLD_1_001_TX_2,8,5.0,11.905780745725897,8.952967681258743,11.836607302439635,6.905780745725897,179.05935362517488,138.11561491451795,1.1191209601573429,1.2163781948082406
final_test,damped_trend_exponential_smoothing,HOUSEHOLD_1_001_TX_3,8,5.0,7.772286718684158,5.207923290769906,5.153294999139114,2.7722867186841578,104.15846581539812,55.44573437368315,0.6509904113462383,0.8025969566927035
final_test,damped_trend_exponential_smoothing,HOUSEHOLD_1_001_WI_1,8,55.0,89.58103814186086,34.58103814186085,156.13134774943717,34.58103814186085,62.874614803383366,62.874614803383366,4.322629767732606,4.417739067518547
final_test,damped_trend_exponential_smoothing,HOUSEHOLD_1_001_WI_2,8,19.0,11.525070365190798,14.999993310259834,40.85929078729219,-7.474929634809202,78.94733321189386,-39.34173492004843,1.8749991637824792,2.2599582625375016
final_test,damped_trend_exponential_smoothing,HOUSEHOLD_1_001_WI_3,8,12.0,22.49115503092155,10.878825949888022,21.757905957435923,10.49115503092155,90.65688291573352,87.42629192434626,1.3598532437360027,1.6491628920999557
final_test,damped_trend_exponential_smoothing,HOUSEHOLD_1_002_CA_1,8,1.0,6.270247067104613,5.70268530032846,4.346938018540596,5.270247067104613,570.268530032846,527.0247067104613,0.7128356625410575,0.7371344872664516
final_test,damped_trend_exponential_smoothing,HOUSEHOLD_1_002_CA_2,8,67.0,40.9653364303178,26.275997677668368,126.60046339884882,-26.034663569682202,39.21790698159458,-38.85770682042119,3.284499709708546,3.978072136708446
final_test,damped_trend_exponential_smoothing,HOUSEHOLD_1_002_CA_3,8,39.0,46.90497348107085,24.452486740535424,98.68607571705417,7.904973481070847,62.698683950090825,20.269162771976532,3.056560842566928,3.5122299845869676
final_test,damped_trend_exponential_smoothing,HOUSEHOLD_1_002_CA_4,8,43.0,56.32018331743638,25.087236967247627,112.13501100672906,13.320183317436378,58.34241155173867,30.977170505665995,3.1359046209059533,3.7439119081304693
final_test,damped_trend_exponential_smoothing,HOUSEHOLD_1_002_TX_1,8,7.0,21.096819549917956,16.82261466243847,37.715040177868644,14.096819549917956,240.3230666062638,201.3831364273994,2.1028268328048085,2.1712623107845768
final_test,damped_trend_exponential_smoothing,HOUSEHOLD_1_002_TX_2,8,37.0,37.583945136055505,17.0,45.91762399024036,0.5839451360555046,45.94594594594595,1.5782300974473096,2.125,2.3957677263833497
final_test,damped_trend_exponential_smoothing,HOUSEHOLD_1_002_TX_3,8,3.0,10.834929505421623,11.126197489019873,15.548266124227451,7.834929505421624,370.8732496339957,261.16431684738745,1.3907746861274841,1.3941066191394513
final_test,damped_trend_exponential_smoothing,HOUSEHOLD_1_002_WI_1,8,61.0,87.01829186529393,26.51111537851017,132.5189199890603,26.018291865293925,43.460844882803556,42.6529374840884,3.313889422313771,4.069995700075435
final_test,damped_trend_exponential_smoothing,HOUSEHOLD_1_002_WI_2,8,24.0,36.64932480151473,14.324657383429159,40.000662915526554,12.649324801514734,59.68607243095483,52.70552000631139,1.7905821729286449,2.2360865064752793
final_test,damped_trend_exponential_smoothing,HOUSEHOLD_1_002_WI_3,8,12.0,14.594503450286144,6.0,6.8414310191933385,2.594503450286144,50.0,21.620862085717864,0.75,0.9247588212064631
final_test,damped_trend_exponential_smoothing,HOUSEHOLD_1_003_CA_1,8,52.0,39.02638039653923,14.786256104624165,63.15180091308561,-12.973619603460769,28.43510789350801,-24.949268468193786,1.8482820130780206,2.809621880989629
final_test,damped_trend_exponential_smoothing,HOUSEHOLD_1_003_CA_2,8,34.0,73.35900080508729,39.35900080508729,203.39938288886057,39.35900080508729,115.76176707378616,115.76176707378616,4.919875100635911,5.042313245040174
final_test,damped_trend_exponential_smoothing,HOUSEHOLD_1_003_CA_3,8,89.0,145.08474850417582,56.08474850417581,533.5070909654896,56.08474850417581,63.01657135300653,63.01657135300653,7.010593563021977,8.16629575576872
final_test,damped_trend_exponential_smoothing,HOUSEHOLD_1_003_CA_4,8,22.0,29.07544770397647,10.619340248883072,17.88252668349583,7.075447703976469,48.26972840401396,32.16112592716577,1.327417531110384,1.4950972662127968
final_test,damped_trend_exponential_smoothing,HOUSEHOLD_1_003_TX_1,8,16.0,15.461378351254696,8.02856106861868,14.110473810125503,-0.5386216487453037,50.17850667886675,-3.3663853046581482,1.003570133577335,1.3280847963385802
final_test,damped_trend_exponential_smoothing,HOUSEHOLD_1_003_TX_2,8,13.0,21.140436734388643,9.557717608450114,16.168653427415467,8.140436734388642,73.52090468038548,62.61874411068186,1.1947147010562642,1.4216475225691259
final_test,damped_trend_exponential_smoothing,HOUSEHOLD_1_003_TX_3,8,16.0,18.55709999071506,5.307367788511948,6.868506762054883,2.5570999907150607,33.171048678199675,15.98187494196913,0.6634209735639935,0.9265869334589498
final_test,damped_trend_exponential_smoothing,HOUSEHOLD_1_003_WI_1,8,35.0,68.99826663374148,33.99826663374149,174.6392813869596,33.99826663374149,97.13790466783281,97.13790466783281,4.249783329217686,4.672248941716393
final_test,damped_trend_exponential_smoothing,HOUSEHOLD_1_003_WI_2,8,27.0,32.63751431399673,19.407726810271946,58.21767245203647,5.637514313996729,71.88046966767388,20.879682644432332,2.4259658512839932,2.697630266827639
final_test,damped_trend_exponential_smoothing,HOUSEHOLD_1_003_WI_3,8,20.0,29.45973565543266,14.113144993636354,33.326090176403056,9.45973565543266,70.56572496818177,47.2986782771633,1.7641431242045442,2.04101966478777
final_test,damped_trend_exponential_smoothing,HOUSEHOLD_1_004_CA_1,8,76.0,115.15452535447363,40.353339882766754,253.4934010322633,39.15452535447363,53.096499845745726,51.51911230851793,5.044167485345844,5.629091856510508
final_test,damped_trend_exponential_smoothing,HOUSEHOLD_1_004_CA_2,8,116.0,132.20128752541936,49.066171676698794,415.0352520174864,16.201287525419353,42.2984238592231,13.96662717708565,6.133271459587349,7.20273604279553
final_test,damped_trend_exponential_smoothing,HOUSEHOLD_1_004_CA_3,8,568.0,620.1456354111722,125.84007518033059,2419.6347236786683,52.14563541117212,22.15494281343848,9.180569614642978,15.730009397541323,17.391214461900972
final_test,damped_trend_exponential_smoothing,HOUSEHOLD_1_004_CA_4,8,36.0,39.63921208973031,23.909803022432577,89.6554830792549,3.6392120897303073,66.41611950675716,10.108922471473075,2.988725377804072,3.3476761170858307
final_test,damped_trend_exponential_smoothing,HOUSEHOLD_1_004_TX_1,8,77.0,61.51873614589037,39.6203159635274,291.83369131507015,-15.481263854109628,51.45495579678884,-20.105537472869646,4.952539495440925,6.039802266165985
final_test,damped_trend_exponential_smoothing,HOUSEHOLD_1_004_TX_2,8,64.0,110.55957865174791,54.494965677336644,437.15946549541616,46.55957865174791,85.1483838708385,72.74934164335612,6.8118707096670805,7.392221126760686
final_test,damped_trend_exponential_smoothing,HOUSEHOLD_1_004_TX_3,8,85.0,79.55391896708525,29.11161603969121,227.58177331869797,-5.446081032914744,34.248960046695544,-6.407154156370288,3.6389520049614013,5.333640563896038
final_test,damped_trend_exponential_smoothing,HOUSEHOLD_1_004_WI_1,8,75.0,62.42116552196972,25.83407764209497,146.7255831562568,-12.57883447803028,34.445436856126626,-16.771779304040376,3.2292597052618714,4.282604102007574
final_test,damped_trend_exponential_smoothing,HOUSEHOLD_1_004_WI_2,8,143.0,264.37344749820414,195.72262072070714,5326.686872867923,121.37344749820411,136.86896553895605,84.87653671203084,24.465327590088393,25.803795439983055
final_test,damped_trend_exponential_smoothing,HOUSEHOLD_1_004_WI_3,8,185.0,118.07036746503593,83.48240813374102,1510.8219639081651,-66.92963253496407,45.12562601823839,-36.17817974862923,10.435301016717627,13.742370446488504
final_test,damped_trend_exponential_smoothing,HOUSEHOLD_1_005_CA_1,8,82.0,110.3366688281339,31.168334414066948,157.8708500344169,28.336668828133895,38.010163919593836,34.55691320504133,3.8960418017583685,4.4422805240441665
final_test,damped_trend_exponential_smoothing,HOUSEHOLD_1_005_CA_2,8,128.0,143.20785497762262,33.8019637441276,170.90985662477817,15.207854977622617,26.407784175099685,11.88113670126767,4.22524546801595,4.6220917427174975
final_test,damped_trend_exponential_smoothing,HOUSEHOLD_1_005_CA_3,8,67.0,109.79182915017735,43.34387186263301,346.767580252246,42.79182915017735,64.69234606363136,63.86840171668261,5.417983982829126,6.5837639334601565
final_test,damped_trend_exponential_smoothing,HOUSEHOLD_1_005_CA_4,8,48.0,40.92731005671222,10.006739981548556,24.27927433004926,-7.072689943287775,20.847374961559492,-14.734770715182863,1.2508424976935695,1.7420991048893164
final_test,damped_trend_exponential_smoothing,HOUSEHOLD_1_005_TX_1,8,45.0,48.42037064118896,15.105092660285024,39.33736691534963,3.420370641188959,33.566872578411164,7.6008236470865755,1.888136582535628,2.2174694731650093
final_test,damped_trend_exponential_smoothing,HOUSEHOLD_1_005_TX_2,8,77.0,85.82919213763674,21.0,73.61932922541331,8.829192137636738,27.27272727272727,11.466483295632129,2.625,3.0335484425300785
final_test,damped_trend_exponential_smoothing,HOUSEHOLD_1_005_TX_3,8,44.0,55.05751488500106,11.293119383580635,21.283567707465696,11.057514885001062,25.666180417228716,25.130715647729684,1.4116399229475793,1.6310873561625117
final_test,damped_trend_exponential_smoothing,HOUSEHOLD_1_005_WI_1,8,53.0,51.076157637244584,17.0,44.33764617959154,-1.9238423627554182,32.075471698113205,-3.629891250481921,2.125,2.354188984013166
final_test,damped_trend_exponential_smoothing,HOUSEHOLD_1_005_WI_2,8,40.0,89.39852485368021,49.398524853680215,317.02678221495773,49.398524853680215,123.49631213420054,123.49631213420054,6.174815606710027,6.2951050647999285
final_test,damped_trend_exponential_smoothing,HOUSEHOLD_1_005_WI_3,8,39.0,75.63887259159078,37.713121562541275,212.8271617778791,36.63887259159078,96.70031169882378,93.9458271579251,4.714140195317659,5.157847925466093
final_test,damped_trend_exponential_smoothing,HOUSEHOLD_1_006_CA_1,8,123.0,92.66559531559416,42.66720234218878,284.8970134435639,-30.334404684405836,34.6887823920234,-24.66211762959824,5.3334002927735975,5.967589687675041
final_test,damped_trend_exponential_smoothing,HOUSEHOLD_1_006_CA_2,8,64.0,60.474503467948544,20.919329133870185,85.67743574871842,-3.525496532051455,32.68645177167217,-5.508588331330398,2.614916141733773,3.272564662247303
final_test,damped_trend_exponential_smoothing,HOUSEHOLD_1_006_CA_3,8,99.0,75.0197159874962,30.799744569077824,183.54002059681113,-23.980284012503795,31.11085310007861,-24.222509103539185,3.849968071134728,4.78983325123134
final_test,damped_trend_exponential_smoothing,HOUSEHOLD_1_006_CA_4,8,38.0,35.27663616369823,13.180840959075443,28.427088823109536,-2.723363836301772,34.68642357651432,-7.166746937636241,1.6476051198844304,1.885042732377357
final_test,damped_trend_exponential_smoothing,HOUSEHOLD_1_006_TX_1,8,52.0,55.86416552997985,12.0,23.866471905385556,3.86416552997985,23.076923076923077,7.431087557653558,1.5,1.7272258069439543
final_test,damped_trend_exponential_smoothing,HOUSEHOLD_1_006_TX_2,8,81.0,60.97259914964028,21.270601789483052,75.01212706162119,-20.02740085035972,26.260002209238337,-24.725186235011996,2.6588252236853815,3.0621097110819933
final_test,damped_trend_exponential_smoothing,HOUSEHOLD_1_006_TX_3,8,69.0,74.58021056059752,20.290105280298746,67.76734373757546,5.580210560597516,29.405949681592386,8.087261682025385,2.5362631600373433,2.91048414652905
final_test,damped_trend_exponential_smoothing,HOUSEHOLD_1_006_WI_1,8,32.0,31.354558899991513,18.00000020983138,50.05207518647592,-0.6454411000084868,56.25000065572306,-2.017003437526521,2.2500000262289226,2.501301540860176
final_test,damped_trend_exponential_smoothing,HOUSEHOLD_1_006_WI_2,8,27.0,28.803347869441705,14.200836967360427,36.28150794227749,1.8033478694417049,52.59569247170529,6.679066183117426,1.7751046209200534,2.129598199845381
final_test,damped_trend_exponential_smoothing,HOUSEHOLD_1_006_WI_3,8,46.0,43.81859655817553,18.0,52.094815122000455,-2.1814034418244717,39.130434782608695,-4.742181395270591,2.25,2.551833045136389
final_test,damped_trend_exponential_smoothing,HOUSEHOLD_1_007_CA_1,8,130.0,132.12506792196086,30.062533960794035,162.06448920976027,2.1250679219608486,23.125026123687718,1.634667632277576,3.7578167450992543,4.500895594347867
final_test,damped_trend_exponential_smoothing,HOUSEHOLD_1_007_CA_2,8,101.0,87.13066435095368,37.434667824520176,281.91980891811664,-13.869335649046324,37.06402754902987,-13.732015494105271,4.679333478065022,5.936326820076922
final_test,damped_trend_exponential_smoothing,HOUSEHOLD_1_007_CA_3,8,115.0,110.30541238298476,26.57536574635961,120.64416458072671,-4.6945876170152445,23.109013692486617,-4.082250101752387,3.321920718294951,3.883364594342236
final_test,damped_trend_exponential_smoothing,HOUSEHOLD_1_007_CA_4,8,72.0,53.942058773205446,25.028970613403096,100.76115516886442,-18.057941226794554,34.76245918528208,-25.080473926103547,3.128621326675387,3.548963848239096
final_test,damped_trend_exponential_smoothing,HOUSEHOLD_1_007_TX_1,8,98.0,90.90459217485659,14.726147427395217,57.79309716206363,-7.095407825143413,15.026681048362466,-7.24021206647287,1.8407684284244021,2.687775501275721
final_test,damped_trend_exponential_smoothing,HOUSEHOLD_1_007_TX_2,8,104.0,68.16168468352701,36.87873648734367,262.54810558962885,-35.838315316472986,35.46032354552276,-34.459918573531716,4.609842060917959,5.728744469663803
final_test,damped_trend_exponential_smoothing,HOUSEHOLD_1_007_TX_3,8,92.0,66.50558680598695,33.74877338212394,203.4052449406599,-25.49441319401305,36.68344932839559,-27.71131868914462,4.218596672765493,5.042385905261763
final_test,damped_trend_exponential_smoothing,HOUSEHOLD_1_007_WI_1,8,32.0,77.13543930307293,49.85157948046394,396.6509851869732,45.135439303072936,155.78618587644982,141.04824782210292,6.2314474350579925,7.041404202882522
final_test,damped_trend_exponential_smoothing,HOUSEHOLD_1_007_WI_2,8,131.0,123.86191187134048,12.103566096494639,32.24403776656374,-7.138088128659518,9.239363432438656,-5.448922235617952,1.5129457620618298,2.007611695727156
final_test,damped_trend_exponential_smoothing,HOUSEHOLD_1_007_WI_3,8,65.0,90.45247208227526,25.452472082275264,111.85354188201296,25.452472082275264,39.15764935734656,39.15764935734656,3.181559010284408,3.7392101753246796
final_test,damped_trend_exponential_smoothing,HOUSEHOLD_1_008_CA_1,8,30.0,24.612701060044838,6.151695242107252,13.131925069145474,-5.387298939955162,20.50565080702417,-17.957663133183875,0.7689619052634065,1.2812067099586952
final_test,damped_trend_exponential_smoothing,HOUSEHOLD_1_008_CA_2,8,16.0,18.387002197217676,12.048519997910054,22.838047891942498,2.3870021972176776,75.30324998693784,14.918763732610484,1.5060649997387567,1.6896023160770146
final_test,damped_trend_exponential_smoothing,HOUSEHOLD_1_008_CA_3,8,36.0,32.515446098015765,17.988922384450444,55.437519570275356,-3.4845539019842358,49.96922884569568,-9.679316394400656,2.2486152980563054,2.6324304257253255
final_test,damped_trend_exponential_smoothing,HOUSEHOLD_1_008_CA_4,8,16.0,14.823597239364648,6.294100689634687,8.17299043154048,-1.1764027606353524,39.33812931021679,-7.3525172539709525,0.7867625862043359,1.0107540768864403
final_test,damped_trend_exponential_smoothing,HOUSEHOLD_1_008_TX_1,8,15.0,11.496599149814847,8.125850212546288,10.409227189634755,-3.5034008501851535,54.17233475030858,-23.356005667901023,1.015731276568286,1.1406811117504947
final_test,damped_trend_exponential_smoothing,HOUSEHOLD_1_008_TX_2,8,26.0,30.184563177878097,8.078070098570677,13.752526828288978,4.184563177878095,31.069500379117986,16.094473761069597,1.0097587623213347,1.3111315164910506
final_test,damped_trend_exponential_smoothing,HOUSEHOLD_1_008_TX_3,8,25.0,19.986659513542904,9.00667024385175,18.016697856143104,-5.013340486457095,36.026680975407,-20.05336194582838,1.1258337804814686,1.500695582727519
final_test,damped_trend_exponential_smoothing,HOUSEHOLD_1_008_WI_1,8,14.0,17.505220434079735,13.128915325386654,37.03582128602444,3.5052204340797353,93.77796660990467,25.037288814855252,1.6411144156733317,2.1516220998941833
final_test,damped_trend_exponential_smoothing,HOUSEHOLD_1_008_WI_2,8,30.0,25.86507962234245,18.000000068490927,57.63719953538682,-4.134920377657551,60.00000022830309,-13.783067925525168,2.250000008561366,2.6841478986679093
final_test,damped_trend_exponential_smoothing,HOUSEHOLD_1_008_WI_3,8,21.0,12.060689958959252,9.954482530780561,15.863908001231492,-8.939310041040748,47.40229776562172,-42.56814305257499,1.2443103163475702,1.4081862448390612
final_test,damped_trend_exponential_smoothing,HOUSEHOLD_1_009_CA_1,8,25.0,52.11520129645751,27.115201296457514,105.00767995524525,27.115201296457514,108.46080518583005,108.46080518583005,3.389400162057189,3.622976675940056
final_test,damped_trend_exponential_smoothing,HOUSEHOLD_1_009_CA_2,8,39.0,38.31058024251195,9.019028393333002,12.94903589416851,-0.6894197574880474,23.12571382905898,-1.7677429679180703,1.1273785491666253,1.2722537037757304
final_test,damped_trend_exponential_smoothing,HOUSEHOLD_1_009_CA_3,8,71.0,12.505486940066744,58.494513059933254,476.4234587058927,-58.494513059933254,82.38663811258205,-82.38663811258205,7.311814132491657,7.717054641392439
final_test,damped_trend_exponential_smoothing,HOUSEHOLD_1_009_CA_4,8,18.0,17.10478637962058,4.581493477213781,5.640101349467624,-0.8952136203794181,25.452741540076563,-4.9734090021078785,0.5726866846517227,0.8396503252446539
final_test,damped_trend_exponential_smoothing,HOUSEHOLD_1_009_TX_1,8,19.0,18.39863903882152,11.649116340002202,26.123998487939744,-0.6013609611784783,61.31113863159053,-3.1650576904130436,1.4561395425002752,1.8070693984992574
final_test,damped_trend_exponential_smoothing,HOUSEHOLD_1_009_TX_2,8,31.0,52.94817381157664,24.800808262159748,111.85295664276025,21.94817381157664,80.0026072972895,70.80056068250529,3.1001010327699685,3.7392003931783373
final_test,damped_trend_exponential_smoothing,HOUSEHOLD_1_009_TX_3,8,16.0,28.34581909739301,20.202852780749872,59.41678766226678,12.345819097393012,126.2678298796867,77.16136935870632,2.525356597593734,2.7252703458158694
final_test,damped_trend_exponential_smoothing,HOUSEHOLD_1_009_WI_1,8,13.0,11.155578733103049,5.785465672990444,8.331103372316791,-1.8444212668969517,44.50358209992649,-14.187855899207321,0.7231832091238055,1.0204841603570332
final_test,damped_trend_exponential_smoothing,HOUSEHOLD_1_009_WI_2,8,20.0,20.7315123013705,17.255002222762172,46.47886970731993,0.7315123013704992,86.27501111381086,3.6575615068524954,2.1568752778452716,2.4103648506844335
final_test,damped_trend_exponential_smoothing,HOUSEHOLD_1_009_WI_3,8,14.0,21.499588287811005,8.781952245612896,14.527275558514843,7.499588287811005,62.7282303258064,53.56848777007861,1.097744030701612,1.3475568428880302
final_test,damped_trend_exponential_smoothing,HOUSEHOLD_1_010_CA_1,8,84.0,79.97548918007665,20.053085029259616,79.7649976738958,-4.0245108199233535,23.872720272928113,-4.791084309432564,2.506635628657452,3.157629602920041
final_test,damped_trend_exponential_smoothing,HOUSEHOLD_1_010_CA_2,8,63.0,33.987303878671014,29.01269612132899,144.730385885954,-29.01269612132899,46.05189860528411,-46.05189860528411,3.6265870151661237,4.253386678371043
final_test,damped_trend_exponential_smoothing,HOUSEHOLD_1_010_CA_3,8,71.0,127.29614406108621,56.29614406108621,495.4354363776846,56.29614406108621,79.29034374800875,79.29034374800875,7.037018007635776,7.869525369881628
final_test,damped_trend_exponential_smoothing,HOUSEHOLD_1_010_CA_4,8,15.0,0.5358156555568624,14.977125356152449,66.9198403230341,-14.464184344443137,99.84750237434966,-96.4278956296209,1.872140669519056,2.8922275222359777
final_test,damped_trend_exponential_smoothing,HOUSEHOLD_1_010_TX_1,8,64.0,70.58354837356558,26.10412201669464,119.02882919786506,6.5835483735655735,40.78769065108537,10.286794333696209,3.26301525208683,3.857279306678884
final_test,damped_trend_exponential_smoothing,HOUSEHOLD_1_010_TX_2,8,66.0,108.67208778678794,42.67208778678795,249.97804712043643,42.67208778678795,64.65467846483023,64.65467846483023,5.3340109733484935,5.589924497706078
final_test,damped_trend_exponential_smoothing,HOUSEHOLD_1_010_TX_3,8,58.0,0.7946175469264944,57.205382453073504,480.78379609602223,-57.205382453073504,98.62996974667846,-98.62996974667846,7.150672806634188,7.752288340354916
final_test,damped_trend_exponential_smoothing,HOUSEHOLD_1_010_WI_1,8,60.0,44.97760350556821,28.858349897402384,138.4672631503304,-15.022396494431787,48.09724982900397,-25.037327490719647,3.607293737175298,4.160337473546022
final_test,damped_trend_exponential_smoothing,HOUSEHOLD_1_010_WI_2,8,52.0,85.44635855330662,34.065479821700116,216.71382501632215,33.44635855330662,65.51053811865407,64.31992029482042,4.2581849777125145,5.204731321311434
final_test,damped_trend_exponential_smoothing,HOUSEHOLD_1_010_WI_3,8,65.0,0.07374113951197277,64.92625886048803,647.8822920769825,-64.92625886048803,99.88655209305851,-99.88655209305851,8.115782357561004,8.999182546744054
rolling_validation,damped_trend_exponential_smoothing,FOODS_1_001_CA_1,24,112.0,100.92366939654134,45.74105923422453,139.89759723298394,-11.076330603458658,40.84023145912904,-9.88958089594523,1.9058774680926887,2.4143459883318985
rolling_validation,damped_trend_exponential_smoothing,FOODS_1_001_CA_2,24,178.0,168.5593073937601,69.80088396251773,328.2291874864522,-9.440692606239903,39.213979754223445,-5.303759891146012,2.9083701651049054,3.6981368478287604
rolling_validation,damped_trend_exponential_smoothing,FOODS_1_001_CA_3,24,200.0,145.2037106765937,135.95045857444322,1245.9142823256902,-54.79628932340632,67.97522928722161,-27.39814466170316,5.664602440601801,7.20507426033235
rolling_validation,damped_trend_exponential_smoothing,FOODS_1_001_CA_4,24,38.0,51.12395566611739,42.24110387503088,94.83149537795993,13.123955666117386,111.1607996711339,34.53672543715102,1.7600459947929534,1.9877908107783868
rolling_validation,damped_trend_exponential_smoothing,FOODS_1_001_TX_1,24,112.0,85.96848324761763,86.4943691123768,940.4832903191749,-26.03151675238237,77.22711527890786,-23.242425671769972,3.6039320463490334,6.259936402496351
rolling_validation,damped_trend_exponential_smoothing,FOODS_1_001_TX_2,24,92.0,73.68550627057624,56.35857243056193,270.723124947451,-18.314493729423752,61.25931785930644,-19.907058401547555,2.348273851273414,3.358590508850966
rolling_validation,damped_trend_exponential_smoothing,FOODS_1_001_TX_3,24,67.0,96.06129635576981,52.92770328510265,165.72384640503827,29.061296355769812,78.99657206731739,43.375069187716136,2.2053209702126106,2.627767163748835
rolling_validation,damped_trend_exponential_smoothing,FOODS_1_001_WI_1,24,65.0,69.9649481422083,34.877649214957394,88.60123029296734,4.964948142208296,53.65792186916523,7.638381757243533,1.4532353839565582,1.921384378221505
rolling_validation,damped_trend_exponential_smoothing,FOODS_1_001_WI_2,24,52.0,65.04208548923951,25.656054755751324,47.65400224849856,13.042085489239508,49.338566837983315,25.080933633152902,1.0690022814896385,1.4091073156508602
rolling_validation,damped_trend_exponential_smoothing,FOODS_1_001_WI_3,24,26.0,33.237872959092094,27.679434130550504,44.150978829858225,7.237872959092097,106.45936204057887,27.837972919584985,1.1533097554396043,1.3563274375720487
rolling_validation,damped_trend_exponential_smoothing,FOODS_1_002_CA_1,24,65.0,63.33249391730036,33.125626028131634,74.3025778901501,-1.667506082699639,50.96250158174097,-2.56539397338406,1.3802344178388182,1.7595285577173565
rolling_validation,damped_trend_exponential_smoothing,FOODS_1_002_CA_2,24,121.0,120.62511394313081,59.172541320129206,237.01711033470218,-0.37488605686918675,48.90292671085058,-0.30982318749519566,2.4655225550053834,3.1425647058752175
rolling_validation,damped_trend_exponential_smoothing,FOODS_1_002_CA_3,24,2.0,9.407605836882682,9.407605836882682,10.609968805544257,7.4076058368826825,470.38029184413415,370.38029184413415,0.39198357653677846,0.664892497750083
rolling_validation,damped_trend_exponential_smoothing,FOODS_1_002_CA_4,24,37.0,41.96845925704255,35.66388446929356,88.12154491964623,4.968459257042547,96.38887694403667,13.428268262277154,1.4859951862205651,1.9161761501277987
rolling_validation,damped_trend_exponential_smoothing,FOODS_1_002_TX_1,24,29.0,27.734988443644212,23.99529281656991,34.20271913533884,-1.2650115563557864,82.74238902265488,-4.362108815019954,0.9998038673570796,1.1937810927074466
rolling_validation,damped_trend_exponential_smoothing,FOODS_1_002_TX_2,24,31.0,38.963872610361165,25.793357407780597,45.68622314449116,7.963872610361168,83.20437873477611,25.689911646326347,1.0747232253241916,1.3797074439969021
rolling_validation,damped_trend_exponential_smoothing,FOODS_1_002_TX_3,24,31.0,28.169851975443652,32.728064929320965,65.13138693121309,-2.8301480245563484,105.57440299780956,-9.129509756633382,1.3636693720550401,1.6473638908269617
rolling_validation,damped_trend_exponential_smoothing,FOODS_1_002_WI_1,24,172.0,146.12810502576977,62.0168210905193,237.42506820272433,-25.87189497423022,36.05629133169727,-15.041799403622221,2.584034212104971,3.1452680609311368
rolling_validation,damped_trend_exponential_smoothing,FOODS_1_002_WI_2,24,78.0,73.896122180843,43.701167896198314,129.99274926295573,-4.103877819157001,56.02713832845938,-5.261381819432052,1.8208819956749298,2.3273084352150564
rolling_validation,damped_trend_exponential_smoothing,FOODS_1_002_WI_3,24,29.0,46.65112577350646,36.071663975757595,64.15184402019662,17.651125773506458,124.38504819226756,60.86595094312571,1.5029859989898997,1.634929203617553
rolling_validation,damped_trend_exponential_smoothing,FOODS_1_003_CA_1,24,125.0,125.9958417717534,62.447126025367375,264.4520536506671,0.9958417717534056,49.9577008202939,0.7966734174027246,2.6019635843903073,3.3194631446632745
rolling_validation,damped_trend_exponential_smoothing,FOODS_1_003_CA_2,24,167.0,178.89801708827272,60.08207613498176,255.967384538515,11.898017088272713,35.977291098791476,7.124561130702222,2.5034198389575733,3.2657782669839652
rolling_validation,damped_trend_exponential_smoothing,FOODS_1_003_CA_3,24,106.0,103.27136227685932,51.82829085936626,181.42635291828398,-2.728637723140674,48.89461401827006,-2.574186531264787,2.159512119140261,2.7494420109533437
rolling_validation,damped_trend_exponential_smoothing,FOODS_1_003_CA_4,24,35.0,54.240291837458095,28.861649933669764,43.55766653533819,19.24029183745809,82.46185695334218,54.972262392737406,1.20256874723624,1.3471832734656997
rolling_validation,damped_trend_exponential_smoothing,FOODS_1_003_TX_1,24,32.0,43.60068421030924,28.31920448852299,47.876956043347214,11.60068421030924,88.49751402663433,36.25213815721637,1.1799668536884578,1.4123997905950003
rolling_validation,damped_trend_exponential_smoothing,FOODS_1_003_TX_2,24,59.0,50.50408501808224,30.064998059025385,49.686439542305486,-8.495914981917753,50.95762382885658,-14.399855901555513,1.252708252459391,1.4388426996245034
rolling_validation,damped_trend_exponential_smoothing,FOODS_1_003_TX_3,24,35.0,30.05093387116734,24.96416127539678,36.25651634238583,-4.94906612883266,71.32617507256222,-14.140188939521886,1.040173386474866,1.229100557697678
rolling_validation,damped_trend_exponential_smoothing,FOODS_1_003_WI_1,24,190.0,156.5655659635373,67.81844932100007,271.5829375672415,-33.434434036462704,35.693920695263195,-17.59707054550669,2.8257687217083363,3.3639196976099766
rolling_validation,damped_trend_exponential_smoothing,FOODS_1_003_WI_2,24,5.0,23.865384329172024,21.776081504255053,27.902497490983738,18.865384329172024,435.52163008510104,377.3076865834405,0.9073367293439606,1.0782411892171075
rolling_validation,damped_trend_exponential_smoothing,FOODS_1_003_WI_3,24,35.0,33.25129102846264,28.500522320001316,50.89716726949144,-1.7487089715373634,81.43006377143234,-4.996311347249609,1.187521763333388,1.4562675931625606
rolling_validation,damped_trend_exponential_smoothing,FOODS_1_004_CA_1,24,840.0,1093.4651998488841,533.3662999623366,18503.761566154913,253.46519984888414,63.49598809075435,30.174428553438588,22.223595831764026,27.766707857728736
rolling_validation,damped_trend_exponential_smoothing,FOODS_1_004_CA_2,24,589.0,933.0310457883498,586.8249091913298,21429.792086918904,344.0310457883498,99.6307146335025,58.40934563469437,24.451037882972074,29.88156628461134
rolling_validation,damped_trend_exponential_smoothing,FOODS_1_004_CA_3,24,587.0,937.3719886309882,795.4691316989636,41906.73518534255,350.37198863098826,135.5143324870466,59.68858409386512,33.14454715412348,41.78652852362756
rolling_validation,damped_trend_exponential_smoothing,FOODS_1_004_CA_4,24,383.0,393.7486964687769,160.3321707980808,1972.0455348034618,10.748696468776927,41.86218558696627,2.8064481641715213,6.6805071165867,9.064687746974203
rolling_validation,damped_trend_exponential_smoothing,FOODS_1_004_TX_1,24,1099.0,947.1906972250163,579.9830206399369,18443.37054454499,-151.80930277498368,52.773705244762226,-13.813403346222355,24.165959193330703,27.72135950290632
rolling_validation,damped_trend_exponential_smoothing,FOODS_1_004_TX_2,24,313.0,362.9034729215788,311.44377187063105,5467.2554630898385,49.9034729215788,99.50280251457862,15.943601572389394,12.97682382794296,15.093121312772803
rolling_validation,damped_trend_exponential_smoothing,FOODS_1_004_TX_3,24,906.0,1143.2004039079727,401.1025917070883,11210.556517193821,237.2004039079727,44.27180923919297,26.181060033992576,16.712607987795348,21.612647259180044
rolling_validation,damped_trend_exponential_smoothing,FOODS_1_004_WI_1,24,713.0,436.1260611030644,515.8392542989671,17539.8203792488,-276.8739388969356,72.3477215005564,-38.832249494661376,21.493302262456965,27.03379087614918
rolling_validation,damped_trend_exponential_smoothing,FOODS_1_004_WI_2,24,1590.0,1601.0184074706428,579.5316212402948,22183.55929104425,11.018407470642892,36.44852963775439,0.6929816019272259,24.147150885012284,30.402548749408776
rolling_validation,damped_trend_exponential_smoothing,FOODS_1_004_WI_3,24,993.0,791.6449563999797,512.73337973809,16187.558707138935,-201.35504360002028,51.63478144391641,-20.277446485399828,21.363890822420416,25.9707838310178
rolling_validation,damped_trend_exponential_smoothing,FOODS_1_005_CA_1,24,263.0,249.4056779481324,132.32702805609557,1219.880484388717,-13.594322051867596,50.314459336918475,-5.168943745957261,5.513626169003982,7.129400642143527
rolling_validation,damped_trend_exponential_smoothing,FOODS_1_005_CA_2,24,471.0,472.5837194544064,159.81954529492276,1456.4345316201625,1.5837194544063742,33.93196290762691,0.3362461686637737,6.659147720621782,7.790043141782984
rolling_validation,damped_trend_exponential_smoothing,FOODS_1_005_CA_3,24,380.0,324.72905375676993,202.65994439306107,2549.9259785374584,-55.27094624323006,53.33156431396344,-14.544985853481593,8.444164349710878,10.307614455944407
rolling_validation,damped_trend_exponential_smoothing,FOODS_1_005_CA_4,24,103.0,92.72206560075078,63.60489881230161,244.51656326722997,-10.277934399249222,61.75232894398215,-9.97857708664973,2.650204117179234,3.191894443137896
rolling_validation,damped_trend_exponential_smoothing,FOODS_1_005_TX_1,24,140.0,136.244410889829,92.6376797121518,733.4838429747014,-3.7555891101710106,66.16977122296557,-2.6825636501221504,3.859903321339658,5.528275209377022
rolling_validation,damped_trend_exponential_smoothing,FOODS_1_005_TX_2,24,149.0,193.63595670739002,90.81931891545736,461.89143608654086,44.63595670739002,60.9525630305083,29.957017924422836,3.7841382881440566,4.386966663151871
rolling_validation,damped_trend_exponential_smoothing,FOODS_1_005_TX_3,24,181.0,242.58405520050366,122.22094741262404,822.2143450923519,61.58405520050367,67.52538531084201,34.02433988978103,5.092539475526002,5.853112936336926
rolling_validation,damped_trend_exponential_smoothing,FOODS_1_005_WI_1,24,282.0,253.39617563757534,144.85468973422343,1308.2776459258819,-28.60382436242465,51.36691125327072,-10.143200128519378,6.035612072259309,7.383195011662978
rolling_validation,damped_trend_exponential_smoothing,FOODS_1_005_WI_2,24,300.0,181.1125007945204,152.76645686383733,2268.8089802133404,-118.8874992054796,50.92215228794578,-39.62916640182653,6.365269035993222,9.722844620217336
rolling_validation,damped_trend_exponential_smoothing,FOODS_1_005_WI_3,24,267.0,191.3739088274822,116.79194903457689,808.7310818376537,-75.62609117251779,43.742303009204825,-28.3243787162988,4.866331209774037,5.804922773810366
rolling_validation,damped_trend_exponential_smoothing,FOODS_1_006_CA_1,24,254.0,266.3593138851623,105.07396664936192,716.5367962216105,12.35931388516227,41.3677034052606,4.865871608331602,4.378081943723413,5.464036954721949
rolling_validation,damped_trend_exponential_smoothing,FOODS_1_006_CA_2,24,138.0,200.65228637113634,98.01403983443055,487.20236961849963,62.65228637113634,71.0246665466888,45.40020751531619,4.083918326434606,4.505563087351474
rolling_validation,damped_trend_exponential_smoothing,FOODS_1_006_CA_3,24,279.0,304.6319438029516,126.13448493892672,1045.5831045150603,25.631943802951582,45.20949280965115,9.187076631882288,5.255603539121947,6.600451703340273
rolling_validation,damped_trend_exponential_smoothing,FOODS_1_006_CA_4,24,187.0,115.45730708159194,122.01747610678404,848.2103167251496,-71.54269291840806,65.24998722287917,-38.25812455529843,5.084061504449335,5.944921911195686
rolling_validation,damped_trend_exponential_smoothing,FOODS_1_006_TX_1,24,71.0,60.94121953538804,55.38077108034489,317.18463824235386,-10.058780464611957,78.00108602865478,-14.167296429030923,2.3075321283477037,3.6353853431832244
rolling_validation,damped_trend_exponential_smoothing,FOODS_1_006_TX_2,24,95.0,104.6899297165007,62.764428802529764,243.50135890011927,9.689929716500705,66.06781979213659,10.199926017369163,2.61518453343874,3.185261363557414
rolling_validation,damped_trend_exponential_smoothing,FOODS_1_006_TX_3,24,121.0,80.41056941095015,66.7321292168437,527.6613347989937,-40.58943058904985,55.15052001392041,-33.54498395789244,2.780505384035154,4.688911275547669
rolling_validation,damped_trend_exponential_smoothing,FOODS_1_006_WI_1,24,266.0,241.43257943644664,94.1983288963857,623.5790942251971,-24.567420563553355,35.412905600145,-9.235872392313292,3.9249303706827376,5.097299506541009
rolling_validation,damped_trend_exponential_smoothing,FOODS_1_006_WI_2,24,173.0,173.54912874487107,130.00745213125597,1630.295337143033,0.549128744871064,75.1488162608416,0.3174154594630428,5.416977172135666,8.241903444044931
rolling_validation,damped_trend_exponential_smoothing,FOODS_1_006_WI_3,24,143.0,128.1836059699699,61.187788749570245,400.0346290960661,-14.816394030030088,42.78866346123794,-10.361114706314746,2.54949119789876,4.082659616679968
rolling_validation,damped_trend_exponential_smoothing,FOODS_1_008_CA_1,24,56.0,63.088993332392015,37.395045756086844,91.34734370242948,7.088993332392015,66.77686742158365,12.658916664985739,1.5581269065036185,1.950932936042283
rolling_validation,damped_trend_exponential_smoothing,FOODS_1_008_CA_2,24,56.0,55.855994312806445,39.59384225149864,102.46129152342193,-0.14400568719355356,70.70328973481901,-0.25715301284563136,1.6497434271457767,2.066209205318421
rolling_validation,damped_trend_exponential_smoothing,FOODS_1_008_CA_3,24,55.0,57.97853966032942,41.181725108160364,136.15533325240946,2.9785396603294165,74.87586383301884,5.415526655144394,1.7159052128400152,2.381835192769865
rolling_validation,damped_trend_exponential_smoothing,FOODS_1_008_CA_4,24,64.0,79.76880667614209,39.89044074075872,105.06067423741162,15.768806676142088,62.328813657435504,24.63876043147201,1.6621016975316134,2.092254308927451
rolling_validation,damped_trend_exponential_smoothing,FOODS_1_008_TX_1,24,17.0,14.565294564913035,19.166458578853128,26.27003006364099,-2.4347054350869652,112.7438739932537,-14.32179667698215,0.798602440785547,1.0462239654992813
rolling_validation,damped_trend_exponential_smoothing,FOODS_1_008_TX_2,24,50.0,55.07669157373299,34.11535574145167,64.00629985454377,5.076691573732985,68.23071148290335,10.15338314746597,1.4214731558938196,1.6330735319041794
rolling_validation,damped_trend_exponential_smoothing,FOODS_1_008_TX_3,24,38.0,42.28733152925722,34.92372220795741,68.95111555709755,4.287331529257223,91.9045321262037,11.282451392782166,1.4551550919982255,1.6949817545367258
rolling_validation,damped_trend_exponential_smoothing,FOODS_1_008_WI_1,24,104.0,100.73397665376268,47.71572236708444,157.01015967216236,-3.266023346237321,45.880502276042726,-3.140407063689732,1.9881550986285184,2.557750962533315
rolling_validation,damped_trend_exponential_smoothing,FOODS_1_008_WI_2,24,47.0,46.23863151243539,34.93625959406208,113.60370683619661,-0.761368487564607,74.33246722140868,-1.6199329522651214,1.45567748308592,2.175658011922261
rolling_validation,damped_trend_exponential_smoothing,FOODS_1_008_WI_3,24,41.0,42.10800135567558,36.81034854616076,84.20877901007691,1.1080013556755834,89.78133791746527,2.7024423309160572,1.5337645227566983,1.8731521896044303
rolling_validation,damped_trend_exponential_smoothing,FOODS_1_009_CA_1,24,170.0,212.55717504847107,117.95490431146011,831.1654353499131,42.55717504847105,69.38523783027065,25.033632381453558,4.914787679644172,5.884886841697104
rolling_validation,damped_trend_exponential_smoothing,FOODS_1_009_CA_2,24,216.0,214.3567404816773,145.65000312685015,1300.0366580777727,-1.6432595183227008,67.43055700317136,-0.7607682955197689,6.068750130285423,7.359904488957303
rolling_validation,damped_trend_exponential_smoothing,FOODS_1_009_CA_3,24,345.0,317.52180746778066,328.13064241224015,6123.681132476211,-27.478192532219357,95.11033113398265,-7.964693487599813,13.672110100510006,15.973521231082461
rolling_validation,damped_trend_exponential_smoothing,FOODS_1_009_CA_4,24,83.0,77.56282890598624,50.276701674185205,175.4893737651489,-5.437171094013759,60.574339366488196,-6.550808547004529,2.094862569757717,2.704081589045445
rolling_validation,damped_trend_exponential_smoothing,FOODS_1_009_TX_1,24,45.0,36.26872253962984,45.410034662581886,165.38017151670545,-8.731277460370157,100.91118813907084,-19.40283880082257,1.8920847776075786,2.625041043462507
rolling_validation,damped_trend_exponential_smoothing,FOODS_1_009_TX_2,24,3.0,20.81123564294003,23.788458668791378,56.13801685100733,17.81123564294003,792.948622293046,593.7078547646677,0.9911857778663075,1.5294064323974315
rolling_validation,damped_trend_exponential_smoothing,FOODS_1_009_TX_3,24,55.0,73.79736664803397,49.98861783929854,146.77586043409852,18.79736664803397,90.8883960714519,34.177030269152674,2.082859076637439,2.472986221437712
rolling_validation,damped_trend_exponential_smoothing,FOODS_1_009_WI_1,24,110.0,101.45814164896012,66.96654741458923,273.8885900822984,-8.541858351039881,60.8786794678084,-7.76532577367262,2.790272808941218,3.3781688215307466
rolling_validation,damped_trend_exponential_smoothing,FOODS_1_009_WI_2,24,113.0,83.2025428231268,71.82009608358979,329.96461906236027,-29.797457176873188,63.55760715361928,-26.369431129976274,2.992504003482908,3.707900456358694
rolling_validation,damped_trend_exponential_smoothing,FOODS_1_009_WI_3,24,62.0,62.86806665316321,56.417059485786304,206.49527841212125,0.8680666531632086,90.9952572351392,1.4001075051019494,2.3507108119077627,2.9332524497285237
rolling_validation,damped_trend_exponential_smoothing,FOODS_1_010_CA_1,24,40.0,36.87633347260001,34.25315709170829,72.03793210699132,-3.1236665273999904,85.63289272927072,-7.809166318499976,1.4272148788211787,1.7325069998294298
rolling_validation,damped_trend_exponential_smoothing,FOODS_1_010_CA_2,24,83.0,74.30666421765733,54.212754754412586,196.31786722614558,-8.69333578234267,65.31657199326818,-10.473898532942975,2.2588647814338576,2.8600543936125993
rolling_validation,damped_trend_exponential_smoothing,FOODS_1_010_CA_3,24,119.0,119.50474806997799,83.56880245774272,415.82472870384856,0.5047480699779925,70.22588441827119,0.424158041998313,3.48203343573928,4.162454848122723
rolling_validation,damped_trend_exponential_smoothing,FOODS_1_010_CA_4,24,0.0,0.920318432944362,0.920318432944362,0.08660124292238677,0.920318432944362,,,0.03834660137268175,0.06006983537322302
rolling_validation,damped_trend_exponential_smoothing,FOODS_1_010_TX_1,24,68.0,75.96774536620619,35.32502658301934,76.55233610988981,7.967745366206194,51.9485685044402,11.717272597362049,1.4718761076258058,1.7859677128227736
rolling_validation,damped_trend_exponential_smoothing,FOODS_1_010_TX_2,24,143.0,103.4966240336679,76.71586426706709,400.3204402692516,-39.5033759663321,53.647457529417544,-27.624738437994477,3.196494344461129,4.0841178171732695
rolling_validation,damped_trend_exponential_smoothing,FOODS_1_010_TX_3,24,143.0,196.31804857277797,91.35336728069116,528.6809578106353,53.31804857277796,63.883473622860954,37.285348652292285,3.806390303362132,4.693439383022839
rolling_validation,damped_trend_exponential_smoothing,FOODS_1_010_WI_1,24,216.0,209.0525695593146,59.44106127655445,206.876205124364,-6.947430440685391,27.519009850256687,-3.2164029817987925,2.4767108865231022,2.9359567231452566
rolling_validation,damped_trend_exponential_smoothing,FOODS_1_010_WI_2,24,45.0,61.061719939727126,48.024079653558175,168.28771278091298,16.061719939727123,106.72017700790705,35.69271097717138,2.0010033188982574,2.6480158671235414
rolling_validation,damped_trend_exponential_smoothing,FOODS_1_010_WI_3,24,88.0,55.35928203929768,57.546771916453054,294.4899648995677,-32.64071796070232,65.39405899596939,-37.091724955343544,2.397782163185544,3.502915243643308
rolling_validation,damped_trend_exponential_smoothing,FOODS_1_011_CA_1,24,115.0,51.307318611295536,119.75565501428369,1036.063234630673,-63.692681388704464,104.13535218633365,-55.38494033800389,4.989818958928487,6.570334956677986
rolling_validation,damped_trend_exponential_smoothing,FOODS_1_011_CA_2,24,164.0,99.34850605556393,188.961288560952,2727.1706661515677,-64.65149394443607,115.22029790301951,-39.42164264904638,7.873387023373,10.659836353793086
rolling_validation,damped_trend_exponential_smoothing,FOODS_1_011_CA_3,24,127.0,141.3345867855745,118.23471965111565,907.7291194787377,14.33458678557448,93.09820444969736,11.287076209113764,4.926446652129819,6.149963141755193
rolling_validation,damped_trend_exponential_smoothing,FOODS_1_011_CA_4,24,80.0,39.41081458136011,87.85172929973008,600.339654904346,-40.58918541863989,109.8146616246626,-50.73648177329987,3.660488720822087,5.001415028537532
rolling_validation,damped_trend_exponential_smoothing,FOODS_1_011_TX_1,24,73.0,39.60419398866891,94.22216604544279,715.7189064243023,-33.39580601133109,129.071460336223,-45.74767946757684,3.925923585226783,5.460917606136591
rolling_validation,damped_trend_exponential_smoothing,FOODS_1_011_TX_2,24,25.0,30.627744192408244,53.04291823021643,208.826584310057,5.627744192408244,212.17167292086572,22.510976769632975,2.2101215929256846,2.949764004049427
rolling_validation,damped_trend_exponential_smoothing,FOODS_1_011_TX_3,24,30.0,16.624683230290167,37.59844888129089,97.01125154972186,-13.375316769709833,125.32816293763631,-44.584389232366114,1.5666020367204538,2.0105062748567613
rolling_validation,damped_trend_exponential_smoothing,FOODS_1_011_WI_1,24,60.0,36.95425209960125,70.95425209960125,451.2215205226315,-23.045747900398755,118.25708683266876,-38.409579833997924,2.9564271708167187,4.336000079386874
rolling_validation,damped_trend_exponential_smoothing,FOODS_1_011_WI_2,24,57.0,25.80087891579259,63.55374857573587,357.85903187659864,-31.199121084207412,111.49780451883487,-54.7353001477323,2.6480728573223278,3.8614495976068723
rolling_validation,damped_trend_exponential_smoothing,FOODS_1_011_WI_3,24,22.0,26.003242925246504,31.518844941801987,66.77165393201683,4.003242925246503,143.26747700819084,18.196558751120467,1.3132852059084161,1.6679784912184472
rolling_validation,damped_trend_exponential_smoothing,HOBBIES_1_001_CA_1,24,115.0,116.04036525117009,36.535916722366615,99.01222766574406,1.040365251170082,31.770362367275318,0.9046654358000714,1.5223298634319422,2.031135024086944
rolling_validation,damped_trend_exponential_smoothing,HOBBIES_1_001_CA_2,24,105.0,108.5839471841515,45.3136779643561,123.35985194041551,3.5839471841514943,43.155883775577244,3.413283032525233,1.8880699151815044,2.2671554492029538
rolling_validation,damped_trend_exponential_smoothing,HOBBIES_1_001_CA_3,24,132.0,124.17968915737802,44.104860946404685,113.8213680308097,-7.820310842621983,33.41277344424597,-5.924477911077259,1.8377025394335285,2.1777412613264544
rolling_validation,damped_trend_exponential_smoothing,HOBBIES_1_001_CA_4,24,131.0,126.13367931122554,34.47060823387461,82.87368825379201,-4.866320688774469,26.31344139990428,-3.714748617385091,1.4362753430781086,1.8582438870901743
rolling_validation,damped_trend_exponential_smoothing,HOBBIES_1_001_TX_1,24,39.0,38.19917122723924,23.518731298648646,31.52899448973207,-0.8008287727607619,60.304439227304215,-2.053407109642979,0.9799471374436936,1.1461710621625536
rolling_validation,damped_trend_exponential_smoothing,HOBBIES_1_001_TX_2,24,106.0,86.01237334420712,53.062747839709274,174.51638963187185,-19.987626655792877,50.059196075197434,-18.856251562068753,2.2109478266545532,2.6965749080382184
rolling_validation,damped_trend_exponential_smoothing,HOBBIES_1_001_TX_3,24,104.0,102.37094438504165,36.69025917941624,79.30007838300034,-1.6290556149583448,35.279095364823306,-1.5663996297676392,1.5287607991423433,1.8177375862937462
rolling_validation,damped_trend_exponential_smoothing,HOBBIES_1_001_WI_1,24,76.0,72.86710246119289,41.154081094072716,113.18215688442307,-3.13289753880711,54.15010670272725,-4.122233603693566,1.7147533789196965,2.171617646713534
rolling_validation,damped_trend_exponential_smoothing,HOBBIES_1_001_WI_2,24,4.0,13.947576656650686,17.509113580414294,23.178698272014117,9.947576656650686,437.72783951035734,248.68941641626714,0.7295463991839289,0.9827406039577559
rolling_validation,damped_trend_exponential_smoothing,HOBBIES_1_001_WI_3,24,44.0,47.72866598624606,32.49892658869328,64.8627090131481,3.7286659862460536,73.86119679248473,8.47424087783194,1.3541219411955534,1.6439625529639772
rolling_validation,damped_trend_exponential_smoothing,HOBBIES_1_002_CA_1,24,65.0,76.12657576837368,57.37829814224869,256.1149110992499,11.126575768373687,88.27430483422876,17.117808874421055,2.390762422593695,3.2667192455329572
rolling_validation,damped_trend_exponential_smoothing,HOBBIES_1_002_CA_2,24,18.0,25.545155084478026,21.080964125021705,29.21145549857475,7.545155084478026,117.11646736123168,41.917528247100144,0.8783735052092377,1.103242484274097
rolling_validation,damped_trend_exponential_smoothing,HOBBIES_1_002_CA_3,24,29.0,35.002252378102874,22.51305431350089,31.44355303915824,6.002252378102873,77.63122177069273,20.697421993458182,0.9380439297292038,1.1446169854140118
rolling_validation,damped_trend_exponential_smoothing,HOBBIES_1_002_CA_4,24,32.0,34.515779051541465,30.725260887772244,53.861829885788644,2.515779051541466,96.01644027428826,7.861809536067081,1.280219203657177,1.4980797415050575
rolling_validation,damped_trend_exponential_smoothing,HOBBIES_1_002_TX_1,24,8.0,16.785379451931572,16.44663678514574,13.472271871353854,8.785379451931574,205.58295981432173,109.81724314914467,0.6852765327144058,0.7492293782990698
rolling_validation,damped_trend_exponential_smoothing,HOBBIES_1_002_TX_2,24,31.0,31.208860774858174,25.72680844605471,40.5014602267095,0.2088607748581719,82.98970466469262,0.6737444350263609,1.0719503519189464,1.2990615238623466
rolling_validation,damped_trend_exponential_smoothing,HOBBIES_1_002_TX_3,24,11.0,21.22377327524294,13.581833154622306,11.369579040121764,10.223773275242943,123.47121049656641,92.94339341129948,0.5659097147759294,0.6882822531527844
rolling_validation,damped_trend_exponential_smoothing,HOBBIES_1_002_WI_1,24,151.0,143.71478778123176,110.4280640398476,1167.301724442054,-7.285212218768235,73.13116823830967,-4.824643853488897,4.60116933499365,6.974064227676158
rolling_validation,damped_trend_exponential_smoothing,HOBBIES_1_002_WI_2,24,104.0,89.59449317988575,53.11568056932812,169.22298737184747,-14.40550682011426,51.07276977820011,-13.851448865494481,2.2131533570553383,2.6553639688676034
rolling_validation,damped_trend_exponential_smoothing,HOBBIES_1_002_WI_3,24,70.0,47.38726944406164,37.408250197068995,138.08414862609723,-22.612730555938363,53.440357424384274,-32.30390079419766,1.5586770915445414,2.398646741968073
rolling_validation,damped_trend_exponential_smoothing,HOBBIES_1_003_CA_1,24,110.0,141.31640769400454,121.31578816717746,995.127147420588,31.31640769400454,110.2870801519795,28.469461540004126,5.054824506965727,6.439225973867084
rolling_validation,damped_trend_exponential_smoothing,HOBBIES_1_003_CA_2,24,61.0,37.86543954415878,39.44879104484391,110.40868931145559,-23.134560455841218,64.67014925384247,-37.925508944002,1.6436996268684962,2.144845461716061
rolling_validation,damped_trend_exponential_smoothing,HOBBIES_1_003_CA_3,24,64.0,77.82248592510491,48.32585429882927,159.0989422052461,13.82248592510492,75.50914734192074,21.597634257976438,2.0135772624512196,2.574708253741626
rolling_validation,damped_trend_exponential_smoothing,HOBBIES_1_003_CA_4,24,39.0,48.47808008675414,36.88834034747893,95.4374400145748,9.47808008675414,94.5854880704588,24.302769453215745,1.5370141811449554,1.9941313900060056
rolling_validation,damped_trend_exponential_smoothing,HOBBIES_1_003_TX_1,24,36.0,38.45928980779431,30.245627204063982,57.72748959316722,2.459289807794317,84.01563112239995,6.831360577206436,1.2602344668359993,1.5509068529031547
rolling_validation,damped_trend_exponential_smoothing,HOBBIES_1_003_TX_2,24,23.0,24.87942948907699,18.288311685220172,19.950218713077625,1.87942948907699,79.51439863139205,8.171432561204304,0.7620129868841738,0.9117341240980843
rolling_validation,damped_trend_exponential_smoothing,HOBBIES_1_003_TX_3,24,34.0,50.47719125404891,38.111063048341734,89.63688480074003,16.477191254048915,112.09136190688744,48.46232721779092,1.5879609603475722,1.932581227278904
rolling_validation,damped_trend_exponential_smoothing,HOBBIES_1_003_WI_1,24,24.0,25.82579135402199,22.432818570531804,30.3212779013406,1.8257913540219908,93.47007737721586,7.607463975091629,0.9347007737721585,1.1240047060499903
rolling_validation,damped_trend_exponential_smoothing,HOBBIES_1_003_WI_2,24,17.0,20.42728377797079,18.80709579620829,21.68024225789874,3.4272837779707905,110.62997527181349,20.160492811592885,0.7836289915086788,0.9504438054995401
rolling_validation,damped_trend_exponential_smoothing,HOBBIES_1_003_WI_3,24,17.0,11.120461192074371,16.860202804972612,36.108294354941755,-5.879538807925629,99.17766355866242,-34.58552239956252,0.7025084502071922,1.2265856124988748
rolling_validation,damped_trend_exponential_smoothing,HOBBIES_1_004_CA_1,24,308.0,317.251255862889,108.89191335480308,655.9796492878501,9.25125586288901,35.35451732298801,3.0036545009379902,4.537163056450129,5.228047951864419
rolling_validation,damped_trend_exponential_smoothing,HOBBIES_1_004_CA_2,24,537.0,605.7206816018981,177.5650891577368,1700.9013765420514,68.7206816018981,33.06612461037929,12.797147411899088,7.398545381572366,8.418485059038362
rolling_validation,damped_trend_exponential_smoothing,HOBBIES_1_004_CA_3,24,1036.0,1044.5765510175959,115.7681155952283,999.7149242870648,8.57655101759589,11.174528532357945,0.8278524148258581,4.823671483134512,6.454052100189542
rolling_validation,damped_trend_exponential_smoothing,HOBBIES_1_004_CA_4,24,84.0,78.21643421085699,67.55269829354143,274.28628111471517,-5.783565789143014,80.41987892088265,-6.885197368027399,2.8146957622308926,3.3806205120430874
rolling_validation,damped_trend_exponential_smoothing,HOBBIES_1_004_TX_1,24,125.0,166.38267105866652,84.17485814402217,431.679266162389,41.38267105866651,67.33988651521773,33.10613684693321,3.5072857560009236,4.241065442798488
rolling_validation,damped_trend_exponential_smoothing,HOBBIES_1_004_TX_2,24,49.0,0.0,49.0,415.0,-49.0,100.0,-100.0,2.0416666666666665,4.15832498329155
rolling_validation,damped_trend_exponential_smoothing,HOBBIES_1_004_TX_3,24,208.0,169.06807854678607,105.37317126589937,583.4244768007073,-38.93192145321392,50.660178493220855,-18.717269929429765,4.3905488027458075,4.9304516223191435
rolling_validation,damped_trend_exponential_smoothing,HOBBIES_1_004_WI_1,24,56.0,75.18944918381239,31.93208567604871,64.25846152969382,19.18944918381239,57.0215815643727,34.26687354252213,1.3305035698353629,1.636287229391764
rolling_validation,damped_trend_exponential_smoothing,HOBBIES_1_004_WI_2,24,62.0,41.35517379637589,35.07582911161879,97.49526829162284,-20.644826203624117,56.57391792196579,-33.2981067800389,1.461492879650783,2.015515528465183
rolling_validation,damped_trend_exponential_smoothing,HOBBIES_1_004_WI_3,24,360.0,333.87992317542364,98.46448065710202,525.6746649208234,-26.120076824576344,27.351244626972782,-7.2555768957156515,4.102686694045917,4.680075965021042
rolling_validation,damped_trend_exponential_smoothing,HOBBIES_1_005_CA_1,24,201.0,215.95978315497285,79.37788400457325,390.1451398752393,14.959783154972854,39.49148457938968,7.442678186553659,3.307411833523885,4.031878903786874
rolling_validation,damped_trend_exponential_smoothing,HOBBIES_1_005_CA_2,24,265.0,261.2852320468885,86.80212926329119,484.54546261317796,-3.714767953111533,32.755520476713656,-1.4017992275892577,3.616755385970466,4.4932609845800275
rolling_validation,damped_trend_exponential_smoothing,HOBBIES_1_005_CA_3,24,303.0,305.64504616751924,67.31953378570147,266.12294345694494,2.64504616751924,22.21766791607309,0.8729525305344026,2.8049805744042278,3.3299333292684263
rolling_validation,damped_trend_exponential_smoothing,HOBBIES_1_005_CA_4,24,319.0,312.49160307127926,79.01358655111125,382.7970354287178,-6.508396928720767,24.769149389063084,-2.040249820915601,3.2922327729629686,3.9937296448553665
rolling_validation,damped_trend_exponential_smoothing,HOBBIES_1_005_TX_1,24,99.0,84.60190404591525,48.79429612800604,163.20617129527554,-14.398095954084752,49.287167806066705,-14.543531266752275,2.0330956720002518,2.607730265442181
rolling_validation,damped_trend_exponential_smoothing,HOBBIES_1_005_TX_2,24,133.0,138.16260977533474,48.92920948354271,159.49091273823,5.162609775334744,36.78887931093436,3.881661485214093,2.0387170618142796,2.577877944633192
rolling_validation,damped_trend_exponential_smoothing,HOBBIES_1_005_TX_3,24,113.0,132.68154365634828,44.23255594558991,130.8186879152681,19.681543656348282,39.14385481910611,17.417295271104674,1.8430231643995796,2.3346902713499644
rolling_validation,damped_trend_exponential_smoothing,HOBBIES_1_005_WI_1,24,146.0,130.674082462741,53.5518446593841,228.58072407294773,-15.325917537258993,36.6793456571124,-10.497203792643147,2.231326860807671,3.0861297504111556
rolling_validation,damped_trend_exponential_smoothing,HOBBIES_1_005_WI_2,24,99.0,71.33168367704462,54.57079763099503,197.10972384680986,-27.668316322955373,55.12201780908589,-27.947794265611485,2.273783234624793,2.865816665504572
rolling_validation,damped_trend_exponential_smoothing,HOBBIES_1_005_WI_3,24,102.0,69.95075126419911,55.68664563550713,196.7346954233726,-32.049248735800894,54.59475062304621,-31.420832093922446,2.3202769014794637,2.863089061830571
rolling_validation,damped_trend_exponential_smoothing,HOBBIES_1_006_CA_1,24,87.0,30.39579970208724,86.47301696355692,516.1926278979403,-56.60420029791276,99.3942723719045,-65.06229919300317,3.603042373481538,4.6376746503408555
rolling_validation,damped_trend_exponential_smoothing,HOBBIES_1_006_CA_2,24,113.0,126.58849609164703,67.72430506328789,297.0187446683728,13.588496091647029,59.933013330343265,12.02521778021861,2.821846044303662,3.5179228285806476
rolling_validation,damped_trend_exponential_smoothing,HOBBIES_1_006_CA_3,24,179.0,186.05403028973083,58.35661416107917,223.87392158779767,7.054030289730831,32.601460425183895,3.9407990445423637,2.4315255900449655,3.0541905746299194
rolling_validation,damped_trend_exponential_smoothing,HOBBIES_1_006_CA_4,24,0.0,0.0,0.0,0.0,0.0,,,0.0,0.0
rolling_validation,damped_trend_exponential_smoothing,HOBBIES_1_006_TX_1,24,71.0,87.82861018612803,41.50911324655237,96.69356173824148,16.828610186128024,58.46353978387657,23.70226786778595,1.7295463852730153,2.007211599647646
rolling_validation,damped_trend_exponential_smoothing,HOBBIES_1_006_TX_2,24,34.0,32.5303589493993,38.99635027423912,110.62429658020636,-1.4696410506006963,114.69514786540917,-4.322473678237342,1.6248479280932966,2.14693867887323
rolling_validation,damped_trend_exponential_smoothing,HOBBIES_1_006_TX_3,24,41.0,41.735256132676575,34.22114081686461,66.90461600399104,0.7352561326765739,83.46619711430392,1.7933076406745703,1.4258808673693588,1.6696383840519557
rolling_validation,damped_trend_exponential_smoothing,HOBBIES_1_006_WI_1,24,396.0,397.4514525755823,95.91917718972856,695.3124673822389,1.4514525755823193,24.222014441850646,0.36652842817735337,3.9966323829053567,5.382504324902423
rolling_validation,damped_trend_exponential_smoothing,HOBBIES_1_006_WI_2,24,120.0,86.22589994502454,67.30576264251495,320.0815904899359,-33.77410005497546,56.08813553542913,-28.145083379146218,2.8044067767714562,3.651949196946839
rolling_validation,damped_trend_exponential_smoothing,HOBBIES_1_006_WI_3,24,40.0,6.340639342214604,46.22081816401764,277.3583472141593,-33.6593606577854,115.55204541004412,-84.1484016444635,1.9258674235007351,3.3994996397396444
rolling_validation,damped_trend_exponential_smoothing,HOBBIES_1_007_CA_1,24,50.0,37.95466212274482,33.45611619712951,83.0077738643971,-12.045337877255182,66.91223239425902,-24.090675754510364,1.394004841547063,1.8597465537943279
rolling_validation,damped_trend_exponential_smoothing,HOBBIES_1_007_CA_2,24,33.0,24.60124145687188,18.58039499157378,27.66201363178207,-8.398758543128121,56.304227247193275,-25.450783464024607,0.7741831246489075,1.0735846037105101
rolling_validation,damped_trend_exponential_smoothing,HOBBIES_1_007_CA_3,24,39.0,45.874121258876194,21.305271878456153,33.60564243949167,6.874121258876197,54.628902252451674,17.625951945836402,0.8877196616023397,1.183315301027366
rolling_validation,damped_trend_exponential_smoothing,HOBBIES_1_007_CA_4,24,63.0,52.68860941074122,27.073801905109033,45.19177291083543,-10.311390589258782,42.97428873826831,-16.367286649617114,1.128075079379543,1.372221023724486
rolling_validation,damped_trend_exponential_smoothing,HOBBIES_1_007_TX_1,24,37.0,28.37172050056245,24.484611878432617,41.01394092279894,-8.62827949943755,66.17462669846653,-23.31967432280419,1.020192161601359,1.3072544530873178
rolling_validation,damped_trend_exponential_smoothing,HOBBIES_1_007_TX_2,24,23.0,27.439703486082603,21.921330920103866,27.36318860247691,4.439703486082602,95.3101344352342,19.30305863514175,0.9133887883376611,1.0677700400538208
rolling_validation,damped_trend_exponential_smoothing,HOBBIES_1_007_TX_3,24,30.0,25.507215980017666,20.42885032192661,27.40634434025636,-4.492784019982334,68.09616773975536,-14.975946733274448,0.8512020967469421,1.0686117228335783
rolling_validation,damped_trend_exponential_smoothing,HOBBIES_1_007_WI_1,24,108.0,112.89728230423663,47.95616370658374,148.9022371624257,4.897282304236629,44.40385528387383,4.534520652070953,1.9981734877743225,2.4908351775594744
rolling_validation,damped_trend_exponential_smoothing,HOBBIES_1_007_WI_2,24,41.0,36.96293313375127,28.078063644202874,47.88040554403921,-4.037066866248731,68.4830820590314,-9.846504551826172,1.169919318508453,1.4124506708796243
rolling_validation,damped_trend_exponential_smoothing,HOBBIES_1_007_WI_3,24,29.0,31.99973360393119,19.670754452427058,22.33860941231991,2.999733603931191,67.83018776698985,10.343908979073072,0.8196147688511274,0.9647670144547834
rolling_validation,damped_trend_exponential_smoothing,HOBBIES_1_008_CA_1,24,1999.0,1790.284891965557,761.3526876892968,35402.20572862268,-208.7151080344429,38.0866777233265,-10.440975889666978,31.7230286537207,38.40692522656921
rolling_validation,damped_trend_exponential_smoothing,HOBBIES_1_008_CA_2,24,685.0,723.2748423873126,341.1576206778497,6568.133003523986,38.27484238731256,49.804032215744485,5.587568231724462,14.214900861577071,16.543041089236468
rolling_validation,damped_trend_exponential_smoothing,HOBBIES_1_008_CA_3,24,1420.0,1265.7901758558357,299.88222035999195,7236.502758678537,-154.20982414416423,21.118466222534643,-10.85984677071579,12.495092514999664,17.36435856224676
rolling_validation,damped_trend_exponential_smoothing,HOBBIES_1_008_CA_4,24,942.0,903.1451513271677,310.1930388430746,6942.634326687603,-38.854848672832254,32.92919732941344,-4.124718542763509,12.924709951794775,17.00812835907144
rolling_validation,damped_trend_exponential_smoothing,HOBBIES_1_008_TX_1,24,149.0,278.069498473899,206.2992589200839,2624.315210733164,129.06949847389902,138.45587846985495,86.62382447912685,8.595802455003495,10.456886109826472
rolling_validation,damped_trend_exponential_smoothing,HOBBIES_1_008_TX_2,24,1072.0,1407.570130715546,454.41697647746435,11435.387293346426,335.5701307155458,42.38964332812167,31.303183835405395,18.934040686561016,21.828295182081927
rolling_validation,damped_trend_exponential_smoothing,HOBBIES_1_008_TX_3,24,424.0,392.5149337740012,217.4712908447195,3155.9839024434823,-31.48506622599881,51.290398784131966,-7.425723166509153,9.061303785196646,11.467315695858312
rolling_validation,damped_trend_exponential_smoothing,HOBBIES_1_008_WI_1,24,422.0,428.60677772009655,195.59754242936106,2540.643329303272,6.606777720096568,46.35012853776328,1.5655871374636416,8.149897601223378,10.288835634850509
rolling_validation,damped_trend_exponential_smoothing,HOBBIES_1_008_WI_2,24,388.0,416.8493952925095,141.3638823304016,1571.9688835872234,28.849395292509513,36.43399029134062,7.435411157863276,5.890161763766733,8.09312692862289
rolling_validation,damped_trend_exponential_smoothing,HOBBIES_1_008_WI_3,24,241.0,236.1430869340217,127.51517838715765,1348.689856148421,-4.85691306597829,52.91086240131023,-2.0153166248872574,5.313132432798235,7.49635982813331
rolling_validation,damped_trend_exponential_smoothing,HOBBIES_1_009_CA_1,24,7.0,20.985666154172343,26.4518375000958,38.12239613063266,13.985666154172344,377.8833928585114,199.79523077389064,1.1021598958373249,1.2603305804866016
rolling_validation,damped_trend_exponential_smoothing,HOBBIES_1_009_CA_2,24,97.0,81.88592563677142,63.21139516382843,242.82769612330608,-15.114074363228575,65.16638676683343,-15.581519962091313,2.6338081318261843,3.1808521927000033
rolling_validation,damped_trend_exponential_smoothing,HOBBIES_1_009_CA_3,24,220.0,246.04467821073547,90.75270951741041,487.0940095502485,26.044678210735462,41.25123159882291,11.838490095788847,3.781362896558767,4.50506201192174
rolling_validation,damped_trend_exponential_smoothing,HOBBIES_1_009_CA_4,24,430.0,328.6969208275891,147.45402748439864,1597.217542243972,-101.30307917241092,34.29163429869736,-23.558855621490913,6.143917811849943,8.157863134843105
rolling_validation,damped_trend_exponential_smoothing,HOBBIES_1_009_TX_1,24,120.0,106.90518637174502,73.06219086768331,316.4009561516964,-13.094813628254986,60.88515905640276,-10.912344690212489,3.044257952820138,3.6308915121478567
rolling_validation,damped_trend_exponential_smoothing,HOBBIES_1_009_TX_2,24,64.0,53.875476549133076,63.45808394199238,224.29968694099085,-10.124523450866924,99.1532561593631,-15.819567891979569,2.644086830916349,3.0570934380891845
rolling_validation,damped_trend_exponential_smoothing,HOBBIES_1_009_TX_3,24,84.0,61.5715055302462,56.55344971084632,191.47747600645644,-22.4284944697538,67.32553537005515,-26.70058865446881,2.35639373795193,2.8245757499022193
rolling_validation,damped_trend_exponential_smoothing,HOBBIES_1_009_WI_1,24,121.0,131.9313758405013,67.46953931113703,295.9906668822365,10.931375840501286,55.7599498439149,9.034194909505194,2.8112308046307093,3.511829217576863
rolling_validation,damped_trend_exponential_smoothing,HOBBIES_1_009_WI_2,24,33.0,30.775449581562093,18.10047342794257,21.683640178842694,-2.224550418437909,54.84991947861385,-6.74106187405427,0.7541863928309405,0.9505182835967854
rolling_validation,damped_trend_exponential_smoothing,HOBBIES_1_009_WI_3,24,37.0,49.2212549453704,35.909172593632384,73.03623866414905,12.221254945370395,97.05181782062806,33.03041877127134,1.4962155247346827,1.744470295249022
rolling_validation,damped_trend_exponential_smoothing,HOBBIES_1_010_CA_1,24,108.0,99.98730708112461,38.73040994470604,89.59258924620818,-8.01269291887538,35.86149068954263,-7.4191601100697975,1.6137670810294182,1.9321036597256733
rolling_validation,damped_trend_exponential_smoothing,HOBBIES_1_010_CA_2,24,51.0,96.01559803661665,58.32326820933966,220.3407914615706,45.01559803661666,114.35934943007777,88.26587850316992,2.4301361753891526,3.0299944407372723
rolling_validation,damped_trend_exponential_smoothing,HOBBIES_1_010_CA_3,24,129.0,124.31801149377056,50.13177495763032,154.8560985565884,-4.6819885062294455,38.861841052426605,-3.6294484544414307,2.08882395656793,2.5401451611783625
rolling_validation,damped_trend_exponential_smoothing,HOBBIES_1_010_CA_4,24,28.0,30.449787021937603,21.54503647441336,25.63671977222061,2.4497870219376026,76.94655883719058,8.749239364062866,0.8977098531005567,1.033535997039222
rolling_validation,damped_trend_exponential_smoothing,HOBBIES_1_010_TX_1,24,88.0,81.23477705080765,35.50682023955273,70.78138136721877,-6.765222949192351,40.34865936312811,-7.687753351354944,1.4794508433146971,1.7173305516510546
rolling_validation,damped_trend_exponential_smoothing,HOBBIES_1_010_TX_2,24,123.0,164.03804500855534,50.223036033698165,175.39753581348728,41.038045008555336,40.83173661276274,33.36426423459783,2.0926265014040903,2.7033739398935
rolling_validation,damped_trend_exponential_smoothing,HOBBIES_1_010_TX_3,24,92.0,74.7928842943306,42.637400787565944,116.4856769840903,-17.207115705669402,46.34500085604994,-18.703386636597177,1.776558366148581,2.2030819036833598
rolling_validation,damped_trend_exponential_smoothing,HOBBIES_1_010_WI_1,24,85.0,89.99871429899164,38.56588201604159,79.26706225083248,4.998714298991645,45.37162590122541,5.880840351754877,1.6069117506683996,1.817359144597279
rolling_validation,damped_trend_exponential_smoothing,HOBBIES_1_010_WI_2,24,65.0,62.46541999752522,37.3277910812862,86.66027840548668,-2.5345800024747867,57.42737089428647,-3.8993538499612104,1.555324628386925,1.9002223379283658
rolling_validation,damped_trend_exponential_smoothing,HOBBIES_1_010_WI_3,24,58.0,71.43230674444612,46.370378810785844,151.29546643643096,13.432306744446116,79.94892898411352,23.159149559389856,1.9320991171160768,2.510772344953764
rolling_validation,damped_trend_exponential_smoothing,HOUSEHOLD_1_001_CA_1,24,167.0,148.12181723451948,88.81623105076368,477.95804964223197,-18.87818276548053,53.18337188668484,-11.304301057173971,3.70067629378182,4.462613442265978
rolling_validation,damped_trend_exponential_smoothing,HOUSEHOLD_1_001_CA_2,24,13.0,8.019155261770738e-09,13.000000008019155,61.0,-12.999999991980845,100.00000006168581,-99.99999993831419,0.5416666670007981,1.5942605391424158
rolling_validation,damped_trend_exponential_smoothing,HOUSEHOLD_1_001_CA_3,24,8.0,2.9245015506765233,9.742899962945797,17.998857609712,-5.075498449323477,121.78624953682247,-63.44373061654346,0.4059541651227416,0.8659979217092075
rolling_validation,damped_trend_exponential_smoothing,HOUSEHOLD_1_001_CA_4,24,97.0,114.84908655404574,38.042566338967966,93.22680037966076,17.84908655404574,39.219140555637075,18.40112015881004,1.5851069307903318,1.9709008132879742
rolling_validation,damped_trend_exponential_smoothing,HOUSEHOLD_1_001_TX_1,24,65.0,63.643466942616456,33.591530799467904,66.83773131674326,-1.3565330573835404,51.67927815302754,-2.086973934436216,1.399647116644496,1.6688036048411956
rolling_validation,damped_trend_exponential_smoothing,HOUSEHOLD_1_001_TX_2,24,47.0,71.52736366879603,44.405599258507245,117.78742383091397,24.527363668796028,94.47999842235583,52.18588014637453,1.850233302437802,2.2153576068635243
rolling_validation,damped_trend_exponential_smoothing,HOUSEHOLD_1_001_TX_3,24,5.0,0.0007891297137355572,5.000728791672466,12.999849128240118,-4.999210870286264,100.01457583344933,-99.98421740572529,0.2083636996530194,0.7359758014658758
rolling_validation,damped_trend_exponential_smoothing,HOUSEHOLD_1_001_WI_1,24,226.0,271.8549827840125,64.48305830756728,319.14421447587466,45.85498278401249,28.532326684764282,20.28981539115597,2.6867940961486365,3.6465978120929985
rolling_validation,damped_trend_exponential_smoothing,HOUSEHOLD_1_001_WI_2,24,29.0,41.78152543240439,31.78666119902239,67.67233417614601,12.781525432404392,109.60917654835308,44.07422562898066,1.324444216625933,1.6791904569383278
rolling_validation,damped_trend_exponential_smoothing,HOUSEHOLD_1_001_WI_3,24,61.0,40.73645195455876,41.826915650187885,105.1194905724289,-20.263548045441244,68.56871418063588,-33.218931222034826,1.742788152091162,2.0928398825163868
rolling_validation,damped_trend_exponential_smoothing,HOUSEHOLD_1_002_CA_1,24,27.0,48.18690241680809,47.577403148051374,154.45163042817552,21.18690241680809,176.21260425204213,78.47000895114107,1.982391797835474,2.536825693888719
rolling_validation,damped_trend_exponential_smoothing,HOUSEHOLD_1_002_CA_2,24,139.0,132.3607954245402,114.94952647935112,773.0554843550489,-6.639204575459798,82.69750106428138,-4.776406169395538,4.789563603306297,5.675442289501354
rolling_validation,damped_trend_exponential_smoothing,HOUSEHOLD_1_002_CA_3,24,175.0,186.88454357392297,52.06045493245012,190.62678918689338,11.884543573922969,29.748831389971496,6.791167756527411,2.1691856221854215,2.8182943215333673
rolling_validation,damped_trend_exponential_smoothing,HOUSEHOLD_1_002_CA_4,24,151.0,129.28710893374318,43.31510440556733,118.01031040539335,-21.712891066256823,28.68549960633598,-14.379398057123725,1.8047960168986388,2.2174526526831166
rolling_validation,damped_trend_exponential_smoothing,HOUSEHOLD_1_002_TX_1,24,73.0,65.54379849779856,28.89063546909552,54.5319658419438,-7.456201502201435,39.57621297136373,-10.213974660549912,1.2037764778789801,1.5073703073280715
rolling_validation,damped_trend_exponential_smoothing,HOUSEHOLD_1_002_TX_2,24,93.0,89.82857775586857,63.16097631396151,250.43061200339594,-3.1714222441314366,67.91502829458227,-3.41013144530262,2.631707346415063,3.230264514474756
rolling_validation,damped_trend_exponential_smoothing,HOUSEHOLD_1_002_TX_3,24,53.0,48.06600378110729,37.58809349197236,90.21508702510741,-4.933996218892707,70.92093111692897,-9.309426828099447,1.5661705621655149,1.9388042602025288
rolling_validation,damped_trend_exponential_smoothing,HOUSEHOLD_1_002_WI_1,24,306.0,260.52108410459954,114.63421408152067,817.975872100975,-45.47891589540044,37.46216146454924,-14.86239081549034,4.776425586730028,5.838007194600507
rolling_validation,damped_trend_exponential_smoothing,HOUSEHOLD_1_002_WI_2,24,77.0,84.7555804033879,46.821147012868046,145.88547298340583,7.755580403387889,60.806684432296166,10.072182342062193,1.9508811255361687,2.4654738640489735
rolling_validation,damped_trend_exponential_smoothing,HOUSEHOLD_1_002_WI_3,24,38.0,53.40826417807086,25.668803776052044,37.88567218833268,15.408264178070858,67.5494836211896,40.548063626502255,1.0695334906688352,1.2564114272458133
rolling_validation,damped_trend_exponential_smoothing,HOUSEHOLD_1_003_CA_1,24,144.0,176.41083345740896,58.108664547360775,236.2997274326854,32.410833457408955,40.35323926900054,22.507523234311773,2.4211943561400324,3.137805280185801
rolling_validation,damped_trend_exponential_smoothing,HOUSEHOLD_1_003_CA_2,24,238.0,248.73431882142148,45.887258270227704,141.01665818493467,10.734318821421493,19.280360617742733,4.510217992193905,1.911969094592821,2.4239831045283595
rolling_validation,damped_trend_exponential_smoothing,HOUSEHOLD_1_003_CA_3,24,424.0,446.26591035972774,132.82198253286583,1254.590888106302,22.26591035972776,31.3259392766193,5.251393952765981,5.534249272202743,7.230118971203902
rolling_validation,damped_trend_exponential_smoothing,HOUSEHOLD_1_003_CA_4,24,155.0,167.96294455470562,82.75255399377157,425.33780265781104,12.962944554705619,53.388744512110684,8.363190035293949,3.4480230830738154,4.209799097828239
rolling_validation,damped_trend_exponential_smoothing,HOUSEHOLD_1_003_TX_1,24,51.0,65.80763462800083,28.46440320302399,46.60848740216433,14.807634628000827,55.81255530004704,29.034577701962405,1.1860168001259996,1.39356388745673
rolling_validation,damped_trend_exponential_smoothing,HOUSEHOLD_1_003_TX_2,24,78.0,96.14834758583967,34.37916089822806,75.78666369035571,18.148347585839677,44.07584730542059,23.267112289538048,1.4324650374261692,1.7770136898079376
rolling_validation,damped_trend_exponential_smoothing,HOUSEHOLD_1_003_TX_3,24,55.0,95.37320591699326,44.28438819782486,131.60545592987214,40.37320591699325,80.51706945059065,73.40582893998773,1.8451828415760358,2.3417003787300956
rolling_validation,damped_trend_exponential_smoothing,HOUSEHOLD_1_003_WI_1,24,234.0,214.9285157158623,109.90514252861237,855.9857754680602,-19.071484284137696,46.968009627612126,-8.150206959033204,4.579380938692182,5.972108001186503
rolling_validation,damped_trend_exponential_smoothing,HOUSEHOLD_1_003_WI_2,24,217.0,262.2551978322249,133.5188223477556,1188.091710987719,45.255197832224894,61.529411220163865,20.854929876601332,5.563284264489816,7.03589520183146
rolling_validation,damped_trend_exponential_smoothing,HOUSEHOLD_1_003_WI_3,24,71.0,58.971616361679864,42.680552356405286,116.16336311731737,-12.028383638320133,60.11345402310604,-16.941385406084695,1.7783563481835536,2.200031847471355
rolling_validation,damped_trend_exponential_smoothing,HOUSEHOLD_1_004_CA_1,24,422.0,390.0141674038065,140.48485882790732,1360.2632995564527,-31.98583259619351,33.29025090708704,-7.579581183932111,5.853535784496138,7.52845518559544
rolling_validation,damped_trend_exponential_smoothing,HOUSEHOLD_1_004_CA_2,24,513.0,495.15951618266257,248.93142829456917,3651.604009238813,-17.840483817337454,48.52464489172888,-3.477677157375722,10.37214284560705,12.33491658065093
rolling_validation,damped_trend_exponential_smoothing,HOUSEHOLD_1_004_CA_3,24,1823.0,1709.0350514162205,440.8901499657512,13844.46351051976,-113.96494858377955,24.184868346996776,-6.251505682050442,18.370422915239633,24.01775689509028
rolling_validation,damped_trend_exponential_smoothing,HOUSEHOLD_1_004_CA_4,24,169.0,140.42039373105305,103.20746926090341,671.2376290984707,-28.579606268946932,61.069508438404384,-16.91100962659582,4.300311219204309,5.288500217052999
rolling_validation,damped_trend_exponential_smoothing,HOUSEHOLD_1_004_TX_1,24,162.0,93.31619717601615,105.97138905313864,817.4948331751665,-68.68380282398385,65.41443768712261,-42.39740915060732,4.4154745438807765,5.8362903213969695
rolling_validation,damped_trend_exponential_smoothing,HOUSEHOLD_1_004_TX_2,24,295.0,319.44799200369755,87.13643441282176,387.46460407235867,24.447992003697557,29.537774377227716,8.287454916507645,3.6306847672009064,4.018004293553573
rolling_validation,damped_trend_exponential_smoothing,HOUSEHOLD_1_004_TX_3,24,400.0,341.1413379073673,171.92523721230592,1686.2167489680205,-58.85866209263269,42.98130930307648,-14.714665523158175,7.1635515505127465,8.382066046447072
rolling_validation,damped_trend_exponential_smoothing,HOUSEHOLD_1_004_WI_1,24,259.0,232.54274765348086,97.28263811629222,610.6510280048664,-26.457252346519127,37.560864137564565,-10.21515534614638,4.053443254845509,5.044184060235718
rolling_validation,damped_trend_exponential_smoothing,HOUSEHOLD_1_004_WI_2,24,875.0,751.6843135578315,296.00156386484986,5433.542869518112,-123.31568644216854,33.82875015598284,-14.093221307676403,12.333398494368744,15.046515196657818
rolling_validation,damped_trend_exponential_smoothing,HOUSEHOLD_1_004_WI_3,24,497.0,298.07663412369584,288.01360326860714,5762.32553396941,-198.9233658763042,57.950423192878695,-40.024822107908285,12.00056680285863,15.49506041449098
rolling_validation,damped_trend_exponential_smoothing,HOUSEHOLD_1_005_CA_1,24,250.0,306.55029833143703,109.3704684404545,884.9203373623681,56.550298331437034,43.748187376181804,22.620119332574813,4.557102851685604,6.07220558968749
rolling_validation,damped_trend_exponential_smoothing,HOUSEHOLD_1_005_CA_2,24,353.0,374.2681122875098,159.5587540423648,1739.6494807035394,21.26811228750981,45.20078018197303,6.0249609879631185,6.648281418431867,8.513835506357529
rolling_validation,damped_trend_exponential_smoothing,HOUSEHOLD_1_005_CA_3,24,35.0,0.00012706659400376299,35.00012706170979,634.9999999592565,-34.999872933405996,100.00036303345654,-99.99963695258856,1.4583386275712413,5.1437664538386345
rolling_validation,damped_trend_exponential_smoothing,HOUSEHOLD_1_005_CA_4,24,115.0,95.46360472955115,48.34155366682062,151.2587675628731,-19.53639527044885,42.03613362332228,-16.988169800390303,2.0142314027841928,2.51046781466185
rolling_validation,damped_trend_exponential_smoothing,HOUSEHOLD_1_005_TX_1,24,143.0,148.59926288572748,80.80882584526677,401.6084221499618,5.59926288572748,56.50966842326347,3.9155684515576787,3.3670344102194485,4.090682614949296
rolling_validation,damped_trend_exponential_smoothing,HOUSEHOLD_1_005_TX_2,24,334.0,408.95018232009636,202.32868185306424,2600.110839509061,74.95018232009639,60.57744965660606,22.44017434733425,8.430361743877677,10.408551851540677
rolling_validation,damped_trend_exponential_smoothing,HOUSEHOLD_1_005_TX_3,24,133.0,149.31309091526478,112.96694862648494,740.8595684466883,16.313090915264794,84.93755535825936,12.265481891176536,4.706956192770206,5.556001141583637
rolling_validation,damped_trend_exponential_smoothing,HOUSEHOLD_1_005_WI_1,24,171.0,187.76988787737636,101.23224500168233,726.2512787071089,16.76988787737637,59.200143275837625,9.8069519750739,4.21801020840343,5.5009517309397955
rolling_validation,damped_trend_exponential_smoothing,HOUSEHOLD_1_005_WI_2,24,141.0,117.36955351312866,89.03766794319051,529.5047369581071,-23.630446486871335,63.14728222921313,-16.75918190558251,3.7099028309662714,4.697094567203695
rolling_validation,damped_trend_exponential_smoothing,HOUSEHOLD_1_005_WI_3,24,433.0,465.446553742604,211.30024289329586,2385.784571487361,32.44655374260401,48.79913230792052,7.493430425543651,8.80417678722066,9.970340539752895
rolling_validation,damped_trend_exponential_smoothing,HOUSEHOLD_1_006_CA_1,24,281.0,317.02451817445944,73.73980683652181,319.7690888543075,36.02451817445945,26.24192414111096,12.820113229345,3.072491951521742,3.650166028497354
rolling_validation,damped_trend_exponential_smoothing,HOUSEHOLD_1_006_CA_2,24,224.0,238.92098570927183,103.25977828422171,629.9185470230357,14.920985709271827,46.09811530545612,6.661154334496351,4.302490761842571,5.123144164081255
rolling_validation,damped_trend_exponential_smoothing,HOUSEHOLD_1_006_CA_3,24,234.0,223.93560436393545,85.61583783928263,544.4735329329507,-10.064395636064535,36.58796488858232,-4.301023776095955,3.5673265766367765,4.7630239560115175
rolling_validation,damped_trend_exponential_smoothing,HOUSEHOLD_1_006_CA_4,24,109.0,108.92846785564177,55.05186229178467,182.3667782544528,-0.07153214435823685,50.5062956805364,-0.0656258205121439,2.293827595491028,2.7565586807833786
rolling_validation,damped_trend_exponential_smoothing,HOUSEHOLD_1_006_TX_1,24,168.0,153.54001540380685,58.786478245930944,217.97268471597428,-14.459984596193152,34.99195133686366,-8.60713368821021,2.449436593580456,3.0136680634235296
rolling_validation,damped_trend_exponential_smoothing,HOUSEHOLD_1_006_TX_2,24,190.0,178.5385028057341,58.42928781647258,229.40447839857384,-11.461497194265888,30.752256745511886,-6.032366944350468,2.434553659019691,3.0916856135891164
rolling_validation,damped_trend_exponential_smoothing,HOUSEHOLD_1_006_TX_3,24,182.0,195.60999928090297,62.41571493584655,260.26872022443104,13.609999280902978,34.294348865849756,7.478021582913724,2.6006547889936065,3.293103400950431
rolling_validation,damped_trend_exponential_smoothing,HOUSEHOLD_1_006_WI_1,24,89.0,83.01979345126277,30.245048618769403,51.33810546413303,-5.980206548737229,33.983200695246516,-6.719333200828347,1.2602103591153917,1.4625620423326353
rolling_validation,damped_trend_exponential_smoothing,HOUSEHOLD_1_006_WI_2,24,81.0,82.63977272625266,37.79540229717054,90.63702156955844,1.6397727262526516,46.660990490334,2.0244107731514216,1.5748084290487725,1.9433328498737081
rolling_validation,damped_trend_exponential_smoothing,HOUSEHOLD_1_006_WI_3,24,107.0,112.25413718919589,44.60354256603116,109.43246117970828,5.2541371891958875,41.68555380002912,4.9104085880335395,1.8584809402512983,2.135342099638333
rolling_validation,damped_trend_exponential_smoothing,HOUSEHOLD_1_007_CA_1,24,365.0,350.29944067934645,99.74502434081592,590.3437972106537,-14.700559320653545,27.327403928990663,-4.02755049880919,4.15604268086733,4.95960262693601
rolling_validation,damped_trend_exponential_smoothing,HOUSEHOLD_1_007_CA_2,24,268.0,257.78759284531554,71.66563388549224,282.35769270422537,-10.21240715468444,26.74090816622845,-3.8105996845837464,2.9860680785621767,3.4300005630722654
rolling_validation,damped_trend_exponential_smoothing,HOUSEHOLD_1_007_CA_3,24,286.0,254.712125478386,112.41244693163468,702.6658046461791,-31.287874521613993,39.30505137469744,-10.9398162662986,4.683851955484778,5.410891041247963
rolling_validation,damped_trend_exponential_smoothing,HOUSEHOLD_1_007_CA_4,24,171.0,158.24522120858498,68.13426369108694,297.0790184776032,-12.754778791415028,39.844598649758446,-7.458934965739782,2.8389276537952894,3.5182797553018434
rolling_validation,damped_trend_exponential_smoothing,HOUSEHOLD_1_007_TX_1,24,258.0,251.3944687399953,62.48054119072441,245.6423961619748,-6.605531260004717,24.21726402741256,-2.5602834341103557,2.6033558829468504,3.1992342583940743
rolling_validation,damped_trend_exponential_smoothing,HOUSEHOLD_1_007_TX_2,24,231.0,238.04335839874207,104.57652715339376,597.5183812362246,7.0433583987420825,45.27122387592804,3.0490728998883476,4.357355298058073,4.98964920792795
rolling_validation,damped_trend_exponential_smoothing,HOUSEHOLD_1_007_TX_3,24,121.0,119.96554392945525,108.361010946779,709.1017903810355,-1.0344560705447474,89.55455450147025,-0.8549223723510309,4.515042122782458,5.435614770432425
rolling_validation,damped_trend_exponential_smoothing,HOUSEHOLD_1_007_WI_1,24,281.0,348.50302743351267,83.85399384696832,405.0440434112778,67.50302743351267,29.84127894909905,24.02242969164152,3.4939164102903466,4.108142541604
rolling_validation,damped_trend_exponential_smoothing,HOUSEHOLD_1_007_WI_2,24,347.0,351.9165417599683,92.77301241959225,525.5304768101059,4.916541759968325,26.735738449450213,1.4168708241983645,3.865542184149677,4.679434068391292
rolling_validation,damped_trend_exponential_smoothing,HOUSEHOLD_1_007_WI_3,24,196.0,218.37644014932198,73.23520012638905,344.1650233918849,22.37644014932199,37.364898023667884,11.416551096592851,3.051466671932877,3.786846882037245
rolling_validation,damped_trend_exponential_smoothing,HOUSEHOLD_1_008_CA_1,24,71.0,76.72938490371435,34.71169698532218,79.31129962591613,5.729384903714342,48.889714063834056,8.069556202414566,1.4463207077217575,1.8178661899086996
rolling_validation,damped_trend_exponential_smoothing,HOUSEHOLD_1_008_CA_2,24,59.0,63.645477215066165,30.585788987021044,71.55994603444977,4.645477215066164,51.84032031698482,7.873690195027396,1.2744078744592102,1.7267496686266002
rolling_validation,damped_trend_exponential_smoothing,HOUSEHOLD_1_008_CA_3,24,94.0,100.20841408256835,41.68873452858622,103.09393400077339,6.208414082568359,44.34971758360236,6.60469583251953,1.737030605357759,2.0725782454145265
rolling_validation,damped_trend_exponential_smoothing,HOUSEHOLD_1_008_CA_4,24,45.0,42.37783992356706,23.937860757243193,39.01089024696257,-2.622160076432944,53.1952461272071,-5.827022392073209,0.9974108648851331,1.2749328454040656
rolling_validation,damped_trend_exponential_smoothing,HOUSEHOLD_1_008_TX_1,24,33.0,32.83098778900033,25.24514853650822,37.2707262284467,-0.16901221099966457,76.50045011063096,-0.5121582151504986,1.0518811890211759,1.246172911832575
rolling_validation,damped_trend_exponential_smoothing,HOUSEHOLD_1_008_TX_2,24,81.0,81.51373560031873,32.029299799767344,72.09581181216191,0.5137356003187299,39.54234543181154,0.6342414818749751,1.3345541583236393,1.7332028614216166
rolling_validation,damped_trend_exponential_smoothing,HOUSEHOLD_1_008_TX_3,24,57.0,53.05888579919062,32.48332306043408,67.30835455867494,-3.9411142008093827,56.98828607093699,-6.914235440016461,1.3534717941847534,1.6746685562457193
rolling_validation,damped_trend_exponential_smoothing,HOUSEHOLD_1_008_WI_1,24,39.0,51.77337637578348,28.570853404634853,47.71196292360868,12.773376375783474,73.2585984734227,32.75224711739352,1.1904522251931189,1.4099639907282604
rolling_validation,damped_trend_exponential_smoothing,HOUSEHOLD_1_008_WI_2,24,75.0,70.55926385940293,27.51214313663109,51.3311955580453,-4.440736140597068,36.68285751550812,-5.92098152079609,1.1463392973596287,1.4624636114852752
rolling_validation,damped_trend_exponential_smoothing,HOUSEHOLD_1_008_WI_3,24,36.0,33.72521130438153,27.22870056305379,43.46579375380687,-2.274788695618467,75.63527934181607,-6.318857487829074,1.1345291901272412,1.3457617693120698
rolling_validation,damped_trend_exponential_smoothing,HOUSEHOLD_1_009_CA_1,24,92.0,56.96064141716521,43.817130774971886,128.84634113927945,-35.03935858283479,47.62731605975205,-38.08625932916825,1.8257137822904952,2.3170234240227217
rolling_validation,damped_trend_exponential_smoothing,HOUSEHOLD_1_009_CA_2,24,108.0,90.99380969771897,41.630950350005655,105.8186496856181,-17.006190302281034,38.547176250005236,-15.746472502112068,1.7346229312502357,2.0997881806428524
rolling_validation,damped_trend_exponential_smoothing,HOUSEHOLD_1_009_CA_3,24,115.0,148.31792078123598,49.57396391406546,159.05376713939324,33.31792078123598,43.10779470788301,28.972105027161728,2.0655818297527273,2.5743426923148203
rolling_validation,damped_trend_exponential_smoothing,HOUSEHOLD_1_009_CA_4,24,63.0,60.57932928368499,29.04475176331846,52.17134811926657,-2.4206707163150067,46.10278057669597,-3.8423344703412807,1.2101979901382691,1.4743833190985671
rolling_validation,damped_trend_exponential_smoothing,HOUSEHOLD_1_009_TX_1,24,53.0,60.505689946845635,37.85870215368409,76.2879634510753,7.505689946845634,71.43151349751716,14.161679144991762,1.5774459230701705,1.7828811356326602
rolling_validation,damped_trend_exponential_smoothing,HOUSEHOLD_1_009_TX_2,24,99.0,77.73978978006222,61.93802293246514,243.2347613728833,-21.260210219937775,62.563659527742566,-21.474959818118965,2.5807509555193806,3.183517193902074
rolling_validation,damped_trend_exponential_smoothing,HOUSEHOLD_1_009_TX_3,24,86.0,71.3396725476942,38.739105154129774,101.1667144846027,-14.66032745230579,45.04547110945323,-17.04689238640208,1.6141293814220739,2.053114651009967
rolling_validation,damped_trend_exponential_smoothing,HOUSEHOLD_1_009_WI_1,24,34.0,36.28767402943017,19.70707805695663,21.186904219842255,2.2876740294301703,57.961994285166554,6.728453027735795,0.8211282523731929,0.9395678133199118
rolling_validation,damped_trend_exponential_smoothing,HOUSEHOLD_1_009_WI_2,24,49.0,59.792022507873774,50.37952208580636,158.81653530256196,10.792022507873774,102.81535119552319,22.024535730354643,2.099146753575265,2.5724221344108256
rolling_validation,damped_trend_exponential_smoothing,HOUSEHOLD_1_009_WI_3,24,59.0,59.66532923929105,32.987296406783294,61.953856211280375,0.6653292392910486,55.91067187590389,1.127676676764489,1.3744706836159706,1.6066769045050768
rolling_validation,damped_trend_exponential_smoothing,HOUSEHOLD_1_010_CA_1,24,174.0,185.14853126395505,83.15934066920153,538.7951699711441,11.148531263955048,47.79272452252961,6.407201875836234,3.464972527883397,4.738121858795705
rolling_validation,damped_trend_exponential_smoothing,HOUSEHOLD_1_010_CA_2,24,188.0,312.7364583379618,149.75487252037573,1188.503132114943,124.73645833796175,79.65684708530624,66.34917996700092,6.239786355015656,7.03711331712959
rolling_validation,damped_trend_exponential_smoothing,HOUSEHOLD_1_010_CA_3,24,271.0,260.5596290527387,161.51984112085051,1442.4098860394788,-10.440370947261263,59.60141738776772,-3.852535404893455,6.729993380035438,7.752445544362863
rolling_validation,damped_trend_exponential_smoothing,HOUSEHOLD_1_010_CA_4,24,70.0,92.85687113680838,65.94502093996384,262.9630652670053,22.85687113680838,94.20717277137692,32.652673052583395,2.7477092058318267,3.3101048905019943
rolling_validation,damped_trend_exponential_smoothing,HOUSEHOLD_1_010_TX_1,24,140.0,192.8731694108429,117.98425682509395,832.2594658884439,52.873169410842905,84.2744691607814,37.7665495791735,4.916010701045582,5.888758591193209
rolling_validation,damped_trend_exponential_smoothing,HOUSEHOLD_1_010_TX_2,24,255.0,273.35706561793614,199.3358135710371,2464.260978102832,18.357065617936165,78.17090728275964,7.198849261935751,8.305658898793213,10.132992685001044
rolling_validation,damped_trend_exponential_smoothing,HOUSEHOLD_1_010_TX_3,24,142.0,245.1842845369,176.05219546805492,1753.6015609623605,103.1842845369,123.98041934370066,72.66498911049295,7.335508144502288,8.547908031019345
rolling_validation,damped_trend_exponential_smoothing,HOUSEHOLD_1_010_WI_1,24,114.0,105.81049688482491,67.27025216734879,274.1145784933049,-8.189503115175087,59.00899312925332,-7.1837746624342875,2.802927173639533,3.3795622158135172
rolling_validation,damped_trend_exponential_smoothing,HOUSEHOLD_1_010_WI_2,24,138.0,118.73879558917754,83.61875793887617,655.1355612284592,-19.26120441082245,60.59330285425809,-13.95739450059598,3.4841149141198406,5.224683248885602
rolling_validation,damped_trend_exponential_smoothing,HOUSEHOLD_1_010_WI_3,24,88.0,155.0668807363951,70.2637105156114,362.8838994152427,67.0668807363951,79.84512558592203,76.21236447317625,2.9276546048171412,3.888465311100912
rolling_validation,moving_average_13_week,FOODS_1_001_CA_1,24,112.0,103.10591427633629,45.35745644425717,137.56604675507646,-8.894085723663704,40.497728968086754,-7.941147967556879,1.8898940185107154,2.394142563590325
rolling_validation,moving_average_13_week,FOODS_1_001_CA_2,24,178.0,164.3013264042559,67.17063370597268,314.3819026069149,-13.698673595744099,37.736311070771166,-7.695884042552864,2.7987764044155283,3.619288043518336
rolling_validation,moving_average_13_week,FOODS_1_001_CA_3,24,200.0,177.46824299755653,142.8056434385533,1278.6335964104537,-22.531757002443463,71.40282171927664,-11.265878501221732,5.950235143273054,7.299068423465804
rolling_validation,moving_average_13_week,FOODS_1_001_CA_4,24,38.0,51.81271456613438,41.810503005439706,92.32599338266621,13.812714566134384,110.02763948799922,36.34924885824838,1.7421042918933212,1.9613557532850652
rolling_validation,moving_average_13_week,FOODS_1_001_TX_1,24,112.0,89.14017161307818,87.69626488297969,946.6422702289651,-22.85982838692182,78.30023650266044,-20.410561059751625,3.6540110367908203,6.2804002998381305
rolling_validation,moving_average_13_week,FOODS_1_001_TX_2,24,92.0,73.71440451977288,59.92508913612437,287.5071327157441,-18.28559548022711,65.1359664523091,-19.875647261116423,2.4968787140051822,3.46113620985306
rolling_validation,moving_average_13_week,FOODS_1_001_TX_3,24,67.0,91.58580967431776,50.17900799643906,145.52054231673029,24.58580967431776,74.89404178572995,36.69523831987725,2.0907919998516276,2.4623882573355003
rolling_validation,moving_average_13_week,FOODS_1_001_WI_1,24,65.0,68.43806055944778,38.08316072602591,104.4804157634019,3.438060559447781,58.58947804003986,5.289323937611971,1.586798363584413,2.0864684653280556
rolling_validation,moving_average_13_week,FOODS_1_001_WI_2,24,52.0,65.19273371218294,26.791882380264063,49.70230836828021,13.192733712182946,51.522850731277046,25.370641754197976,1.1163284325110026,1.4390724496511662
rolling_validation,moving_average_13_week,FOODS_1_001_WI_3,24,26.0,33.80055254532948,28.6388876630282,47.54030897172508,7.800552545329477,110.14956793472383,30.00212517434414,1.1932869859595083,1.40742538244669
rolling_validation,moving_average_13_week,FOODS_1_002_CA_1,24,65.0,69.83321013111629,34.466065562093746,75.01617543533875,4.833210131116292,53.02471624937499,7.4357078940250645,1.4360860650872393,1.7679575720227134
rolling_validation,moving_average_13_week,FOODS_1_002_CA_2,24,121.0,124.07553905892432,64.34931988788001,251.68404822818803,3.075539058924318,53.18125610568596,2.5417678172928246,2.6812216619950004,3.2383383613886254
rolling_validation,moving_average_13_week,FOODS_1_002_CA_3,24,2.0,12.601274025083578,12.601274025083578,16.65326999571022,10.601274025083578,630.0637012541789,530.0637012541789,0.5250530843784824,0.8329983492308128
rolling_validation,moving_average_13_week,FOODS_1_002_CA_4,24,37.0,40.60998036385098,36.54695523352736,94.91338140353747,3.609980363850977,98.77555468520909,9.756703686083721,1.5227898013969734,1.9886488441017922
rolling_validation,moving_average_13_week,FOODS_1_002_TX_1,24,29.0,26.451424601918358,28.225469984475428,45.37958351991885,-2.548575398081642,97.32920684301871,-8.78819102786773,1.1760612493531428,1.375069445517796
rolling_validation,moving_average_13_week,FOODS_1_002_TX_2,24,31.0,44.31531565672148,27.392388759868712,51.55563835958132,13.315315656721479,88.36254438667326,42.952631150714446,1.1413495316611963,1.4656573945898435
rolling_validation,moving_average_13_week,FOODS_1_002_TX_3,24,31.0,25.64431985270296,35.203441766661136,74.33725847808817,-5.35568014729704,113.55948956987463,-17.276387571925937,1.4668100736108807,1.7599391381295946
rolling_validation,moving_average_13_week,FOODS_1_002_WI_1,24,172.0,153.61799838723985,60.97123579461218,223.72772347487407,-18.38200161276015,35.44839290384429,-10.687210239976832,2.540468158108841,3.053193160957844
rolling_validation,moving_average_13_week,FOODS_1_002_WI_2,24,78.0,74.10999800141155,44.21928292314493,129.75230641344572,-3.8900019985884526,56.691388363006325,-4.987182049472375,1.8424701217977055,2.3251550702179498
rolling_validation,moving_average_13_week,FOODS_1_002_WI_3,24,29.0,41.819144707681055,34.754222268649855,64.65703440307232,12.819144707681055,119.84214575396501,44.20394726786571,1.4480925945270773,1.6413540447228359
rolling_validation,moving_average_13_week,FOODS_1_003_CA_1,24,125.0,126.10435153269164,68.10524749134709,304.49503991958994,1.104351532691635,54.484197993077665,0.883481226153308,2.8377186454727954,3.5619227012925077
rolling_validation,moving_average_13_week,FOODS_1_003_CA_2,24,167.0,187.5240018157904,60.895302266052575,264.7553528513155,20.5240018157904,36.464252853923696,12.289821446581078,2.537304261085524,3.3213661399296943
rolling_validation,moving_average_13_week,FOODS_1_003_CA_3,24,106.0,101.66617667081832,51.22739367198603,179.76450371022676,-4.3338233291816834,48.3277298792321,-4.088512574699702,2.134474736332751,2.736820720214019
rolling_validation,moving_average_13_week,FOODS_1_003_CA_4,24,35.0,47.61602547760366,26.817973816386402,37.69684053403156,12.616025477603658,76.62278233253258,36.0457870788676,1.1174155756827668,1.2532763816963846
rolling_validation,moving_average_13_week,FOODS_1_003_TX_1,24,32.0,36.63914845251979,32.09332321811624,68.266818590412,4.639148452519788,100.29163505661325,14.497338914124338,1.3372218007548433,1.6865499620825053
rolling_validation,moving_average_13_week,FOODS_1_003_TX_2,24,59.0,53.68384471080868,31.258595056640022,61.56137051536204,-5.3161552891913235,52.98066958752546,-9.010432693544617,1.3024414606933343,1.6015795655560643
rolling_validation,moving_average_13_week,FOODS_1_003_TX_3,24,35.0,36.48905999459104,25.54487701708123,35.4399447075786,1.4890599945910352,72.98536290594637,4.254457127402958,1.064369875711718,1.2151807942918513
rolling_validation,moving_average_13_week,FOODS_1_003_WI_1,24,190.0,170.69259137783533,64.3367423843781,238.28291316122662,-19.307408622164676,33.861443360199,-10.161794011665618,2.6806975993490876,3.150945051099925
rolling_validation,moving_average_13_week,FOODS_1_003_WI_2,24,5.0,21.550451321055494,18.39660516720934,27.020031395393897,16.550451321055494,367.9321033441868,331.0090264211099,0.7665252153003892,1.0610535525951297
rolling_validation,moving_average_13_week,FOODS_1_003_WI_3,24,35.0,33.090419034248924,28.46662992112565,51.63349527193691,-1.9095809657510732,81.3332283460733,-5.455945616431638,1.1861095800469021,1.4667636606934005
rolling_validation,moving_average_13_week,FOODS_1_004_CA_1,24,840.0,1400.7644556615883,846.2616976760888,38101.7309125344,560.7644556615883,100.74544019953437,66.75767329304622,35.26090406983703,39.84434867525883
rolling_validation,moving_average_13_week,FOODS_1_004_CA_2,24,589.0,829.7064196274152,392.86782644784074,8252.971905580176,240.70641962741527,66.7008194308728,40.86696428309258,16.36949276866003,18.54383534760741
rolling_validation,moving_average_13_week,FOODS_1_004_CA_3,24,587.0,902.0781349523306,1070.9856186500053,64962.59734898198,315.0781349523307,182.4507016439532,53.676002547245425,44.62440077708356,52.026674788428636
rolling_validation,moving_average_13_week,FOODS_1_004_CA_4,24,383.0,448.2266857140961,174.97502886617409,2066.461362069797,65.22668571409609,45.685386126938404,17.030466243889318,7.290626202757253,9.279146337509081
rolling_validation,moving_average_13_week,FOODS_1_004_TX_1,24,1099.0,1088.133359862758,442.78935267168885,11617.089138599238,-10.86664013724208,40.290204974675966,-0.9887752627153847,18.44955636132037,22.001031357074336
rolling_validation,moving_average_13_week,FOODS_1_004_TX_2,24,313.0,464.67575144322655,335.3736190756999,6381.469889459944,151.67575144322655,107.14812111044725,48.45870653138228,13.973900794820828,16.306274213550367
rolling_validation,moving_average_13_week,FOODS_1_004_TX_3,24,906.0,1173.5647613423646,406.17899584291865,10845.450414947036,267.56476134236465,44.83211874645901,29.53253436449941,16.924124826788276,21.257793095461718
rolling_validation,moving_average_13_week,FOODS_1_004_WI_1,24,713.0,972.1321225488085,697.0847944183286,26028.564768278968,259.1321225488085,97.76785335460428,36.343916206004,29.045199767430358,32.93210488279824
rolling_validation,moving_average_13_week,FOODS_1_004_WI_2,24,1590.0,1740.0181534428198,584.349234939504,20467.22570127556,150.01815344281968,36.7515242100317,9.435103990114445,24.347884789145997,29.202757932881642
rolling_validation,moving_average_13_week,FOODS_1_004_WI_3,24,993.0,1076.0060490292606,424.044335687095,14333.850028059911,83.00604902926054,42.703357068186804,8.359118734064506,17.668513986962292,24.438570972320843
rolling_validation,moving_average_13_week,FOODS_1_005_CA_1,24,263.0,234.20780393411223,124.74381248662081,1210.8612847767413,-28.792196065887772,47.43110740936152,-10.94760306687748,5.197658853609201,7.102996095477191
rolling_validation,moving_average_13_week,FOODS_1_005_CA_2,24,471.0,454.0091343439792,160.61836064649083,1444.9776653857427,-16.990865656020816,34.10156276995559,-3.6074024747390263,6.692431693603784,7.759342931228517
rolling_validation,moving_average_13_week,FOODS_1_005_CA_3,24,380.0,293.37627012824004,173.42285004857627,2152.004572625714,-86.62372987175998,45.637592118046385,-22.795718387305257,7.225952085357345,9.469258534475552
rolling_validation,moving_average_13_week,FOODS_1_005_CA_4,24,103.0,82.63648068490484,66.76435718423801,274.69994078489077,-20.363519315095168,64.81976425654176,-19.77040710203414,2.781848216009917,3.383168761093232
rolling_validation,moving_average_13_week,FOODS_1_005_TX_1,24,140.0,93.76679858425976,85.23453592843171,671.116585042639,-46.23320141574024,60.88181137745122,-33.02371529695731,3.551438997017988,5.288023358821639
rolling_validation,moving_average_13_week,FOODS_1_005_TX_2,24,149.0,191.36356933773004,94.12955312492149,494.7295655641536,42.36356933773003,63.17419672813522,28.43192573002015,3.9220647135383953,4.540234784513506
rolling_validation,moving_average_13_week,FOODS_1_005_TX_3,24,181.0,203.47349617472602,98.27990879357846,540.194946255638,22.473496174726016,54.29829215114832,12.416296229130396,4.094996199732436,4.744272627142288
rolling_validation,moving_average_13_week,FOODS_1_005_WI_1,24,282.0,237.38668557390275,151.22318170361024,1463.1059784064003,-44.61331442609723,53.62524173886888,-15.820324264573488,6.300965904317093,7.807864567233904
rolling_validation,moving_average_13_week,FOODS_1_005_WI_2,24,300.0,153.38973572628265,170.20484901904288,2657.374892308775,-146.61026427371735,56.73494967301429,-48.87008809123912,7.0918687091267865,10.522545027045451
rolling_validation,moving_average_13_week,FOODS_1_005_WI_3,24,267.0,184.64264675033613,117.48793675014724,879.0911591143654,-82.35735324966389,44.00297256559822,-30.84545065530483,4.895330697922802,6.052173022678044
rolling_validation,moving_average_13_week,FOODS_1_006_CA_1,24,254.0,262.1396398285213,109.42450533746664,798.1452159531527,8.139639828521315,43.08051391238844,3.204582609654061,4.55935438906111,5.766805932638508
rolling_validation,moving_average_13_week,FOODS_1_006_CA_2,24,138.0,203.21918977108132,94.12943674950792,463.9424339744031,65.21918977108132,68.20973677500574,47.26028244281255,3.9220598645628297,4.396695889976184
rolling_validation,moving_average_13_week,FOODS_1_006_CA_3,24,279.0,299.5312867725133,127.25537636334774,1061.525767149016,20.531286772513262,45.61124600836837,7.358884147854215,5.302307348472822,6.650581951820131
rolling_validation,moving_average_13_week,FOODS_1_006_CA_4,24,187.0,107.94877205317366,132.06250450018297,995.7109867542654,-79.05122794682634,70.62166016052565,-42.27338392878414,5.502604354174291,6.441114638121862
rolling_validation,moving_average_13_week,FOODS_1_006_TX_1,24,71.0,61.49645041871605,54.252433797942004,306.34055846467163,-9.503549581283945,76.41187858865071,-13.385281100399924,2.26051807491425,3.572700650212383
rolling_validation,moving_average_13_week,FOODS_1_006_TX_2,24,95.0,93.92917225192994,62.2096559643976,254.0714809284958,-1.0708277480700668,65.48384838357642,-1.1271871032316492,2.5920689985165666,3.253661276985358
rolling_validation,moving_average_13_week,FOODS_1_006_TX_3,24,121.0,78.46299082316895,68.8786734109037,498.14307544339806,-42.53700917683105,56.924523480085696,-35.15455303870335,2.869944725454321,4.555871099669991
rolling_validation,moving_average_13_week,FOODS_1_006_WI_1,24,266.0,259.8390596815588,97.41374400437715,628.0705940783253,-6.1609403184411775,36.62170827232224,-2.3161429768575856,4.058906000182382,5.115623919581744
rolling_validation,moving_average_13_week,FOODS_1_006_WI_2,24,173.0,175.61822604937788,156.42084654428504,1884.6606630240333,2.6182260493778724,90.41667430305493,1.5134254620681342,6.517535272678543,8.861575910976635
rolling_validation,moving_average_13_week,FOODS_1_006_WI_3,24,143.0,125.2744460533809,61.93362764009473,407.13434211763337,-17.725553946619108,43.31022911894736,-12.395492270363013,2.5805678183372804,4.1187292848120105
rolling_validation,moving_average_13_week,FOODS_1_008_CA_1,24,56.0,64.20458800889025,37.04891887968996,82.61427955885968,8.204588008890255,66.15878371373206,14.651050015875455,1.5437049533204148,1.855333298436111
rolling_validation,moving_average_13_week,FOODS_1_008_CA_2,24,56.0,62.90838683394394,39.68945835619694,99.04036299013293,6.9083868339439425,70.8740327789231,12.336405060614183,1.6537274315082058,2.031423587353346
rolling_validation,moving_average_13_week,FOODS_1_008_CA_3,24,55.0,57.883435223717655,41.17314586218704,136.19045739854772,2.8834352237176577,74.86026520397644,5.242609497668468,1.7155477442577933,2.382142395325299
rolling_validation,moving_average_13_week,FOODS_1_008_CA_4,24,64.0,79.83315614761553,43.17062823480446,118.7013463634172,15.83315614761553,67.45410661688197,24.739306480649265,1.798776176450186,2.223935572764879
rolling_validation,moving_average_13_week,FOODS_1_008_TX_1,24,17.0,14.643633151827808,18.860879093947965,23.170152232542055,-2.356366848172192,110.9463476114586,-13.860981459836424,0.7858699622478319,0.982559417892502
rolling_validation,moving_average_13_week,FOODS_1_008_TX_2,24,50.0,54.32325356421142,33.26788634334148,62.95490550987468,4.323253564211419,66.53577268668296,8.646507128422838,1.3861619309725617,1.6196052182280238
rolling_validation,moving_average_13_week,FOODS_1_008_TX_3,24,38.0,41.72178081913872,38.3578449131377,83.58568874900662,3.72178081913872,100.94169713983605,9.794160050365052,1.598243538047404,1.8662092677962483
rolling_validation,moving_average_13_week,FOODS_1_008_WI_1,24,104.0,103.17594584377557,43.19633978698713,137.50654440828308,-0.8240541562244323,41.53494210287224,-0.7923597656004157,1.7998474911244637,2.3936247304757545
rolling_validation,moving_average_13_week,FOODS_1_008_WI_2,24,47.0,44.63228666607985,35.75290047829399,116.7642114655373,-2.367713333920151,76.07000101764679,-5.037687944510959,1.489704186595583,2.2057142783530965
rolling_validation,moving_average_13_week,FOODS_1_008_WI_3,24,41.0,42.767212464712365,36.1745872557373,80.45795898309285,1.767212464712363,88.23070062374951,4.310274304176495,1.5072744689890543,1.8309601190711033
rolling_validation,moving_average_13_week,FOODS_1_009_CA_1,24,170.0,161.01716859331083,109.90260003705316,773.3931347286036,-8.982831406689169,64.6485882570901,-5.28401847452304,4.5792750015438815,5.676681596410455
rolling_validation,moving_average_13_week,FOODS_1_009_CA_2,24,216.0,189.0220052347397,167.82606834173652,1618.752841028076,-26.977994765260277,77.69725386191504,-12.489812391324202,6.992752847572355,8.212675267100028
rolling_validation,moving_average_13_week,FOODS_1_009_CA_3,24,345.0,264.54722406488844,284.31365467232416,4712.644199511975,-80.45277593511155,82.40975497748526,-23.319645198583057,11.846402278013507,14.012857488023833
rolling_validation,moving_average_13_week,FOODS_1_009_CA_4,24,83.0,71.41981621530716,53.05506742585952,191.6456743203703,-11.58018378469284,63.921767982963274,-13.952028656256434,2.210627809410813,2.8258160644343837
rolling_validation,moving_average_13_week,FOODS_1_009_TX_1,24,45.0,30.932457221995442,52.16060108026752,196.55454933949042,-14.067542778004558,115.91244684503894,-31.261206173343464,2.17335837834448,2.8617779244982366
rolling_validation,moving_average_13_week,FOODS_1_009_TX_2,24,3.0,18.66956558940239,21.66956558940239,37.461410245423664,15.669565589402389,722.3188529800797,522.3188529800797,0.9028985662250996,1.2493566718752973
rolling_validation,moving_average_13_week,FOODS_1_009_TX_3,24,55.0,57.6538434513612,47.626104933713776,140.86216547376455,2.6538434513612,86.59291806129778,4.825169911565819,1.9844210389047408,2.4226549268808775
rolling_validation,moving_average_13_week,FOODS_1_009_WI_1,24,110.0,91.75903897948206,79.6451208008384,368.80421829372017,-18.240961020517943,72.40465527348945,-16.582691836834492,3.318546700034933,3.9200564318520987
rolling_validation,moving_average_13_week,FOODS_1_009_WI_2,24,113.0,80.06030701643759,70.71359569771555,329.7083010173368,-32.9396929835624,62.578403272314645,-29.15017078191363,2.9463998207381477,3.7064600194420505
rolling_validation,moving_average_13_week,FOODS_1_009_WI_3,24,62.0,56.63490509756099,54.08511936256965,168.67479596684603,-5.365094902439011,87.23406348801556,-8.65337887490163,2.2535466401070687,2.651059504918474
rolling_validation,moving_average_13_week,FOODS_1_010_CA_1,24,40.0,43.18330199433546,36.8226899192632,77.23609590604428,3.1833019943354546,92.056724798158,7.958254985838637,1.5342787466359666,1.7939260471802747
rolling_validation,moving_average_13_week,FOODS_1_010_CA_2,24,83.0,76.22456631003848,54.584896075037,188.07266500870662,-6.775433689961515,65.76493503016506,-8.16317312043556,2.2743706697932082,2.7993501106559435
rolling_validation,moving_average_13_week,FOODS_1_010_CA_3,24,119.0,117.31121427631018,82.98416042614632,411.2903360984014,-1.6887857236898158,69.73458859340028,-1.4191476669662317,3.4576733510894297,4.139697735032522
rolling_validation,moving_average_13_week,FOODS_1_010_CA_4,24,0.0,0.7753551603703792,0.7753551603703792,0.22739396900646355,0.7753551603703792,,,0.03230646501543247,0.09733832086389536
rolling_validation,moving_average_13_week,FOODS_1_010_TX_1,24,68.0,79.91874434995074,32.640214892679026,68.51206526729342,11.918744349950748,48.00031601864563,17.527565220515807,1.360008953861626,1.6895766884451342
rolling_validation,moving_average_13_week,FOODS_1_010_TX_2,24,143.0,98.8765346597753,75.45616776764743,399.0384753138105,-44.12346534022469,52.76655088646673,-30.855570167989292,3.1440069903186427,4.0775731922401395
rolling_validation,moving_average_13_week,FOODS_1_010_TX_3,24,143.0,197.8551141498568,79.99957874333876,399.7195097508902,54.85511414985682,55.94376135897815,38.36021968521456,3.3333157809724483,4.0810512828135055
rolling_validation,moving_average_13_week,FOODS_1_010_WI_1,24,216.0,206.2537001337234,57.62236879270359,205.9913352648367,-9.746299866276589,26.677022589214626,-4.51217586401694,2.4009320330293162,2.9296710229480594
rolling_validation,moving_average_13_week,FOODS_1_010_WI_2,24,45.0,60.337398586218015,49.692057875799925,182.48930869890305,15.337398586218015,110.42679527955539,34.083107969373366,2.0705024114916637,2.7574845776155534
rolling_validation,moving_average_13_week,FOODS_1_010_WI_3,24,88.0,46.8764261987382,59.349702842686,313.0187703770904,-41.1235738012618,67.44284413941591,-46.731333865070226,2.4729042851119165,3.6114330626099247
rolling_validation,moving_average_13_week,FOODS_1_011_CA_1,24,115.0,103.08013182575725,164.0131804622815,1288.6152685980246,-11.919868174242756,142.62015692372304,-10.365102760211093,6.833882519261729,7.327503180364443
rolling_validation,moving_average_13_week,FOODS_1_011_CA_2,24,164.0,161.957059870251,245.6802349767087,3169.1636717875017,-2.042940129749013,149.80502132726141,-1.2456952010664715,10.236676457362863,11.491235195768958
rolling_validation,moving_average_13_week,FOODS_1_011_CA_3,24,127.0,153.80237793201857,138.16664629822125,1070.2463404235543,26.802377932018565,108.79263488048917,21.104234592140603,5.7569435957592185,6.6778437775713275
rolling_validation,moving_average_13_week,FOODS_1_011_CA_4,24,80.0,63.454506400770946,107.70873703921714,675.5583669725153,-16.54549359922905,134.63592129902142,-20.681866999036313,4.487864043300714,5.305493878096692
rolling_validation,moving_average_13_week,FOODS_1_011_TX_1,24,73.0,53.78743107065107,108.78743107065107,774.4884386141132,-19.212568929348933,149.02387817897406,-26.318587574450593,4.532809627943794,5.680699922449819
rolling_validation,moving_average_13_week,FOODS_1_011_TX_2,24,25.0,26.223298625772856,49.223298625772856,175.11468004103244,1.2232986257728538,196.89319450309142,4.893194503091415,2.050970776073869,2.7011932551577433
rolling_validation,moving_average_13_week,FOODS_1_011_TX_3,24,30.0,26.5381672943025,42.05145251235426,98.7318063580057,-3.461832705697498,140.1715083745142,-11.539442352324993,1.7521438546814274,2.028256705872534
rolling_validation,moving_average_13_week,FOODS_1_011_WI_1,24,60.0,75.71637174248339,109.40255504365147,677.7089505981215,15.716371742483389,182.3375917394191,26.193952904138985,4.558439793485478,5.3139319662175195
rolling_validation,moving_average_13_week,FOODS_1_011_WI_2,24,57.0,37.33170069366555,76.04534663345112,402.08150195585597,-19.668299306334447,133.412888830616,-34.5057882567271,3.1685561097271298,4.093091241937728
rolling_validation,moving_average_13_week,FOODS_1_011_WI_3,24,22.0,28.880219052090844,33.03808814134389,72.87634710296868,6.880219052090844,150.1731279151995,31.273722964049288,1.3765870058893288,1.7425597443484384
rolling_validation,moving_average_13_week,HOBBIES_1_001_CA_1,24,115.0,110.5303438755741,40.27263655183584,108.80658665604504,-4.46965612442589,35.01968395811812,-3.8866574995007737,1.67802652299316,2.1292270375268134
rolling_validation,moving_average_13_week,HOBBIES_1_001_CA_2,24,105.0,109.01083457171893,43.97106987098503,120.99489528802059,4.0108345717189255,41.87720940093813,3.8198424492561194,1.8321279112910431,2.2453182336439954
rolling_validation,moving_average_13_week,HOBBIES_1_001_CA_3,24,132.0,128.96251434301442,50.736032810268526,150.72026649542056,-3.0374856569855693,38.43638849262767,-2.3011254977163405,2.114001367094522,2.5059950327117284
rolling_validation,moving_average_13_week,HOBBIES_1_001_CA_4,24,131.0,124.05386048467825,36.673239517480425,90.11008896405009,-6.946139515321749,27.994839326320935,-5.302396576581488,1.5280516465616845,1.9376756798207366
rolling_validation,moving_average_13_week,HOBBIES_1_001_TX_1,24,39.0,35.61839186880397,23.810612643335766,32.91636521625446,-3.381608131196029,61.05285293163016,-8.670790079989818,0.9921088601389902,1.1711170809718112
rolling_validation,moving_average_13_week,HOBBIES_1_001_TX_2,24,106.0,85.65509342022193,54.998055878049975,178.69818812284967,-20.344906579778062,51.88495837551884,-19.193308094130245,2.2915856615854158,2.7286915982668454
rolling_validation,moving_average_13_week,HOBBIES_1_001_TX_3,24,104.0,100.14773538239712,37.71881988737801,83.24766996106342,-3.8522646176028887,36.26809604555578,-3.7041005938489318,1.5716174953074171,1.8624319893741916
rolling_validation,moving_average_13_week,HOBBIES_1_001_WI_1,24,76.0,62.89866556466248,40.621125964679706,110.621644008023,-13.101334435337519,53.44884995352594,-17.23859794123358,1.6925469151949877,2.1469129388498636
rolling_validation,moving_average_13_week,HOBBIES_1_001_WI_2,24,4.0,6.913035236783733,10.913035236783733,16.34546739154422,2.913035236783733,272.8258809195933,72.82588091959332,0.45470980153265556,0.8252642857378129
rolling_validation,moving_average_13_week,HOBBIES_1_001_WI_3,24,44.0,46.86877138344285,33.06316520473427,69.42143109204464,2.868771383442845,75.14355728348697,6.519934962370103,1.3776318835305945,1.7007526653911773
rolling_validation,moving_average_13_week,HOBBIES_1_002_CA_1,24,65.0,80.11307780328161,59.0101602156038,267.62436751583135,15.113077803281605,90.78486187015969,23.250888928125548,2.458756675650158,3.33931359910381
rolling_validation,moving_average_13_week,HOBBIES_1_002_CA_2,24,18.0,28.46709436238089,23.450806790198108,30.202851095267633,10.467094362380891,130.28225994554506,58.150524235449396,0.9771169495915878,1.1218075275953023
rolling_validation,moving_average_13_week,HOBBIES_1_002_CA_3,24,29.0,32.71293484973456,22.135653275218502,29.87241270390178,3.712934849734561,76.32983888006379,12.803223619774348,0.9223188864674375,1.1156540066985705
rolling_validation,moving_average_13_week,HOBBIES_1_002_CA_4,24,32.0,37.792237715661564,34.06400788968202,62.447159539223506,5.792237715661562,106.4500246552563,18.10074286144238,1.419333662070084,1.6130607492593014
rolling_validation,moving_average_13_week,HOBBIES_1_002_TX_1,24,8.0,10.768778079402505,13.722572300914972,11.054439630219084,2.7687780794025043,171.53215376143714,34.6097259925313,0.5717738458714572,0.6786763965684445
rolling_validation,moving_average_13_week,HOBBIES_1_002_TX_2,24,31.0,31.643526518599757,25.929987225527086,41.41506068357633,0.6435265185997558,83.64512008234544,2.0758919954830835,1.0804161343969618,1.3136314279440588
rolling_validation,moving_average_13_week,HOBBIES_1_002_TX_3,24,11.0,15.101616729474626,13.627621951484649,9.20255107334473,4.101616729474627,123.88747228622408,37.2874248134057,0.5678175813118603,0.6192250221494852
rolling_validation,moving_average_13_week,HOBBIES_1_002_WI_1,24,151.0,131.61694873448317,104.7696356185168,1067.7625483354489,-19.38305126551682,69.38386464802437,-12.836457791732995,4.365401484104867,6.670090417726262
rolling_validation,moving_average_13_week,HOBBIES_1_002_WI_2,24,104.0,87.84700037795929,50.838782265256874,160.52336295742688,-16.152999622040717,48.883444485823915,-15.53173040580838,2.118282594385703,2.586208316543633
rolling_validation,moving_average_13_week,HOBBIES_1_002_WI_3,24,70.0,65.10656999517369,36.68562524078335,124.10170556231648,-4.893430004826308,52.40803605826193,-6.990614292609012,1.528567718365973,2.273962268471017
rolling_validation,moving_average_13_week,HOBBIES_1_003_CA_1,24,110.0,112.20175388245553,94.08512146743092,601.7799131184524,2.201753882455538,85.53192860675539,2.0015944385959434,3.9202133944762885,5.007410812645811
rolling_validation,moving_average_13_week,HOBBIES_1_003_CA_2,24,61.0,32.52306021584787,41.16520191471372,124.78925232946087,-28.47693978415213,67.48393756510445,-46.683507842872345,1.715216746446405,2.280252657140038
rolling_validation,moving_average_13_week,HOBBIES_1_003_CA_3,24,64.0,65.70576088429554,43.08746645328318,117.71348977531878,1.7057608842955392,67.32416633325496,2.66525138171178,1.7953111022201325,2.2146622181809765
rolling_validation,moving_average_13_week,HOBBIES_1_003_CA_4,24,39.0,46.67700168055826,36.03929909855633,94.0117713404732,7.677001680558259,92.40845922706751,19.684619693739126,1.501637462439847,1.9791809263395763
rolling_validation,moving_average_13_week,HOBBIES_1_003_TX_1,24,36.0,39.203662606694934,30.203233257902518,55.302622711524144,3.2036626066949356,83.89787016084033,8.899062796374821,1.2584680524126048,1.517984171957503
rolling_validation,moving_average_13_week,HOBBIES_1_003_TX_2,24,23.0,23.32360310725627,18.69310398326901,21.107757671231028,0.3236031072562724,81.27436514464786,1.4069700315490103,0.7788793326362087,0.9378112299220773
rolling_validation,moving_average_13_week,HOBBIES_1_003_TX_3,24,34.0,48.6563096144567,31.91644317267291,67.14052833539043,14.656309614456704,93.87189168433208,43.10679298369619,1.3298517988613712,1.672579449226434
rolling_validation,moving_average_13_week,HOBBIES_1_003_WI_1,24,24.0,19.90291312444024,21.99816439057467,30.92677736929968,-4.097086875559759,91.65901829406113,-17.07119531483233,0.9165901829406112,1.1351721119375775
rolling_validation,moving_average_13_week,HOBBIES_1_003_WI_2,24,17.0,16.996630441971547,18.475522980824454,21.349764499988357,-0.0033695580284511806,108.67954694602619,-0.01982092957912459,0.7698134575343523,0.9431720526143935
rolling_validation,moving_average_13_week,HOBBIES_1_003_WI_3,24,17.0,10.913629182785186,17.925463502311814,42.93522765991237,-6.0863708172148145,105.44390295477537,-35.8021812777342,0.7468943125963255,1.3375230163115008
rolling_validation,moving_average_13_week,HOBBIES_1_004_CA_1,24,308.0,312.34526815988335,106.28079353284525,632.8223018713024,4.34526815988337,34.50675114702768,1.4108013506114836,4.428366397201885,5.134938744649664
rolling_validation,moving_average_13_week,HOBBIES_1_004_CA_2,24,537.0,562.8655817843104,165.84570172881843,1545.642167887015,25.86558178431044,30.883743338699894,4.8166818965196345,6.910237572034101,8.025070528991773
rolling_validation,moving_average_13_week,HOBBIES_1_004_CA_3,24,1036.0,1024.3005372394207,113.50919642390176,926.4000216061162,-11.69946276057933,10.956486141303259,-1.129291772256692,4.729549850995906,6.212889899254198
rolling_validation,moving_average_13_week,HOBBIES_1_004_CA_4,24,84.0,65.46197264648563,57.05618955964268,205.01516926948992,-18.53802735351437,67.92403519005082,-22.0690801827552,2.3773412316517786,2.922721115597942
rolling_validation,moving_average_13_week,HOBBIES_1_004_TX_1,24,125.0,177.33152962618408,84.72902115574485,435.2662606580738,52.33152962618408,67.78321692459588,41.86522370094726,3.5303758814893684,4.25864933917861
rolling_validation,moving_average_13_week,HOBBIES_1_004_TX_2,24,49.0,1.8296008248535731,50.82960082485357,415.61768276394974,-47.17039917514643,103.73387923439506,-96.26612076560495,2.117900034368899,4.161418441889484
rolling_validation,moving_average_13_week,HOBBIES_1_004_TX_3,24,208.0,174.14702134774694,110.0335694062943,613.2643244407627,-33.852978652253064,52.900754522256875,-16.275470505890897,4.584732058595596,5.054965893557718
rolling_validation,moving_average_13_week,HOBBIES_1_004_WI_1,24,56.0,52.31892754349263,27.008861997977885,41.581709930101866,-3.6810724565073745,48.23011071067479,-6.573343672334597,1.1253692499157453,1.316271722361146
rolling_validation,moving_average_13_week,HOBBIES_1_004_WI_2,24,62.0,41.513531258803724,32.361669812604745,95.93276980474167,-20.486468741196273,52.19624163323346,-33.042691518058504,1.348402908858531,1.999299562812996
rolling_validation,moving_average_13_week,HOBBIES_1_004_WI_3,24,360.0,327.6910403843918,104.31649421721363,600.7304883298486,-32.30895961560824,28.97680394922601,-8.97471100433562,4.346520592383901,5.00304277552608
rolling_validation,moving_average_13_week,HOBBIES_1_005_CA_1,24,201.0,216.68099794539918,77.4742429714131,380.244922959485,15.680997945399177,38.54439948826523,7.801491515123969,3.228093457142213,3.9803942589453634
rolling_validation,moving_average_13_week,HOBBIES_1_005_CA_2,24,265.0,255.57048033746912,84.04910047883314,520.9093023456367,-9.429519662530893,31.716641690125712,-3.558309306615431,3.5020458532847143,4.658814684488054
rolling_validation,moving_average_13_week,HOBBIES_1_005_CA_3,24,303.0,301.47479071466773,72.6021869587035,312.94438151242997,-1.5252092853322576,23.96111780815297,-0.503369401099755,3.0250911232793123,3.6110039088437142
rolling_validation,moving_average_13_week,HOBBIES_1_005_CA_4,24,319.0,300.36785500934934,70.82199554796466,345.3848326982958,-18.63214499065068,22.201252522872934,-5.840797802711812,2.9509164811651942,3.793551725726476
rolling_validation,moving_average_13_week,HOBBIES_1_005_TX_1,24,99.0,83.8310537614287,49.456013102637584,167.64283335205386,-15.168946238571294,49.95556879054301,-15.322167917748782,2.0606672126098995,2.64293739167911
rolling_validation,moving_average_13_week,HOBBIES_1_005_TX_2,24,133.0,139.12013322960286,56.11182125626969,200.81973160250226,6.120133229602865,42.18933929042834,4.601603932032229,2.3379925523445704,2.89266119979007
rolling_validation,moving_average_13_week,HOBBIES_1_005_TX_3,24,113.0,132.74405330996476,42.60303085238345,122.85490662779313,19.744053309964766,37.701797214498626,17.472613548641387,1.775126285515977,2.2625106503229357
rolling_validation,moving_average_13_week,HOBBIES_1_005_WI_1,24,146.0,138.29932646977016,54.35069848374633,230.9988827222873,-7.700673530229841,37.226505810785156,-5.274433924814959,2.264612436822764,3.102410908754991
rolling_validation,moving_average_13_week,HOBBIES_1_005_WI_2,24,99.0,76.95071428847167,50.55164865735148,173.89516234144995,-22.04928571152833,51.062271371062096,-22.272005769220534,2.1063186940563114,2.691771120327113
rolling_validation,moving_average_13_week,HOBBIES_1_005_WI_3,24,102.0,73.20907889283724,57.177115457687904,197.9795683328398,-28.79092110716276,56.05599554675285,-28.226393242316433,2.382379810736996,2.8721331237487915
rolling_validation,moving_average_13_week,HOBBIES_1_006_CA_1,24,87.0,44.8646668451267,85.75695225287464,471.0597123043459,-42.1353331548733,98.5712094860628,-48.4314174193946,3.5732063438697765,4.430292091124588
rolling_validation,moving_average_13_week,HOBBIES_1_006_CA_2,24,113.0,126.98148689069662,66.41986568015992,302.41174199822353,13.981486890696617,58.77864219483179,12.372997248404086,2.7674944033399966,3.5497167844668933
rolling_validation,moving_average_13_week,HOBBIES_1_006_CA_3,24,179.0,184.38252559204523,53.09167775232043,193.55757975603626,5.3825255920452255,29.660155168894093,3.006997537455433,2.212153239680018,2.8398766093796244
rolling_validation,moving_average_13_week,HOBBIES_1_006_CA_4,24,0.0,0.0,0.0,0.0,0.0,,,0.0,0.0
rolling_validation,moving_average_13_week,HOBBIES_1_006_TX_1,24,71.0,82.6766668200547,40.126789972888616,89.43202436257069,11.676666820054704,56.516605595617776,16.446009605710852,1.6719495822036923,1.9303715570947593
rolling_validation,moving_average_13_week,HOBBIES_1_006_TX_2,24,34.0,29.565239939026398,50.12229000015803,170.5801228861667,-4.434760060973602,147.4185000004648,-13.043411944040006,2.088428750006585,2.6659904576455156
rolling_validation,moving_average_13_week,HOBBIES_1_006_TX_3,24,41.0,37.16736262774637,35.50069615068475,76.26685278493682,-3.832637372253633,86.58706378215794,-9.34789602988691,1.479195672945198,1.7826344360820872
rolling_validation,moving_average_13_week,HOBBIES_1_006_WI_1,24,396.0,424.4832860953388,108.47925100395966,851.1591211349375,28.4832860953388,27.393750253525166,7.192749013974445,4.519968791831652,5.955246710307005
rolling_validation,moving_average_13_week,HOBBIES_1_006_WI_2,24,120.0,84.2392613763041,66.96694038938861,325.73341891962923,-35.7607386236959,55.80578365782384,-29.800615519746582,2.790289182891192,3.6840501880834746
rolling_validation,moving_average_13_week,HOBBIES_1_006_WI_3,24,40.0,11.289787920099677,51.28978792009968,290.40046042701636,-28.710212079900323,128.2244698002492,-71.7755301997508,2.1370744966708197,3.478508183756223
rolling_validation,moving_average_13_week,HOBBIES_1_007_CA_1,24,50.0,37.46629786669516,32.85005136394759,82.17588255622091,-12.533702133304846,65.70010272789519,-25.067404266609692,1.368752140164483,1.8504040387194374
rolling_validation,moving_average_13_week,HOBBIES_1_007_CA_2,24,33.0,25.61312380191698,18.656000728210895,28.182085975326245,-7.386876198083019,56.533335540033015,-22.3844733275243,0.7773333636754539,1.083629817929195
rolling_validation,moving_average_13_week,HOBBIES_1_007_CA_3,24,39.0,35.37820724174982,22.9984349112187,35.31731665174835,-3.6217927582501823,58.970345926201794,-9.286648098077391,0.9582681213007791,1.213076609489077
rolling_validation,moving_average_13_week,HOBBIES_1_007_CA_4,24,63.0,57.14425803879955,25.241856193374872,41.28048254638521,-5.8557419612004535,40.066438402182335,-9.29482850984199,1.0517440080572864,1.3114953702165264
rolling_validation,moving_average_13_week,HOBBIES_1_007_TX_1,24,37.0,33.30418204023972,27.850135528976846,44.685823010835406,-3.6958179597602796,75.27063656480229,-9.988697188541295,1.1604223137073686,1.3645179706101866
rolling_validation,moving_average_13_week,HOBBIES_1_007_TX_2,24,23.0,27.550266251404302,27.77744442212812,41.47920144176963,4.550266251404302,120.77149748751357,19.783766310453487,1.1573935175886716,1.3146482647741693
rolling_validation,moving_average_13_week,HOBBIES_1_007_TX_3,24,30.0,28.33999228159509,22.453629732795118,29.523251164291786,-1.6600077184049096,74.84543244265039,-5.533359061349699,0.93556790553313,1.1091147213786428
rolling_validation,moving_average_13_week,HOBBIES_1_007_WI_1,24,108.0,112.17707892970235,48.036784733279646,149.28449382896895,4.177078929702347,44.47850438266634,3.867665675650321,2.0015326972199854,2.4940303211616546
rolling_validation,moving_average_13_week,HOBBIES_1_007_WI_2,24,41.0,35.77309242960337,27.928290874066516,47.945140532047276,-5.226907570396628,68.11778261967443,-12.748555049747873,1.1636787864194382,1.413405175041928
rolling_validation,moving_average_13_week,HOBBIES_1_007_WI_3,24,29.0,29.490587048762137,19.117624727780726,22.90134120610749,0.490587048762136,65.92284388889905,1.6916794784901241,0.7965676969908636,0.9768431554013565
rolling_validation,moving_average_13_week,HOBBIES_1_008_CA_1,24,1999.0,1780.2836157031286,730.8479347549301,32968.548806716564,-218.71638429687147,36.56067707628465,-10.94128985977346,30.45199728145542,37.063317898067226
rolling_validation,moving_average_13_week,HOBBIES_1_008_CA_2,24,685.0,741.4957836827626,364.23952845218395,7405.645637820115,56.495783682762635,53.173653788639996,8.247559661717172,15.176647018840997,17.566119897191435
rolling_validation,moving_average_13_week,HOBBIES_1_008_CA_3,24,1420.0,1173.662730792261,371.4868940384066,8707.789313962301,-246.337269207739,26.161048875944125,-17.347695014629508,15.478620584933608,19.047954083009262
rolling_validation,moving_average_13_week,HOBBIES_1_008_CA_4,24,942.0,875.3624692099833,342.27438527842327,8296.461209096367,-66.63753079001668,36.33486043295363,-7.074047854566527,14.261432719934303,18.59262982238792
rolling_validation,moving_average_13_week,HOBBIES_1_008_TX_1,24,149.0,282.6929905377439,198.94019777391713,2389.954261457205,133.6929905377439,133.51691125766249,89.72683928707644,8.289174907246547,9.979049431720282
rolling_validation,moving_average_13_week,HOBBIES_1_008_TX_2,24,1072.0,1359.6588223971032,493.894075564674,13148.818693903206,287.6588223971033,46.072208541480784,26.83384537286411,20.578919815194748,23.406568428099412
rolling_validation,moving_average_13_week,HOBBIES_1_008_TX_3,24,424.0,376.73081129183066,241.8292686980953,3598.6856375662865,-47.26918870816932,57.03520488162624,-11.14839356324748,10.076219529087304,12.245212733905248
rolling_validation,moving_average_13_week,HOBBIES_1_008_WI_1,24,422.0,466.9712396586324,203.9355339701617,2751.0344746288847,44.97123965863237,48.32595591709993,10.656691862235158,8.497313915423405,10.706373636431254
rolling_validation,moving_average_13_week,HOBBIES_1_008_WI_2,24,388.0,395.87421998907405,132.851461730102,1449.7153210734893,7.87421998907408,34.240067456211854,2.029438141513938,5.535477572087583,7.7720528205055786
rolling_validation,moving_average_13_week,HOBBIES_1_008_WI_3,24,241.0,235.17765631631764,132.78108375055302,1479.4070842377923,-5.822343683682362,55.09588537367346,-2.4159102421918517,5.532545156273042,7.851239509990849
rolling_validation,moving_average_13_week,HOBBIES_1_009_CA_1,24,7.0,12.49397417876579,19.49397417876579,28.094662819438557,5.4939741787657885,278.48534541093983,78.48534541093983,0.8122489241152412,1.0819477578931156
rolling_validation,moving_average_13_week,HOBBIES_1_009_CA_2,24,97.0,84.33953324163208,59.946468186282765,227.88120667968718,-12.66046675836792,61.800482666270895,-13.052027585946307,2.497769507761782,3.081403945983113
rolling_validation,moving_average_13_week,HOBBIES_1_009_CA_3,24,220.0,253.63568922764648,93.81334321108643,515.8281655792204,33.63568922764649,42.64242873231201,15.288949648930222,3.9088893004619347,4.6360371258724316
rolling_validation,moving_average_13_week,HOBBIES_1_009_CA_4,24,430.0,399.32182116872855,128.10976149934655,1227.0640859643665,-30.67817883127147,29.79296779054571,-7.134460193318946,5.33790672913944,7.150361546699249
rolling_validation,moving_average_13_week,HOBBIES_1_009_TX_1,24,120.0,119.27064464450886,76.11287879152954,353.85543853222055,-0.7293553554911378,63.427398992941285,-0.6077961295759482,3.171369949647064,3.8397886146908125
rolling_validation,moving_average_13_week,HOBBIES_1_009_TX_2,24,64.0,55.21266296160495,68.05380992632739,243.25406755957127,-8.787337038395052,106.33407800988654,-13.730214122492267,2.8355754135969744,3.1836435334872952
rolling_validation,moving_average_13_week,HOBBIES_1_009_TX_3,24,84.0,65.10941736985286,56.13667466006837,183.7110813183088,-18.890582630147136,66.82937459531949,-22.488788845413257,2.3390281108361823,2.7666999093257054
rolling_validation,moving_average_13_week,HOBBIES_1_009_WI_1,24,121.0,125.33232733673151,66.9571778846858,310.4567405771554,4.332327336731514,55.33651064850067,3.5804358154805898,2.7898824118619086,3.596623072278793
rolling_validation,moving_average_13_week,HOBBIES_1_009_WI_2,24,33.0,31.29468414614239,16.907685004301808,22.320516606406027,-1.7053158538576099,51.235409103944875,-5.167623799568514,0.704486875179242,0.9643762363657236
rolling_validation,moving_average_13_week,HOBBIES_1_009_WI_3,24,37.0,41.80894016004578,38.77576416543959,85.53516417023887,4.808940160045781,104.79936260929618,12.9971355676913,1.6156568402266496,1.8878467029290151
rolling_validation,moving_average_13_week,HOBBIES_1_010_CA_1,24,108.0,99.5401530439602,37.51985651279645,84.77929279850902,-8.4598469560398,34.74060788221894,-7.833191625962778,1.563327354699852,1.8794867739016439
rolling_validation,moving_average_13_week,HOBBIES_1_010_CA_2,24,51.0,103.99449768546845,65.52695214969107,253.1670611300166,52.99449768546844,128.48421990135503,103.91077977542831,2.7302896729037944,3.247865075258519
rolling_validation,moving_average_13_week,HOBBIES_1_010_CA_3,24,129.0,127.35104628479476,50.804028263390606,153.29714023283216,-1.648953715205237,39.382967646039226,-1.278258693957548,2.1168345109746087,2.5273268176147448
rolling_validation,moving_average_13_week,HOBBIES_1_010_CA_4,24,28.0,22.621211016030866,23.331254920335407,31.256131777743565,-5.378788983969135,83.32591042976931,-19.209960657032624,0.9721356216806419,1.1412006064109186
rolling_validation,moving_average_13_week,HOBBIES_1_010_TX_1,24,88.0,83.00959870555127,37.706946675114864,79.66654871903141,-4.990401294448732,42.84880303990325,-5.670910561873559,1.571122778129786,1.8219329103893047
rolling_validation,moving_average_13_week,HOBBIES_1_010_TX_2,24,123.0,157.84240408913078,48.64067955704711,152.36374538921123,34.842404089130774,39.54526793255862,28.32715779604128,2.0266949815436295,2.5196208824378985
rolling_validation,moving_average_13_week,HOBBIES_1_010_TX_3,24,92.0,78.76368296174542,42.29938190718209,106.86200060887847,-13.236317038254587,45.97758902954575,-14.387301128537594,1.762474246132587,2.110114536868383
rolling_validation,moving_average_13_week,HOBBIES_1_010_WI_1,24,85.0,90.67355132012982,39.080687035936705,84.47723979778797,5.673551320129823,45.97727886580789,6.674766258976263,1.628361959830696,1.8761356538306335
rolling_validation,moving_average_13_week,HOBBIES_1_010_WI_2,24,65.0,65.54737811327324,36.89975945015316,81.01654487684219,0.5473781132732447,56.76886069254332,0.8421201742665304,1.537489977089715,1.8373049202210352
rolling_validation,moving_average_13_week,HOBBIES_1_010_WI_3,24,58.0,56.84631513589888,44.540938582598756,124.34629944675456,-1.153684864101127,76.79472169413579,-1.9891118346571157,1.8558724409416147,2.276202058315878
rolling_validation,moving_average_13_week,HOUSEHOLD_1_001_CA_1,24,167.0,150.76758070878145,89.94777949523859,442.11022674464425,-16.232419291218537,53.86094580553209,-9.720011551627866,3.7478241456349415,4.291999469675353
rolling_validation,moving_average_13_week,HOUSEHOLD_1_001_CA_2,24,13.0,0.0,13.0,61.0,-13.0,100.0,-100.0,0.5416666666666666,1.5942605391424158
rolling_validation,moving_average_13_week,HOUSEHOLD_1_001_CA_3,24,8.0,3.566065097357048,10.212258271685222,18.594612359159832,-4.433934902642952,127.65322839606527,-55.4241862830369,0.4255107613202176,0.8802133349165945
rolling_validation,moving_average_13_week,HOUSEHOLD_1_001_CA_4,24,97.0,123.6887032736873,43.111915097286136,113.52439599380669,26.688703273687295,44.44527329617127,27.514127086275565,1.7963297957202558,2.174898426687695
rolling_validation,moving_average_13_week,HOUSEHOLD_1_001_TX_1,24,65.0,64.12000478035202,32.731134147147074,64.98209514655467,-0.8799952196479799,50.35559099561089,-1.3538387994584307,1.363797256131128,1.6454747940254544
rolling_validation,moving_average_13_week,HOUSEHOLD_1_001_TX_2,24,47.0,74.65416592665021,51.22043688728502,139.5506199691483,27.6541659266502,108.97965295167025,58.838650907766386,2.1341848703035424,2.411350071097347
rolling_validation,moving_average_13_week,HOUSEHOLD_1_001_TX_3,24,5.0,0.0,5.0,13.0,-5.0,100.0,-100.0,0.20833333333333334,0.7359800721939872
rolling_validation,moving_average_13_week,HOUSEHOLD_1_001_WI_1,24,226.0,247.41307956820228,56.22646958640168,275.41798695852765,21.413079568202278,24.878968843540566,9.474813968231096,2.34276956610007,3.3875875570389793
rolling_validation,moving_average_13_week,HOUSEHOLD_1_001_WI_2,24,29.0,43.42636367988401,31.197954701034238,62.00187105224519,14.426363679884012,107.57915414149737,49.74608165477245,1.2999147792097598,1.6072993790341454
rolling_validation,moving_average_13_week,HOUSEHOLD_1_001_WI_3,24,61.0,36.67988158680615,39.35184049296091,97.77775018624061,-24.320118413193857,64.51121392288674,-39.86904657900632,1.639660020540038,2.018433284611283
rolling_validation,moving_average_13_week,HOUSEHOLD_1_002_CA_1,24,27.0,38.9485161525503,44.88691727965459,128.55824398919847,11.9485161525503,166.24784177649846,44.25376352796407,1.870288219985608,2.314431571585113
rolling_validation,moving_average_13_week,HOUSEHOLD_1_002_CA_2,24,139.0,138.13896645067018,101.5180957197271,621.4737237615815,-0.8610335493298145,73.03460123721374,-0.6194485966401543,4.2299206549886295,5.0886873051962915
rolling_validation,moving_average_13_week,HOUSEHOLD_1_002_CA_3,24,175.0,192.15349253960485,56.698263412590045,222.08325806607488,17.153492539604862,32.39900766433717,9.801995736917064,2.362427642191252,3.041951525926482
rolling_validation,moving_average_13_week,HOUSEHOLD_1_002_CA_4,24,151.0,134.14900998316085,39.81179964166141,96.72022051057408,-16.85099001683914,26.365430226265836,-11.159596037641816,1.6588249850692254,2.0074882784067722
rolling_validation,moving_average_13_week,HOUSEHOLD_1_002_TX_1,24,73.0,66.56773859813967,28.776191547896843,56.90085527186378,-6.432261401860332,39.41944047657102,-8.81131698884977,1.1990079811623684,1.539762634194307
rolling_validation,moving_average_13_week,HOUSEHOLD_1_002_TX_2,24,93.0,64.27146270736075,70.7758868640182,309.1547262772191,-28.728537292639245,76.10310415485829,-30.890900314665853,2.9489952860007587,3.5890732687167954
rolling_validation,moving_average_13_week,HOUSEHOLD_1_002_TX_3,24,53.0,39.54471008331682,38.286732149444205,115.62810741245492,-13.45528991668318,72.23911726310227,-25.38733946543996,1.5952805062268418,2.1949573592332694
rolling_validation,moving_average_13_week,HOUSEHOLD_1_002_WI_1,24,306.0,252.74788474099898,99.59781094599721,840.4667148962386,-53.25211525900101,32.548304230718045,-17.402652045425164,4.149908789416551,5.9177230802066045
rolling_validation,moving_average_13_week,HOUSEHOLD_1_002_WI_2,24,77.0,78.90969697217031,56.245146437239555,173.781995289117,1.909696972170309,73.04564472368773,2.480125937883518,2.343547768218315,2.6908951057928427
rolling_validation,moving_average_13_week,HOUSEHOLD_1_002_WI_3,24,38.0,51.38509895963572,25.444434540304627,38.00715563505856,13.385098959635723,66.95903826395954,35.22394463062032,1.0601847725126927,1.2584242070121294
rolling_validation,moving_average_13_week,HOUSEHOLD_1_003_CA_1,24,144.0,159.14422485628072,49.48757840517815,201.83997488791044,15.14422485628072,34.36637389248482,10.51682281686161,2.0619824335490895,2.899999819597052
rolling_validation,moving_average_13_week,HOUSEHOLD_1_003_CA_2,24,238.0,246.05454736453405,44.99329493684718,137.88255505918636,8.054547364534043,18.90474577178453,3.3842635985437157,1.8747206223686324,2.396895171007575
rolling_validation,moving_average_13_week,HOUSEHOLD_1_003_CA_3,24,424.0,445.1442120689727,147.52415617555246,1417.8961308766038,21.144212068972692,34.79343306027181,4.986842469097333,6.14683984064802,7.686286844321634
rolling_validation,moving_average_13_week,HOUSEHOLD_1_003_CA_4,24,155.0,220.45145909614453,91.5491932306421,564.5779784072702,65.45145909614455,59.06399563267233,42.22674780396422,3.814549717943421,4.850163134744672
rolling_validation,moving_average_13_week,HOUSEHOLD_1_003_TX_1,24,51.0,69.46166324168635,30.20699441697256,51.190982393012455,18.46166324168635,59.22940081759326,36.19933968958108,1.2586247673738566,1.460464857402893
rolling_validation,moving_average_13_week,HOUSEHOLD_1_003_TX_2,24,78.0,91.79323381643242,33.54224320307289,71.01538862273014,13.793233816432423,43.0028759013755,17.68363309799029,1.3975934667947039,1.720167005248935
rolling_validation,moving_average_13_week,HOUSEHOLD_1_003_TX_3,24,55.0,93.04756050373148,42.825498825365436,136.1458391495301,38.047560503731475,77.86454331884624,69.17738273405722,1.7843957843902265,2.3817521487126
rolling_validation,moving_average_13_week,HOUSEHOLD_1_003_WI_1,24,234.0,222.7268613192269,95.51145721530328,713.6014757609352,-11.273138680773082,40.816862057821915,-4.817580632809009,3.9796440506376367,5.452833650806918
rolling_validation,moving_average_13_week,HOUSEHOLD_1_003_WI_2,24,217.0,233.93921647582522,125.14923201108665,940.8855357891225,16.939216475825233,57.67245714796619,7.806090541854946,5.214551333795277,6.261274949338468
rolling_validation,moving_average_13_week,HOUSEHOLD_1_003_WI_3,24,71.0,74.3007946699607,35.055438903838954,80.86157010724641,3.3007946699607,49.37385761104078,4.649006577409437,1.4606432876599564,1.8355468089378526
rolling_validation,moving_average_13_week,HOUSEHOLD_1_004_CA_1,24,422.0,398.08607826233873,155.77684571107383,1524.0124479804538,-23.91392173766126,36.913944481297115,-5.666806098971862,6.490701904628076,7.968721269178151
rolling_validation,moving_average_13_week,HOUSEHOLD_1_004_CA_2,24,513.0,484.4459389215525,269.902830531008,3994.7780927649205,-28.55406107844748,52.61263753041092,-5.5660937774751424,11.245951272125334,12.901514918742619
rolling_validation,moving_average_13_week,HOUSEHOLD_1_004_CA_3,24,1823.0,1629.6241859131846,435.81015244980574,14317.95125526888,-193.37581408681547,23.906206936357968,-10.607559741459982,18.15875635207524,24.425013864947342
rolling_validation,moving_average_13_week,HOUSEHOLD_1_004_CA_4,24,169.0,135.08487812732506,104.84423640335106,678.5999095978021,-33.91512187267494,62.03800970612489,-20.068119451286943,4.368509850139628,5.317423834268033
rolling_validation,moving_average_13_week,HOUSEHOLD_1_004_TX_1,24,162.0,84.0512972895623,103.14944668732171,823.5097578860942,-77.9487027104377,63.67249795513686,-48.11648315459117,4.297893611971738,5.857721961529692
rolling_validation,moving_average_13_week,HOUSEHOLD_1_004_TX_2,24,295.0,286.44647794134016,83.2972642255066,379.9867271256933,-8.553522058659851,28.236360754409016,-2.899499002935543,3.4707193427294416,3.9790426357233075
rolling_validation,moving_average_13_week,HOUSEHOLD_1_004_TX_3,24,400.0,346.8528810636764,181.79984395487784,1936.6546452195112,-53.1471189363236,45.44996098871946,-13.2867797340809,7.57499349811991,8.982980772038475
rolling_validation,moving_average_13_week,HOUSEHOLD_1_004_WI_1,24,259.0,222.63551887486165,99.12799593703177,593.04576480538,-36.36448112513836,38.273357504645475,-14.040340202756123,4.13033316404299,4.970939569158347
rolling_validation,moving_average_13_week,HOUSEHOLD_1_004_WI_2,24,875.0,714.1680369581177,315.08456916139613,6103.307946454348,-160.8319630418823,36.0096650470167,-18.38079577621512,13.128523715058172,15.946927533820775
rolling_validation,moving_average_13_week,HOUSEHOLD_1_004_WI_3,24,497.0,345.6305702761439,279.8351040600321,5073.960844896242,-151.36942972385614,56.30484991147527,-30.456625698965016,11.659796002501338,14.540118128956522
rolling_validation,moving_average_13_week,HOUSEHOLD_1_005_CA_1,24,250.0,282.0768740656514,137.75795482024026,1295.0113351721375,32.076874065651374,55.1031819280961,12.830749626260548,5.739914784176677,7.345665771880204
rolling_validation,moving_average_13_week,HOUSEHOLD_1_005_CA_2,24,353.0,348.2265041419226,154.56893961702346,1543.7491621617608,-4.773495858077412,43.78723501898681,-1.3522651156026664,6.440372484042644,8.02015472149634
rolling_validation,moving_average_13_week,HOUSEHOLD_1_005_CA_3,24,35.0,0.0,35.0,635.0,-35.0,100.0,-100.0,1.4583333333333333,5.1437664540036545
rolling_validation,moving_average_13_week,HOUSEHOLD_1_005_CA_4,24,115.0,86.43532654693288,57.5306099069916,208.4635440488376,-28.564673453067115,50.02661731042748,-24.838846480927927,2.39710874612465,2.947198839921545
rolling_validation,moving_average_13_week,HOUSEHOLD_1_005_TX_1,24,143.0,160.2114964050741,88.5225253739095,455.7573088108044,17.211496405074087,61.90386389783882,12.036011472079782,3.6884385572462293,4.357738847971142
rolling_validation,moving_average_13_week,HOUSEHOLD_1_005_TX_2,24,334.0,311.9867805076818,183.8293754759789,2541.6631589570557,-22.013219492318235,55.038735172448774,-6.590784279137196,7.659557311499121,10.290900428204067
rolling_validation,moving_average_13_week,HOUSEHOLD_1_005_TX_3,24,133.0,155.3717236708068,95.86376360833418,592.682340819632,22.371723670806805,72.0780177506272,16.820844865268274,3.9943234836805908,4.96941621663464
rolling_validation,moving_average_13_week,HOUSEHOLD_1_005_WI_1,24,171.0,194.9303215650254,101.70645044518312,709.6832421489952,23.930321565025384,59.477456400691885,13.994340096506072,4.237768768549297,5.437842870986755
rolling_validation,moving_average_13_week,HOUSEHOLD_1_005_WI_2,24,141.0,114.68448128484792,88.49979136068359,506.451111739279,-26.315518715152088,62.76580947566212,-18.663488450462474,3.6874913066951494,4.593705438510756
rolling_validation,moving_average_13_week,HOUSEHOLD_1_005_WI_3,24,433.0,346.682921677042,278.5970360223812,4263.66194700869,-86.31707832295801,64.34111686429127,-19.934660120775522,11.608209834265883,13.328637632007334
rolling_validation,moving_average_13_week,HOUSEHOLD_1_006_CA_1,24,281.0,333.1580882657477,73.00362599069014,302.88673796460824,52.15808826574769,25.979938074978698,18.561597247597046,3.0418177496120893,3.552503448066637
rolling_validation,moving_average_13_week,HOUSEHOLD_1_006_CA_2,24,224.0,219.87553415926826,108.12165542800491,648.6615130111257,-4.124465840731756,48.26859617321648,-1.8412793931838196,4.505068976166871,5.1988040011266285
rolling_validation,moving_average_13_week,HOUSEHOLD_1_006_CA_3,24,234.0,241.51103984595426,71.18879829340153,433.0123668804731,7.511039845954265,30.42256337324852,3.209846088014643,2.9661999288917307,4.247608968979259
rolling_validation,moving_average_13_week,HOUSEHOLD_1_006_CA_4,24,109.0,109.47081335189779,55.734655504043474,190.31357626097892,0.47081335189778484,51.132711471599514,0.4319388549520962,2.322277312668478,2.8159780439853317
rolling_validation,moving_average_13_week,HOUSEHOLD_1_006_TX_1,24,168.0,150.53015951449007,63.37049210752968,247.68997581512411,-17.46984048550994,37.720531016386715,-10.398714574708299,2.6404371711470698,3.2125403746822396
rolling_validation,moving_average_13_week,HOUSEHOLD_1_006_TX_2,24,190.0,189.22034241861047,58.161032124472364,218.3715304279135,-0.7796575813895412,30.611069539195977,-0.41034609546817963,2.423376338519682,3.01642400332409
rolling_validation,moving_average_13_week,HOUSEHOLD_1_006_TX_3,24,182.0,159.15033293566495,66.67887827532243,327.91347416517846,-22.849667064335062,36.636746305122216,-12.554762123261023,2.778286594805101,3.696357859237807
rolling_validation,moving_average_13_week,HOUSEHOLD_1_006_WI_1,24,89.0,87.34073737796618,28.553375960202438,48.59037731243938,-1.6592626220338271,32.08244489910386,-1.8643400247571094,1.1897239983417682,1.4228840622780812
rolling_validation,moving_average_13_week,HOUSEHOLD_1_006_WI_2,24,81.0,83.10442656970866,38.447762188669614,92.5241788053024,2.1044265697086595,47.46637307243162,2.598057493467481,1.6019900911945673,1.963459731414831
rolling_validation,moving_average_13_week,HOUSEHOLD_1_006_WI_3,24,107.0,102.72539382637765,42.3015392722962,95.10712600251613,-4.274606173622341,39.53414885261328,-3.994959040768543,1.7625641363456752,1.9906775019504053
rolling_validation,moving_average_13_week,HOUSEHOLD_1_007_CA_1,24,365.0,370.65966624297334,88.36518000282595,451.15133550670106,5.65966624297333,24.20963835693862,1.5505934912255699,3.681882500117748,4.335662845837902
rolling_validation,moving_average_13_week,HOUSEHOLD_1_007_CA_2,24,268.0,254.50468368347748,70.8541429727519,285.0979851949959,-13.495316316522533,26.43811304953429,-5.0355657897472135,2.952255957197996,3.446604519880133
rolling_validation,moving_average_13_week,HOUSEHOLD_1_007_CA_3,24,286.0,259.62423919792525,120.95741994986112,820.5710675337986,-26.37576080207478,42.292804178273116,-9.222293986739434,5.03989249791088,5.8472609953072565
rolling_validation,moving_average_13_week,HOUSEHOLD_1_007_CA_4,24,171.0,156.97925329086632,68.52034913614587,299.28530442438637,-14.020746709133682,40.070379611781206,-8.199267081364727,2.8550145473394113,3.5313200106592952
rolling_validation,moving_average_13_week,HOUSEHOLD_1_007_TX_1,24,258.0,244.20749720053757,60.60646353295796,200.3802406153482,-13.79250279946242,23.490877338355798,-5.345931317621093,2.5252693138732485,2.8894941931601412
rolling_validation,moving_average_13_week,HOUSEHOLD_1_007_TX_2,24,231.0,228.5790203014801,109.17204665018372,649.1309301021869,-2.4209796985198953,47.260626255490784,-1.0480431595324222,4.548835277090988,5.2006847710269
rolling_validation,moving_average_13_week,HOUSEHOLD_1_007_TX_3,24,121.0,116.09521427108297,142.01363656254892,1035.0894293172653,-4.904785728917028,117.3666417872305,-4.053541924724816,5.917234856772872,6.567246471813946
rolling_validation,moving_average_13_week,HOUSEHOLD_1_007_WI_1,24,281.0,327.55785178771026,80.36039927568206,342.23323982513284,46.557851787710234,28.59800685967333,16.568630529434248,3.348349969820086,3.776204221973065
rolling_validation,moving_average_13_week,HOUSEHOLD_1_007_WI_2,24,347.0,361.5282891166238,103.91382507708693,628.5583661184022,14.52828911662381,29.946347284463094,4.186826834761905,4.329742711545289,5.1176099813878055
rolling_validation,moving_average_13_week,HOUSEHOLD_1_007_WI_3,24,196.0,204.2166889985255,58.82672813422212,224.4227926331094,8.216688998525523,30.013636803174553,4.192188264553838,2.4511136722592552,3.0579322577595183
rolling_validation,moving_average_13_week,HOUSEHOLD_1_008_CA_1,24,71.0,76.72298586753851,34.81605826636509,81.00635725505008,5.7229858675385135,49.0367017836128,8.060543475406357,1.4506690944318787,1.8371893984091805
rolling_validation,moving_average_13_week,HOUSEHOLD_1_008_CA_2,24,59.0,65.90663161256617,31.69282444739506,75.68992826802886,6.9066316125661755,53.716651605754336,11.706155275535892,1.3205343519747943,1.775879222010289
rolling_validation,moving_average_13_week,HOUSEHOLD_1_008_CA_3,24,94.0,102.5202711753699,41.874691289210375,105.10983547828245,8.520271175369896,44.547543924691894,9.064118271670102,1.744778803717099,2.0927437679424035
rolling_validation,moving_average_13_week,HOUSEHOLD_1_008_CA_4,24,45.0,42.73840161525558,24.58766249530524,40.14588007122654,-2.2615983847444174,54.6392499895672,-5.025774188320928,1.0244859373043849,1.2933464357888695
rolling_validation,moving_average_13_week,HOUSEHOLD_1_008_TX_1,24,33.0,29.307208319545442,27.935657357693167,46.15181270364232,-3.69279168045456,84.65350714452474,-11.190277819559274,1.1639857232372153,1.386719941439185
rolling_validation,moving_average_13_week,HOUSEHOLD_1_008_TX_2,24,81.0,77.92920825032897,31.86035495161889,70.86541736144196,-3.070791749671025,39.333771545208506,-3.7911009255197836,1.327514789650787,1.7183497092831292
rolling_validation,moving_average_13_week,HOUSEHOLD_1_008_TX_3,24,57.0,53.160451418134095,32.127939468642374,65.91132252331451,-3.8395485818659023,56.36480608533749,-6.73605014362439,1.3386641445267655,1.6571979679984237
rolling_validation,moving_average_13_week,HOUSEHOLD_1_008_WI_1,24,39.0,38.26309727643566,25.44130268939571,46.55911541284459,-0.7369027235643386,65.234109459989,-1.8894941629854838,1.0600542787248213,1.3928255964771246
rolling_validation,moving_average_13_week,HOUSEHOLD_1_008_WI_2,24,75.0,58.97008296319883,31.660074351913494,59.2493142219969,-16.02991703680117,42.21343246921799,-21.373222715734894,1.3191697646630622,1.5712165432926608
rolling_validation,moving_average_13_week,HOUSEHOLD_1_008_WI_3,24,36.0,34.749984837214434,28.24258150993433,46.93511760461674,-1.250015162785565,78.45161530537314,-3.4722643410710137,1.176774229580597,1.3984383791187813
rolling_validation,moving_average_13_week,HOUSEHOLD_1_009_CA_1,24,92.0,59.647556833892985,45.200357162961375,124.60480682814863,-32.352443166107015,49.130823003218886,-35.16569909359458,1.8833482151233907,2.2785668634413296
rolling_validation,moving_average_13_week,HOUSEHOLD_1_009_CA_2,24,108.0,98.49252472373172,44.661382902606164,132.3610732767202,-9.507475276268284,41.35313231722793,-8.803217848396558,1.8608909542752567,2.3484132344762796
rolling_validation,moving_average_13_week,HOUSEHOLD_1_009_CA_3,24,115.0,158.06767900555752,54.80192445393999,180.13517471181788,43.067679005557515,47.65384735125217,37.45015565700653,2.283413518914166,2.739640903414
rolling_validation,moving_average_13_week,HOUSEHOLD_1_009_CA_4,24,63.0,62.82568838914674,28.428931809226295,51.723899736397875,-0.17431161085325897,45.12528858607349,-0.27668509659247453,1.184538825384429,1.4680471685257863
rolling_validation,moving_average_13_week,HOUSEHOLD_1_009_TX_1,24,53.0,57.387737468820916,35.753907450299394,71.54311042034642,4.387737468820913,67.46020273641395,8.278749941171535,1.4897461437624748,1.7265465340329234
rolling_validation,moving_average_13_week,HOUSEHOLD_1_009_TX_2,24,99.0,103.23728628457528,58.61002365509782,204.93611404023974,4.2372862845752755,59.2020440960584,4.280087156136641,2.4420843189624093,2.9221575507964412
rolling_validation,moving_average_13_week,HOUSEHOLD_1_009_TX_3,24,86.0,69.4274849236676,41.13244689236119,111.27580007558778,-16.5725150763324,47.82842661902464,-19.270366367828373,1.7138519538483827,2.1532514181618825
rolling_validation,moving_average_13_week,HOUSEHOLD_1_009_WI_1,24,34.0,35.972112016362324,19.833776973810945,21.830414769151147,1.9721120163623214,58.33463815826748,5.800329459889181,0.8264073739087894,0.9537298440236092
rolling_validation,moving_average_13_week,HOUSEHOLD_1_009_WI_2,24,49.0,58.54253007102327,46.70328939959097,128.0565248783519,9.542530071023275,95.31283550936934,19.474551165353624,1.9459703916496238,2.3099109369406423
rolling_validation,moving_average_13_week,HOUSEHOLD_1_009_WI_3,24,59.0,61.161284109587925,32.22774202591298,61.29962136320187,2.161284109587927,54.62329156934403,3.663193406081232,1.3428225844130408,1.5981711079022207
rolling_validation,moving_average_13_week,HOUSEHOLD_1_010_CA_1,24,174.0,226.86208303168712,98.07748084431897,642.0979100554707,52.86208303168711,56.366368301332734,30.38050748947535,4.086561701846624,5.172434589788895
rolling_validation,moving_average_13_week,HOUSEHOLD_1_010_CA_2,24,188.0,307.49014056196125,148.13458578446745,1238.2678730003317,119.49014056196124,78.79499243854652,63.55858540529853,6.172274407686143,7.18293078821919
rolling_validation,moving_average_13_week,HOUSEHOLD_1_010_CA_3,24,271.0,319.75545723378485,125.42809045437433,946.537132506155,48.75545723378487,46.28342821194625,17.9909436287029,5.22617043559893,6.280051527476224
rolling_validation,moving_average_13_week,HOUSEHOLD_1_010_CA_4,24,70.0,82.25713017494654,56.667410750857336,196.51624363760078,12.257130174946546,80.9534439297962,17.510185964209352,2.3611421146190557,2.861499050888077
rolling_validation,moving_average_13_week,HOUSEHOLD_1_010_TX_1,24,140.0,183.04868007416874,86.58815887234434,512.5789587154909,43.04868007416874,61.84868490881739,30.749057195834816,3.6078399530143472,4.62141283734157
rolling_validation,moving_average_13_week,HOUSEHOLD_1_010_TX_2,24,255.0,310.7414942448882,169.465288411027,1995.4544049233766,55.7414942448882,66.45697584746156,21.859409507799292,7.0610536837927915,9.11832953662424
rolling_validation,moving_average_13_week,HOUSEHOLD_1_010_TX_3,24,142.0,212.57791991261783,184.6649423995397,1731.861879705354,70.57791991261783,130.0457340841829,49.70276050184354,7.694372599980821,8.494757892629416
rolling_validation,moving_average_13_week,HOUSEHOLD_1_010_WI_1,24,114.0,168.81567956909154,88.48206882599436,420.52172412682177,54.81567956909153,77.61584984736348,48.08392944657152,3.686752867749765,4.185897574628916
rolling_validation,moving_average_13_week,HOUSEHOLD_1_010_WI_2,24,138.0,182.74597993471917,104.19067742086423,713.7678577462577,44.745979934719166,75.50049088468423,32.424623141100845,4.341278225869343,5.45346930000473
rolling_validation,moving_average_13_week,HOUSEHOLD_1_010_WI_3,24,88.0,141.45934339157984,77.74413101575465,350.26180348885373,53.45934339157983,88.34560342699392,60.74925385406799,3.2393387923231103,3.8202410672672964
rolling_validation,moving_average_4_week,FOODS_1_001_CA_1,24,112.0,94.79293823242188,47.373260498046875,148.06188690382987,-17.207061767578125,42.29755401611328,-15.363448006766184,1.9738858540852864,2.4837965471550962
rolling_validation,moving_average_4_week,FOODS_1_001_CA_2,24,178.0,186.0223388671875,69.7142333984375,327.9469492416829,8.0223388671875,39.16529966204354,4.506931947858146,2.904759724934896,3.696546525935181
rolling_validation,moving_average_4_week,FOODS_1_001_CA_3,24,200.0,181.24647521972656,145.9137420654297,1279.8648353761528,-18.753524780273438,72.95687103271484,-9.376762390136719,6.079739252726237,7.302581836173174
rolling_validation,moving_average_4_week,FOODS_1_001_CA_4,24,38.0,49.277984619140625,46.5177001953125,120.61486216681078,11.277984619140625,122.41500051398026,29.678906892475325,1.9382375081380208,2.241789298072067
rolling_validation,moving_average_4_week,FOODS_1_001_TX_1,24,112.0,89.62840270996094,85.34471130371094,884.413013386773,-22.371597290039062,76.20063509259906,-19.974640437534877,3.5560296376546225,6.070464745342721
rolling_validation,moving_average_4_week,FOODS_1_001_TX_2,24,92.0,86.81900024414062,73.52175903320312,387.3801210927777,-5.180999755859375,79.91495547087297,-5.63152147376019,3.0634066263834634,4.017566225822013
rolling_validation,moving_average_4_week,FOODS_1_001_TX_3,24,67.0,103.81039428710938,58.482757568359375,229.85196918109432,36.810394287109375,87.28769786322295,54.94088699568563,2.436781565348307,3.094699562565904
rolling_validation,moving_average_4_week,FOODS_1_001_WI_1,24,65.0,61.71900939941406,42.96476745605469,127.72251926804893,-3.2809906005859375,66.09964224008414,-5.047677847055288,1.7901986440022786,2.3068965378119377
rolling_validation,moving_average_4_week,FOODS_1_001_WI_2,24,52.0,59.77885437011719,27.367874145507812,51.97821083362214,7.7788543701171875,52.630527202899636,14.959335327148438,1.140328089396159,1.4716517199168613
rolling_validation,moving_average_4_week,FOODS_1_001_WI_3,24,26.0,40.13450622558594,30.645431518554688,48.5725624456536,14.134506225585938,117.86704430213342,54.363485483022835,1.2768929799397786,1.4226231997858392
rolling_validation,moving_average_4_week,FOODS_1_002_CA_1,24,65.0,56.868499755859375,36.1644287109375,93.9545784429647,-8.131500244140625,55.63758263221153,-12.51000037560096,1.5068511962890625,1.9785788085871625
rolling_validation,moving_average_4_week,FOODS_1_002_CA_2,24,121.0,108.3516845703125,61.5909423828125,259.60692728916183,-12.6483154296875,50.90160527505165,-10.45315324767562,2.566289265950521,3.2889140006566113
rolling_validation,moving_average_4_week,FOODS_1_002_CA_3,24,2.0,0.0,2.0,2.0,-2.0,100.0,-100.0,0.08333333333333333,0.28867513459481287
rolling_validation,moving_average_4_week,FOODS_1_002_CA_4,24,37.0,32.16587829589844,36.58659362792969,109.42759863869287,-4.8341217041015625,98.88268548089106,-13.065193794869087,1.524441401163737,2.1352946580301753
rolling_validation,moving_average_4_week,FOODS_1_002_TX_1,24,29.0,28.890960693359375,24.495941162109375,32.82059307117015,-0.109039306640625,84.46876262796337,-0.3759976091056035,1.0206642150878906,1.1694121220933005
rolling_validation,moving_average_4_week,FOODS_1_002_TX_2,24,31.0,40.2840576171875,25.446929931640625,47.70367235457525,9.2840576171875,82.08687074722782,29.948572958669356,1.0602887471516926,1.4098414856904902
rolling_validation,moving_average_4_week,FOODS_1_002_TX_3,24,31.0,16.390472412109375,26.0594482421875,58.412352515850216,-14.609527587890625,84.06273626512096,-47.127508348034276,1.0858103434244792,1.5600794920431968
rolling_validation,moving_average_4_week,FOODS_1_002_WI_1,24,172.0,143.16490173339844,63.82044982910156,255.42056150757708,-28.835098266601562,37.104912691338114,-16.764592015466025,2.6591854095458984,3.2622880614913585
rolling_validation,moving_average_4_week,FOODS_1_002_WI_2,24,78.0,72.38575744628906,48.06678771972656,150.54997970419936,-5.6142425537109375,61.62408682016226,-7.197746863731972,2.0027828216552734,2.5045789708069313
rolling_validation,moving_average_4_week,FOODS_1_002_WI_3,24,29.0,38.50213623046875,34.29266357421875,67.29964371956885,9.50213623046875,118.25056404903019,32.76598700161638,1.4288609822591145,1.6745601875264746
rolling_validation,moving_average_4_week,FOODS_1_003_CA_1,24,125.0,114.8607177734375,77.04055786132812,340.49270077375695,-10.1392822265625,61.6324462890625,-8.11142578125,3.2100232442220054,3.7665894208916915
rolling_validation,moving_average_4_week,FOODS_1_003_CA_2,24,167.0,187.3158721923828,71.38883972167969,330.0360088797752,20.315872192382812,42.74780821657466,12.165192929570546,2.9745349884033203,3.708301547877496
rolling_validation,moving_average_4_week,FOODS_1_003_CA_3,24,106.0,113.89036560058594,54.22450256347656,186.2482332161162,7.8903656005859375,51.1551910976194,7.443741132628243,2.25935427347819,2.785739228763437
rolling_validation,moving_average_4_week,FOODS_1_003_CA_4,24,35.0,55.56510925292969,36.97932434082031,75.02749483496882,20.565109252929688,105.65521240234375,58.75745500837054,1.540805180867513,1.7680909530122315
rolling_validation,moving_average_4_week,FOODS_1_003_TX_1,24,32.0,33.90953063964844,31.874343872070312,56.229321792023256,1.9095306396484375,99.60732460021973,5.967283248901367,1.328097661336263,1.5306496686051216
rolling_validation,moving_average_4_week,FOODS_1_003_TX_2,24,59.0,56.81593322753906,30.102554321289062,57.2906252744142,-2.1840667724609375,51.02127851065943,-3.7018080889168434,1.2542730967203777,1.5450273092841837
rolling_validation,moving_average_4_week,FOODS_1_003_TX_3,24,35.0,47.10087585449219,31.766738891601562,68.03528677788563,12.100875854492188,90.76211111886161,34.57393101283482,1.3236141204833984,1.6836875053718356
rolling_validation,moving_average_4_week,FOODS_1_003_WI_1,24,190.0,172.455322265625,57.868072509765625,197.8476969548501,-17.544677734375,30.4568802682977,-9.234040912828947,2.411169687906901,2.8711764208744506
rolling_validation,moving_average_4_week,FOODS_1_003_WI_2,24,5.0,13.205642700195312,12.580642700195312,21.323944796109572,8.205642700195312,251.61285400390625,164.11285400390625,0.5241934458414713,0.9426015594289555
rolling_validation,moving_average_4_week,FOODS_1_003_WI_3,24,35.0,23.881820678710938,28.080307006835938,58.12494212691672,-11.118179321289062,80.22944859095982,-31.76622663225446,1.1700127919514973,1.5562366750020802
rolling_validation,moving_average_4_week,FOODS_1_004_CA_1,24,840.0,1139.5349578857422,582.3460540771484,20326.268717755796,299.5349578857422,69.32691119966053,35.65892355782645,24.264418919881184,29.102025071115325
rolling_validation,moving_average_4_week,FOODS_1_004_CA_2,24,589.0,861.0886535644531,471.25750732421875,12200.74799264362,272.0886535644531,80.00976355249894,46.195017583099,19.63572947184245,22.546939918611667
rolling_validation,moving_average_4_week,FOODS_1_004_CA_3,24,587.0,877.2772521972656,780.6506652832031,39582.48619316239,290.2772521972656,132.9898918710738,49.450979931391075,32.5271110534668,40.61120852730725
rolling_validation,moving_average_4_week,FOODS_1_004_CA_4,24,383.0,425.6173858642578,168.0357208251953,2129.6218038594816,42.61738586425781,43.87355635122593,11.127254794845381,7.001488367716472,9.419885446621864
rolling_validation,moving_average_4_week,FOODS_1_004_TX_1,24,1099.0,959.2315673828125,593.3515014648438,18563.007810582872,-139.7684326171875,53.990127521823815,-12.717782767714969,24.722979227701824,27.811124730479463
rolling_validation,moving_average_4_week,FOODS_1_004_TX_2,24,313.0,449.63714599609375,342.4559326171875,6284.770582306664,136.63714599609375,109.41084109175318,43.65404025434305,14.268997192382812,16.182256978847057
rolling_validation,moving_average_4_week,FOODS_1_004_TX_3,24,906.0,1134.1628112792969,404.0455017089844,11542.039651037194,228.16281127929688,44.59663374271351,25.183533253785527,16.835229237874348,21.929849949172393
rolling_validation,moving_average_4_week,FOODS_1_004_WI_1,24,713.0,598.0350952148438,465.31121826171875,13604.917641570792,-114.96490478515625,65.26104042941357,-16.124110068044356,19.387967427571613,23.80906483671257
rolling_validation,moving_average_4_week,FOODS_1_004_WI_2,24,1590.0,1502.6486358642578,595.1885223388672,23683.654975918354,-87.35136413574219,37.43324039867089,-5.493796486524666,24.799521764119465,31.413674686829165
rolling_validation,moving_average_4_week,FOODS_1_004_WI_3,24,993.0,878.3876800537109,483.09007263183594,14531.865560417296,-114.61231994628906,48.64955414217885,-11.542026177874025,20.128753026326496,24.606795775775453
rolling_validation,moving_average_4_week,FOODS_1_005_CA_1,24,263.0,278.23133850097656,145.90928649902344,1363.9531179463957,15.231338500976562,55.478816159324495,5.791383460447362,6.079553604125977,7.5386590262747095
rolling_validation,moving_average_4_week,FOODS_1_005_CA_2,24,471.0,472.8927307128906,156.19662475585938,1368.2376668127254,1.892730712890625,33.162765340946784,0.401853654541534,6.508192698160808,7.550490234671094
rolling_validation,moving_average_4_week,FOODS_1_005_CA_3,24,380.0,328.4796142578125,201.40753173828125,2550.0745837143622,-51.5203857421875,53.001982036389805,-13.557996247944079,8.391980489095053,10.307914806340081
rolling_validation,moving_average_4_week,FOODS_1_005_CA_4,24,103.0,99.3671875,66.3294677734375,265.18486544908956,-3.6328125,64.39754152760922,-3.527002427184466,2.763727823893229,3.3240591742193857
rolling_validation,moving_average_4_week,FOODS_1_005_TX_1,24,140.0,149.1273193359375,98.1273193359375,792.4312241678126,9.1273193359375,70.0909423828125,6.519513811383929,4.0886383056640625,5.746126318978626
rolling_validation,moving_average_4_week,FOODS_1_005_TX_2,24,149.0,202.9322967529297,94.08671569824219,489.91053408035077,53.93229675292969,63.14544677734375,36.19617231740248,3.9202798207600913,4.51806805172461
rolling_validation,moving_average_4_week,FOODS_1_005_TX_3,24,181.0,258.149169921875,132.43310546875,978.5836653918959,77.149169921875,73.16746158494475,42.6238507855663,5.518046061197917,6.385477225026254
rolling_validation,moving_average_4_week,FOODS_1_005_WI_1,24,282.0,252.57257080078125,145.10305786132812,1302.6474743108265,-29.42742919921875,51.45498505720856,-10.435258581283245,6.045960744222005,7.367291096209273
rolling_validation,moving_average_4_week,FOODS_1_005_WI_2,24,300.0,210.31057739257812,145.49005126953125,2083.607570775319,-89.68942260742188,48.496683756510414,-29.89647420247396,6.062085469563802,9.317563099632773
rolling_validation,moving_average_4_week,FOODS_1_005_WI_3,24,267.0,214.65371704101562,104.5570068359375,674.3343527638353,-52.346282958984375,39.15992765390918,-19.60534942284059,4.3565419514973955,5.300685304608559
rolling_validation,moving_average_4_week,FOODS_1_006_CA_1,24,254.0,245.00680541992188,103.73208618164062,633.1935973507352,-8.993194580078125,40.83940400851993,-3.540627787432333,4.322170257568359,5.136444933636555
rolling_validation,moving_average_4_week,FOODS_1_006_CA_2,24,138.0,197.07997131347656,103.67298889160156,579.1396924976725,59.07997131347656,75.12535426927649,42.81157341556273,4.319707870483398,4.91231315377352
rolling_validation,moving_average_4_week,FOODS_1_006_CA_3,24,279.0,325.1150207519531,139.44204711914062,1159.8032830697484,46.115020751953125,49.979228358114916,16.52868127310148,5.810085296630859,6.95162835561373
rolling_validation,moving_average_4_week,FOODS_1_006_CA_4,24,187.0,130.9266815185547,118.73078918457031,812.0964409068692,-56.07331848144531,63.49240063346006,-29.985731808259526,4.947116216023763,5.8169881987548235
rolling_validation,moving_average_4_week,FOODS_1_006_TX_1,24,71.0,68.37977600097656,59.75901794433594,338.44369225832634,-2.6202239990234375,84.1676309075154,-3.690456336652729,2.4899590810139975,3.7552390750474993
rolling_validation,moving_average_4_week,FOODS_1_006_TX_2,24,95.0,92.40156555175781,61.59040832519531,277.2607267454732,-2.5984344482421875,64.83200876336349,-2.735194156044408,2.5662670135498047,3.398901334411075
rolling_validation,moving_average_4_week,FOODS_1_006_TX_3,24,121.0,87.23335266113281,70.68461608886719,504.6659547148738,-33.76664733886719,58.417038089972884,-27.90632011476627,2.945192337036133,4.585602262857055
rolling_validation,moving_average_4_week,FOODS_1_006_WI_1,24,266.0,218.979248046875,99.8363037109375,688.2502941396087,-47.020751953125,37.53244500411184,-17.676974418468046,4.1598459879557295,5.355099960705717
rolling_validation,moving_average_4_week,FOODS_1_006_WI_2,24,173.0,189.5400848388672,132.44078063964844,1512.039410936879,16.540084838867188,76.5553645315887,9.56074268142612,5.518365859985352,7.937357376505732
rolling_validation,moving_average_4_week,FOODS_1_006_WI_3,24,143.0,111.35072326660156,55.99839782714844,391.9694761096034,-31.649276733398438,39.15971876024366,-22.13236135202688,2.333266576131185,4.041294533261194
rolling_validation,moving_average_4_week,FOODS_1_008_CA_1,24,56.0,60.606903076171875,41.1632080078125,107.74674413213506,4.606903076171875,73.50572858537946,8.226612636021205,1.7151336669921875,2.118831676224493
rolling_validation,moving_average_4_week,FOODS_1_008_CA_2,24,56.0,55.70164489746094,41.28395080566406,110.9706414595712,-0.2983551025390625,73.72134072440011,-0.5327769688197544,1.7201646169026692,2.1502968928690134
rolling_validation,moving_average_4_week,FOODS_1_008_CA_3,24,55.0,53.91972351074219,40.28477478027344,134.4198896556627,-1.0802764892578125,73.24504505504261,-1.964139071377841,1.6785322825113933,2.366607009127754
rolling_validation,moving_average_4_week,FOODS_1_008_CA_4,24,64.0,78.62771606445312,37.126495361328125,96.54988506948575,14.627716064453125,58.010149002075195,22.855806350708008,1.5469373067220051,2.005719790473046
rolling_validation,moving_average_4_week,FOODS_1_008_TX_1,24,17.0,14.59912109375,23.21221923828125,38.25330687267706,-2.40087890625,136.54246610753677,-14.122817095588236,0.9671758015950521,1.262492687646762
rolling_validation,moving_average_4_week,FOODS_1_008_TX_2,24,50.0,39.39654541015625,32.75164794921875,73.91974468203261,-10.60345458984375,65.5032958984375,-21.2069091796875,1.3646519978841145,1.7549898466234382
rolling_validation,moving_average_4_week,FOODS_1_008_TX_3,24,38.0,45.50602722167969,31.588363647460938,55.42373461765237,7.5060272216796875,83.12727275647616,19.752703214946546,1.3161818186442058,1.5196454440873752
rolling_validation,moving_average_4_week,FOODS_1_008_WI_1,24,104.0,94.78619384765625,52.052490234375,182.1823943159543,-9.21380615234375,50.050471379206726,-8.859428992638222,2.168853759765625,2.7551648038725554
rolling_validation,moving_average_4_week,FOODS_1_008_WI_2,24,47.0,52.66636657714844,38.40858459472656,118.59140454861335,5.6663665771484375,81.72039275473738,12.056099100315825,1.6003576914469402,2.222905423732393
rolling_validation,moving_average_4_week,FOODS_1_008_WI_3,24,41.0,38.16423034667969,37.69645690917969,94.60687319957651,-2.8357696533203125,91.94257782726754,-6.916511349561738,1.5706857045491536,1.9854352293596371
rolling_validation,moving_average_4_week,FOODS_1_009_CA_1,24,170.0,222.07261657714844,117.96788024902344,847.4381004672032,52.07261657714844,69.39287073471966,30.630950927734375,4.91532834370931,5.942215146963305
rolling_validation,moving_average_4_week,FOODS_1_009_CA_2,24,216.0,226.3781280517578,136.22532653808594,1259.8547489617486,10.378128051757812,63.06728080466941,4.804688912850839,5.676055272420247,7.245270724645573
rolling_validation,moving_average_4_week,FOODS_1_009_CA_3,24,345.0,322.8744201660156,339.91455078125,6645.423244402278,-22.125579833984375,98.5259567481884,-6.413211546082427,14.163106282552084,16.6400912011752
rolling_validation,moving_average_4_week,FOODS_1_009_CA_4,24,83.0,85.56817626953125,49.446014404296875,165.91006696177647,2.56817626953125,59.573511330478155,3.0941882765436746,2.0602506001790366,2.6292431338202036
rolling_validation,moving_average_4_week,FOODS_1_009_TX_1,24,45.0,40.25740051269531,45.85932922363281,166.74272969574668,-4.7425994873046875,101.9096204969618,-10.539109971788195,1.910805384318034,2.6358326459247707
rolling_validation,moving_average_4_week,FOODS_1_009_TX_2,24,3.0,24.014297485351562,27.014297485351562,82.02268238575198,21.014297485351562,900.4765828450521,700.476582845052,1.1255957285563152,1.848678383622473
rolling_validation,moving_average_4_week,FOODS_1_009_TX_3,24,55.0,96.82601928710938,60.645263671875,201.19366581412032,41.826019287109375,110.26411576704544,76.04730779474433,2.526885986328125,2.895353071547869
rolling_validation,moving_average_4_week,FOODS_1_009_WI_1,24,110.0,104.36178588867188,59.798614501953125,235.48292956594378,-5.638214111328125,54.36237681995738,-5.125649192116477,2.4916089375813804,3.1323774887318936
rolling_validation,moving_average_4_week,FOODS_1_009_WI_2,24,113.0,84.09556579589844,75.92137145996094,354.7230724862311,-28.904434204101562,67.18705438934596,-25.579145313364215,3.1633904774983725,3.8444932072068525
rolling_validation,moving_average_4_week,FOODS_1_009_WI_3,24,62.0,66.70695495605469,64.58195495605469,260.1083799779881,4.7069549560546875,104.16444347750755,7.59186283234627,2.690914789835612,3.2920888757367264
rolling_validation,moving_average_4_week,FOODS_1_010_CA_1,24,40.0,50.90092468261719,45.38133239746094,122.01057411101647,10.900924682617188,113.45333099365233,27.25231170654297,1.8908888498942058,2.2547225818916954
rolling_validation,moving_average_4_week,FOODS_1_010_CA_2,24,83.0,65.82618713378906,55.46894836425781,217.2277433576528,-17.173812866210938,66.83005827019014,-20.69134080266378,2.3112061818440757,3.0085139144161412
rolling_validation,moving_average_4_week,FOODS_1_010_CA_3,24,119.0,140.5189971923828,90.60166931152344,470.71292980690487,21.518997192382812,76.1358565643054,18.08319091796875,3.77506955464681,4.428661055212328
rolling_validation,moving_average_4_week,FOODS_1_010_CA_4,24,0.0,0.0,0.0,0.0,0.0,,,0.0,0.0
rolling_validation,moving_average_4_week,FOODS_1_010_TX_1,24,68.0,71.81982421875,38.2109375,95.65422998787835,3.81982421875,56.19255514705882,5.617388556985294,1.5921223958333333,1.996394979998096
rolling_validation,moving_average_4_week,FOODS_1_010_TX_2,24,143.0,117.10394287109375,77.27359008789062,389.7288650306873,-25.89605712890625,54.0374755859375,-18.109130859375,3.219732920328776,4.029727374105098
rolling_validation,moving_average_4_week,FOODS_1_010_TX_3,24,143.0,187.8375701904297,98.43751525878906,572.6597091045696,44.83757019042969,68.83742325789444,31.354944189111674,4.101563135782878,4.884753956208071
rolling_validation,moving_average_4_week,FOODS_1_010_WI_1,24,216.0,225.1693878173828,68.64070129394531,239.39838983886875,9.169387817382812,31.778102450900608,4.245086952492043,2.8600292205810547,3.1583117183002796
rolling_validation,moving_average_4_week,FOODS_1_010_WI_2,24,45.0,66.33280944824219,53.02470397949219,197.26251300633885,21.332809448242188,117.83267550998264,47.40624321831597,2.2093626658121743,2.8669271660201137
rolling_validation,moving_average_4_week,FOODS_1_010_WI_3,24,88.0,62.121246337890625,61.08514404296875,290.4224490891211,-25.878753662109375,69.41493641246448,-29.40767461603338,2.5452143351236978,3.47863987482369
rolling_validation,moving_average_4_week,FOODS_1_011_CA_1,24,115.0,49.30810546875,117.30810546875,1025.413271188736,-65.69189453125,102.00704823369566,-57.12338654891305,4.887837727864583,6.5364786365593925
rolling_validation,moving_average_4_week,FOODS_1_011_CA_2,24,164.0,86.34315490722656,179.84315490722656,2622.3780541813467,-77.65684509277344,109.66046030928449,-47.35173481266673,7.4934647878011065,10.453025985692188
rolling_validation,moving_average_4_week,FOODS_1_011_CA_3,24,127.0,133.74710083007812,109.43099975585938,838.5407316968776,6.747100830078125,86.16614154004675,5.312677818959154,4.559624989827474,5.910938770959869
rolling_validation,moving_average_4_week,FOODS_1_011_CA_4,24,80.0,32.520263671875,83.020263671875,593.8257427811623,-47.479736328125,103.77532958984375,-59.34967041015625,3.4591776529947915,4.974207402445985
rolling_validation,moving_average_4_week,FOODS_1_011_TX_1,24,73.0,29.030181884765625,85.71768188476562,710.8371540913358,-43.969818115234375,117.4214820339255,-60.232627555115585,3.571570078531901,5.442261915215553
rolling_validation,moving_average_4_week,FOODS_1_011_TX_2,24,25.0,32.47038269042969,55.47038269042969,253.73873300501145,7.4703826904296875,221.88153076171875,29.88153076171875,2.3112659454345703,3.2515299796468344
rolling_validation,moving_average_4_week,FOODS_1_011_TX_3,24,30.0,5.9934844970703125,33.51496887207031,104.40205535502173,-24.006515502929688,111.71656290690105,-80.02171834309895,1.396457036336263,2.0856858919292165
rolling_validation,moving_average_4_week,FOODS_1_011_WI_1,24,60.0,31.978805541992188,66.10380554199219,439.12344344728626,-28.021194458007812,110.17300923665366,-46.70199076334635,2.7543252309163413,4.277477076927114
rolling_validation,moving_average_4_week,FOODS_1_011_WI_2,24,57.0,19.206024169921875,56.971649169921875,351.6688717538491,-37.793975830078125,99.95026170161732,-66.30522075452303,2.3738187154134116,3.8279066937962813
rolling_validation,moving_average_4_week,FOODS_1_011_WI_3,24,22.0,14.790908813476562,23.468643188476562,58.455684609944,-7.2090911865234375,106.67565085671164,-32.76859630237926,0.9778601328531901,1.5606580424341308
rolling_validation,moving_average_4_week,HOBBIES_1_001_CA_1,24,115.0,118.28022766113281,39.06138610839844,106.97217827872373,3.2802276611328125,33.966422702955164,2.852371879245924,1.6275577545166016,2.1112020497685253
rolling_validation,moving_average_4_week,HOBBIES_1_001_CA_2,24,105.0,107.01002502441406,45.14665222167969,122.53228308144026,2.0100250244140625,42.99681163969494,1.9143095470610119,1.8811105092366536,2.259537960526446
rolling_validation,moving_average_4_week,HOBBIES_1_001_CA_3,24,132.0,113.37025451660156,46.78578186035156,127.573172892211,-18.629745483398438,35.443774136629976,-14.11344354802912,1.9494075775146484,2.3055474123315687
rolling_validation,moving_average_4_week,HOBBIES_1_001_CA_4,24,131.0,138.75137329101562,40.218963623046875,92.12061646161601,7.751373291015625,30.701498948890745,5.917078848103531,1.6757901509602864,1.9591730447395401
rolling_validation,moving_average_4_week,HOBBIES_1_001_TX_1,24,39.0,35.19441223144531,26.185714721679688,38.34631118294783,-3.8055877685546875,67.14285826071715,-9.757917355268429,1.0910714467366536,1.2640264894202808
rolling_validation,moving_average_4_week,HOBBIES_1_001_TX_2,24,106.0,85.69309997558594,50.88896179199219,167.0817046763841,-20.306900024414062,48.00845452074734,-19.157452853220814,2.1203734079996743,2.638510506867338
rolling_validation,moving_average_4_week,HOBBIES_1_001_TX_3,24,104.0,116.05055236816406,42.96202087402344,104.86135250073858,12.050552368164062,41.30963545579176,11.587069584773136,1.7900842030843098,2.0902686480125245
rolling_validation,moving_average_4_week,HOBBIES_1_001_WI_1,24,76.0,66.69265747070312,37.4696044921875,96.66811799677089,-9.307342529296875,49.302111173930925,-12.246503328022204,1.5612335205078125,2.006947495542784
rolling_validation,moving_average_4_week,HOBBIES_1_001_WI_2,24,4.0,0.0,4.0,10.0,-4.0,100.0,-100.0,0.16666666666666666,0.6454972243679028
rolling_validation,moving_average_4_week,HOBBIES_1_001_WI_3,24,44.0,43.296112060546875,30.52203369140625,60.94195505650714,-0.703887939453125,69.36825838955966,-1.5997453169389206,1.2717514038085938,1.593501844164124
rolling_validation,moving_average_4_week,HOBBIES_1_002_CA_1,24,65.0,97.80168151855469,77.69230651855469,421.79526272858493,32.80168151855469,119.52662541316106,50.46412541316106,3.237179438273112,4.1922312214012045
rolling_validation,moving_average_4_week,HOBBIES_1_002_CA_2,24,18.0,30.497421264648438,24.104843139648438,32.14817986567505,12.497421264648438,133.9157952202691,69.43011813693576,1.0043684641520183,1.1573709407113724
rolling_validation,moving_average_4_week,HOBBIES_1_002_CA_3,24,29.0,21.170150756835938,21.080276489257812,28.171991086332127,-7.8298492431640625,72.69060858364763,-26.99948014884159,0.8783448537190756,1.0834357211807746
rolling_validation,moving_average_4_week,HOBBIES_1_002_CA_4,24,32.0,43.68658447265625,36.128143310546875,71.46772701619193,11.68658447265625,112.90044784545898,36.52057647705078,1.5053393046061199,1.7256366822155806
rolling_validation,moving_average_4_week,HOBBIES_1_002_TX_1,24,8.0,8.79742431640625,12.338531494140625,9.202011515852064,0.79742431640625,154.2316436767578,9.967803955078125,0.514105478922526,0.6192068689007221
rolling_validation,moving_average_4_week,HOBBIES_1_002_TX_2,24,31.0,29.179733276367188,31.069686889648438,53.58123616059311,-1.8202667236328125,100.22479641822078,-5.871828140751008,1.2945702870686848,1.494172515706061
rolling_validation,moving_average_4_week,HOBBIES_1_002_TX_3,24,11.0,17.985321044921875,14.915435791015625,11.96933129383251,6.985321044921875,135.59487082741478,63.50291859019887,0.6214764912923177,0.7062026176976557
rolling_validation,moving_average_4_week,HOBBIES_1_002_WI_1,24,151.0,183.76454162597656,139.21913146972656,1560.2188602138776,32.76454162597656,92.1981003110772,21.698371937732823,5.80079714457194,8.062823275725336
rolling_validation,moving_average_4_week,HOBBIES_1_002_WI_2,24,104.0,97.92457580566406,66.36048889160156,255.06614692346193,-6.0754241943359375,63.80816239577073,-5.841754033015325,2.7650203704833984,3.2600239449750847
rolling_validation,moving_average_4_week,HOBBIES_1_002_WI_3,24,70.0,73.36335754394531,45.41938781738281,154.6221761063207,3.3633575439453125,64.8848397391183,4.804796491350446,1.8924744923909504,2.5382258904787602
rolling_validation,moving_average_4_week,HOBBIES_1_003_CA_1,24,110.0,144.63626098632812,126.9630126953125,1047.1271838140674,34.636260986328125,115.42092063210228,31.487509987571023,5.2901255289713545,6.60532355949246
rolling_validation,moving_average_4_week,HOBBIES_1_003_CA_2,24,61.0,41.80296325683594,34.14979553222656,90.99945781496353,-19.197036743164062,55.98327136430584,-31.470552037973874,1.4229081471761067,1.9472144400716322
rolling_validation,moving_average_4_week,HOBBIES_1_003_CA_3,24,64.0,82.72328186035156,55.73439025878906,209.98890478047542,18.723281860351562,87.08498477935791,29.255127906799316,2.3222662607828775,2.9579617474177176
rolling_validation,moving_average_4_week,HOBBIES_1_003_CA_4,24,39.0,62.17112731933594,49.59147644042969,159.92210805905052,23.171127319335938,127.15763189853766,59.41314697265625,2.066311518351237,2.5813603330660957
rolling_validation,moving_average_4_week,HOBBIES_1_003_TX_1,24,36.0,37.584503173828125,28.398712158203125,47.42549459403381,1.584503173828125,78.88531155056424,4.401397705078125,1.1832796732584636,1.4057248218450895
rolling_validation,moving_average_4_week,HOBBIES_1_003_TX_2,24,23.0,22.689208984375,20.83184814453125,24.166583077982068,-0.310791015625,90.57325280230978,-1.351265285326087,0.8679936726888021,1.0034644794822516
rolling_validation,moving_average_4_week,HOBBIES_1_003_TX_3,24,34.0,45.27671813964844,41.51078796386719,99.77276504901238,11.276718139648438,122.09055283490349,33.16681805778952,1.7296161651611328,2.0389209263011767
rolling_validation,moving_average_4_week,HOBBIES_1_003_WI_1,24,24.0,19.007339477539062,17.875473022460938,23.893130659358576,-4.9926605224609375,74.48113759358725,-20.80275217692057,0.7448113759358724,0.997771071341822
rolling_validation,moving_average_4_week,HOBBIES_1_003_WI_2,24,17.0,16.674530029296875,18.6953125,22.839634594041854,-0.325469970703125,109.97242647058823,-1.9145292394301472,0.7789713541666666,0.9755262382009059
rolling_validation,moving_average_4_week,HOBBIES_1_003_WI_3,24,17.0,4.2922210693359375,16.359634399414062,40.484471714356914,-12.707778930664062,96.23314352596508,-74.75164076861213,0.6816514333089193,1.2987890468040624
rolling_validation,moving_average_4_week,HOBBIES_1_004_CA_1,24,308.0,318.74757385253906,116.41200256347656,715.4449256982189,10.747573852539062,37.79610472840148,3.48947203004515,4.850500106811523,5.459872272995567
rolling_validation,moving_average_4_week,HOBBIES_1_004_CA_2,24,537.0,590.2543182373047,170.6459197998047,1706.3957255689893,53.25431823730469,31.777638696425452,9.917005258343517,7.110246658325195,8.432071032593825
rolling_validation,moving_average_4_week,HOBBIES_1_004_CA_3,24,1036.0,1000.4939117431641,125.34696960449219,1082.2681301368866,-35.50608825683594,12.099128340201949,-3.427228596219685,5.222790400187175,6.715244256344684
rolling_validation,moving_average_4_week,HOBBIES_1_004_CA_4,24,84.0,82.2952880859375,53.1622314453125,179.6455060732551,-1.7047119140625,63.288370768229164,-2.0294189453125,2.215092976888021,2.735914731807072
rolling_validation,moving_average_4_week,HOBBIES_1_004_TX_1,24,125.0,162.58609008789062,84.35009765625,412.6428759661503,37.586090087890625,67.48007812499999,30.0688720703125,3.51458740234375,4.146498904528525
rolling_validation,moving_average_4_week,HOBBIES_1_004_TX_2,24,49.0,0.0,49.0,415.0,-49.0,100.0,-100.0,2.0416666666666665,4.15832498329155
rolling_validation,moving_average_4_week,HOBBIES_1_004_TX_3,24,208.0,153.1353302001953,122.82572937011719,891.1017681255471,-54.86466979980469,59.050831427940956,-26.377245096059948,5.117738723754883,6.09337675993898
rolling_validation,moving_average_4_week,HOBBIES_1_004_WI_1,24,56.0,59.296112060546875,27.359100341796875,45.42043819325045,3.296112060546875,48.85553632463728,5.885914393833706,1.1399625142415364,1.3756882852056647
rolling_validation,moving_average_4_week,HOBBIES_1_004_WI_2,24,62.0,40.68882751464844,37.53062438964844,105.05852196761407,-21.311172485351562,60.53326514459425,-34.372858847341234,1.5637760162353516,2.0922328778884185
rolling_validation,moving_average_4_week,HOBBIES_1_004_WI_3,24,360.0,320.41587829589844,86.89601135253906,473.8732426564675,-39.58412170410156,24.13778093126085,-10.995589362250433,3.6206671396891275,4.443502947452548
rolling_validation,moving_average_4_week,HOBBIES_1_005_CA_1,24,201.0,226.96023559570312,86.01470947265625,449.1704763905145,25.960235595703125,42.79338779734142,12.915540097364739,3.5839462280273438,4.32613413063805
rolling_validation,moving_average_4_week,HOBBIES_1_005_CA_2,24,265.0,259.57814025878906,90.06398010253906,496.61341913300566,-5.4218597412109375,33.9864075858638,-2.0459848080041274,3.7526658376057944,4.548870826612751
rolling_validation,moving_average_4_week,HOBBIES_1_005_CA_3,24,303.0,322.711669921875,70.7293701171875,283.5495248599909,19.711669921875,23.343026441316006,6.505501624381188,2.947057088216146,3.437231958398059
rolling_validation,moving_average_4_week,HOBBIES_1_005_CA_4,24,319.0,304.26698303222656,81.87516784667969,390.96809801948257,-14.733016967773438,25.666196817140968,-4.618500616856877,3.411465326944987,4.036129013978424
rolling_validation,moving_average_4_week,HOBBIES_1_005_TX_1,24,99.0,85.08964538574219,48.92402648925781,167.55715292715468,-13.910354614257812,49.418208575007895,-14.050863246725061,2.0385011037190757,2.6422619171140935
rolling_validation,moving_average_4_week,HOBBIES_1_005_TX_2,24,133.0,137.00772094726562,46.868438720703125,146.2485402491875,4.007720947265625,35.23942760955122,3.01332402050047,1.9528516133626301,2.4685398876764135
rolling_validation,moving_average_4_week,HOBBIES_1_005_TX_3,24,113.0,134.93231201171875,45.733154296875,150.45849133422598,21.93231201171875,40.47181796183628,19.40912567408739,1.905548095703125,2.503817845929042
rolling_validation,moving_average_4_week,HOBBIES_1_005_WI_1,24,146.0,133.25755310058594,72.87544250488281,349.6143029227387,-12.742446899414062,49.914686647180005,-8.727703355763056,3.0364767710367837,3.8167083490595375
rolling_validation,moving_average_4_week,HOBBIES_1_005_WI_2,24,99.0,75.78828430175781,68.93293762207031,286.1406733656768,-23.211715698242188,69.62922992128314,-23.446177472971907,2.8722057342529297,3.4529013969274014
rolling_validation,moving_average_4_week,HOBBIES_1_005_WI_3,24,102.0,65.98532104492188,58.685089111328125,224.51706236135215,-36.014678955078125,57.53440108953738,-35.308508779488356,2.4452120463053384,3.0585744389158935
rolling_validation,moving_average_4_week,HOBBIES_1_006_CA_1,24,87.0,10.3826904296875,80.6173095703125,586.7662419229746,-76.6173095703125,92.66357421875,-88.06587306932471,3.3590545654296875,4.94455189207852
rolling_validation,moving_average_4_week,HOBBIES_1_006_CA_2,24,113.0,138.17979431152344,78.26200866699219,356.5795672989916,25.179794311523438,69.25841474955061,22.283003815507467,3.2609170277913413,3.854540435744749
rolling_validation,moving_average_4_week,HOBBIES_1_006_CA_3,24,179.0,184.65476989746094,63.60618591308594,262.21349105541594,5.6547698974609375,35.53418207434969,3.1590893281904684,2.6502577463785806,3.3053838093796304
rolling_validation,moving_average_4_week,HOBBIES_1_006_CA_4,24,0.0,0.0,0.0,0.0,0.0,,,0.0,0.0
rolling_validation,moving_average_4_week,HOBBIES_1_006_TX_1,24,71.0,75.37190246582031,37.94773864746094,84.75547107239254,4.3719024658203125,53.44751922177596,6.157609106789173,1.581155776977539,1.8792227013714178
rolling_validation,moving_average_4_week,HOBBIES_1_006_TX_2,24,34.0,28.20953369140625,26.38140869140625,84.61802689917386,-5.79046630859375,77.59237850413602,-17.030783260569855,1.099225362141927,1.8776983572445576
rolling_validation,moving_average_4_week,HOBBIES_1_006_TX_3,24,41.0,30.293869018554688,32.38978576660156,77.88779041240923,-10.706130981445312,78.99947747951602,-26.112514588891006,1.3495744069417317,1.8014784485297213
rolling_validation,moving_average_4_week,HOBBIES_1_006_WI_1,24,396.0,425.8953857421875,110.521728515625,882.6821322613396,29.8953857421875,27.90952740293561,7.549339833885732,4.605072021484375,6.064521595110023
rolling_validation,moving_average_4_week,HOBBIES_1_006_WI_2,24,120.0,83.86894226074219,58.28785705566406,220.4391058657784,-36.13105773925781,48.57321421305338,-30.109214782714844,2.4286607106526694,3.0306703457168407
rolling_validation,moving_average_4_week,HOBBIES_1_006_WI_3,24,40.0,0.0,40.0,274.0,-40.0,100.0,-100.0,1.6666666666666667,3.378855822118882
rolling_validation,moving_average_4_week,HOBBIES_1_007_CA_1,24,50.0,35.98493957519531,34.42930603027344,93.75088980351575,-14.015060424804688,68.85861206054688,-28.030120849609375,1.4345544179280598,1.976432916935581
rolling_validation,moving_average_4_week,HOBBIES_1_007_CA_2,24,33.0,25.798248291015625,22.60443115234375,35.92086854809895,-7.201751708984375,68.49827621922348,-21.82349002722538,0.9418512980143229,1.223398077557256
rolling_validation,moving_average_4_week,HOBBIES_1_007_CA_3,24,39.0,33.41938781738281,24.233291625976562,37.41529858042486,-5.5806121826171875,62.1366451948117,-14.309262006710737,1.0097204844156902,1.2485875116243832
rolling_validation,moving_average_4_week,HOBBIES_1_007_CA_4,24,63.0,47.363739013671875,30.429290771484375,55.241736193653196,-15.636260986328125,48.30046154203869,-24.819461883060516,1.2678871154785156,1.517148314460021
rolling_validation,moving_average_4_week,HOBBIES_1_007_TX_1,24,37.0,39.47502136230469,28.252944946289062,46.395783382700756,2.4750213623046875,76.35931066564612,6.689246925147804,1.177206039428711,1.3903803943330995
rolling_validation,moving_average_4_week,HOBBIES_1_007_TX_2,24,23.0,28.90728759765625,22.88262939453125,30.31985406205058,5.90728759765625,99.4896930197011,25.683859120244566,0.9534428914388021,1.1239783149978655
rolling_validation,moving_average_4_week,HOBBIES_1_007_TX_3,24,30.0,30.87628173828125,23.014923095703125,31.93606659816578,0.87628173828125,76.71641031901042,2.9209391276041665,0.9589551289876302,1.15354646269244
rolling_validation,moving_average_4_week,HOBBIES_1_007_WI_1,24,108.0,98.59835815429688,47.731231689453125,151.91471719834954,-9.401641845703125,44.19558489764178,-8.705223931206598,1.9888013203938801,2.5159053804276033
rolling_validation,moving_average_4_week,HOBBIES_1_007_WI_2,24,41.0,27.906463623046875,29.536468505859375,55.17593282740563,-13.093536376953125,72.0401670874619,-31.93545457793445,1.2306861877441406,1.5162444397727899
rolling_validation,moving_average_4_week,HOBBIES_1_007_WI_3,24,29.0,34.64277648925781,20.795333862304688,25.419290233636275,5.6427764892578125,71.70804780105064,19.457849962957972,0.8664722442626953,1.0291438641259918
rolling_validation,moving_average_4_week,HOBBIES_1_008_CA_1,24,1999.0,1778.1188049316406,825.0798645019531,39305.35887221014,-220.88119506835938,41.27463054036784,-11.049584545690815,34.37832768758138,40.468793981808865
rolling_validation,moving_average_4_week,HOBBIES_1_008_CA_2,24,685.0,673.2544555664062,340.115966796875,6650.645183704328,-11.74554443359375,49.651965955748175,-1.7146780195027373,14.171498616536459,16.64662776623783
rolling_validation,moving_average_4_week,HOBBIES_1_008_CA_3,24,1420.0,1277.363037109375,323.2255859375,7775.141221968923,-142.636962890625,22.762365206866196,-10.04485654159331,13.467732747395834,17.999006016500978
rolling_validation,moving_average_4_week,HOBBIES_1_008_CA_4,24,942.0,946.7124481201172,284.3814239501953,5971.602365885163,4.7124481201171875,30.189110822738357,0.5002598853627588,11.849225997924805,15.773926754147654
rolling_validation,moving_average_4_week,HOBBIES_1_008_TX_1,24,149.0,231.08338928222656,204.9366912841797,2938.4734777596314,82.08338928222656,137.5414035464293,55.089523008205745,8.539028803507486,11.065098052283645
rolling_validation,moving_average_4_week,HOBBIES_1_008_TX_2,24,1072.0,1471.2931823730469,459.9778747558594,11526.249771897681,399.2931823730469,42.908383839165985,37.24749835569467,19.16574478149414,21.91484444759769
rolling_validation,moving_average_4_week,HOBBIES_1_008_TX_3,24,424.0,448.3832092285156,242.32470703125,3354.1532215191983,24.383209228515625,57.15205354510613,5.750756893517836,10.09686279296875,11.821860438609761
rolling_validation,moving_average_4_week,HOBBIES_1_008_WI_1,24,422.0,408.6964111328125,207.21319580078125,2926.8653534371406,-13.3035888671875,49.10265303336049,-3.152509210234005,8.633883158365885,11.043220683291667
rolling_validation,moving_average_4_week,HOBBIES_1_008_WI_2,24,388.0,446.09425354003906,156.37998962402344,1846.144047314534,58.09425354003906,40.304121037119444,14.972745757742025,6.515832901000977,8.770556917214869
rolling_validation,moving_average_4_week,HOBBIES_1_008_WI_3,24,241.0,226.5928955078125,127.2518310546875,1291.5706020537764,-14.4071044921875,52.80158964924793,-5.978051656509336,5.3021596272786455,7.335900882116707
rolling_validation,moving_average_4_week,HOBBIES_1_009_CA_1,24,7.0,16.598739624023438,23.598739624023438,51.589637184748426,9.598739624023438,337.1248517717634,137.1248517717634,0.9832808176676432,1.4661405853570744
rolling_validation,moving_average_4_week,HOBBIES_1_009_CA_2,24,97.0,86.73631286621094,79.64585876464844,359.1494228246156,-10.263687133789062,82.10913274706024,-10.58112075648357,3.318577448527018,3.868405263717723
rolling_validation,moving_average_4_week,HOBBIES_1_009_CA_3,24,220.0,240.49813842773438,83.84231567382812,440.02303137164563,20.498138427734375,38.110143488103695,9.317335648970172,3.4934298197428384,4.281856253287652
rolling_validation,moving_average_4_week,HOBBIES_1_009_CA_4,24,430.0,411.6491241455078,159.65159606933594,1621.7904477242846,-18.350875854492188,37.12827815565952,-4.267645547556323,6.652149836222331,8.220377241253097
rolling_validation,moving_average_4_week,HOBBIES_1_009_TX_1,24,120.0,121.39144897460938,68.02728271484375,281.62531493464485,1.391448974609375,56.68940226236979,1.159540812174479,2.8344701131184897,3.4255493168653794
rolling_validation,moving_average_4_week,HOBBIES_1_009_TX_2,24,64.0,41.48356628417969,62.73600769042969,272.16057446808554,-22.516433715820312,98.02501201629639,-35.18192768096924,2.6140003204345703,3.3674952021005513
rolling_validation,moving_average_4_week,HOBBIES_1_009_TX_3,24,84.0,62.93971252441406,56.81269836425781,204.01603379356675,-21.060287475585938,67.63416471935454,-25.071770804268972,2.3671957651774087,2.915590519042746
rolling_validation,moving_average_4_week,HOBBIES_1_009_WI_1,24,121.0,140.29415893554688,72.7470703125,367.49537904327735,19.294158935546875,60.12154571280992,15.945585897146177,3.0311279296875,3.9130943587059788
rolling_validation,moving_average_4_week,HOBBIES_1_009_WI_2,24,33.0,29.80169677734375,23.16229248046875,31.92261152341962,-3.19830322265625,70.18876509232955,-9.691827947443182,0.9650955200195312,1.1533034351270344
rolling_validation,moving_average_4_week,HOBBIES_1_009_WI_3,24,37.0,45.647430419921875,44.538055419921875,123.22406172100455,8.647430419921875,120.37312275654561,23.37143356735642,1.8557523091634114,2.2659073028351924
rolling_validation,moving_average_4_week,HOBBIES_1_010_CA_1,24,108.0,99.89956665039062,39.15509033203125,97.00303030991927,-8.100433349609375,36.25471327039931,-7.500401249638309,1.6314620971679688,2.0104210826540716
rolling_validation,moving_average_4_week,HOBBIES_1_010_CA_2,24,51.0,86.37234497070312,45.659942626953125,172.25176014611498,35.372344970703125,89.52929926853554,69.35753915824142,1.9024976094563801,2.6790215887063678
rolling_validation,moving_average_4_week,HOBBIES_1_010_CA_3,24,129.0,116.91636657714844,53.15263366699219,195.75069405627437,-12.083633422851562,41.203591989916426,-9.367157692132993,2.214693069458008,2.855919977697455
rolling_validation,moving_average_4_week,HOBBIES_1_010_CA_4,24,28.0,10.884445190429688,27.063278198242188,47.79436126979999,-17.115554809570312,96.6545649937221,-61.12698146275112,1.1276365915934246,1.411180966274347
rolling_validation,moving_average_4_week,HOBBIES_1_010_TX_1,24,88.0,73.76072692871094,39.20918273925781,99.88564383867197,-14.239273071289062,44.555889476429336,-16.180992126464844,1.6337159474690754,2.0400739757693422
rolling_validation,moving_average_4_week,HOBBIES_1_010_TX_2,24,123.0,146.5675811767578,46.80964660644531,136.97265337989666,23.567581176757812,38.05662325727261,19.16063510305513,1.9504019419352214,2.38897339684414
rolling_validation,moving_average_4_week,HOBBIES_1_010_TX_3,24,92.0,88.0,44.0611572265625,117.02447890909389,-4.0,47.89256220278533,-4.3478260869565215,1.8358815511067708,2.2081711787236014
rolling_validation,moving_average_4_week,HOBBIES_1_010_WI_1,24,85.0,86.59693908691406,39.11778259277344,78.44112236914225,1.5969390869140625,46.02092069738051,1.8787518669577206,1.6299076080322266,1.8078661727888656
rolling_validation,moving_average_4_week,HOBBIES_1_010_WI_2,24,65.0,71.31117248535156,37.85298156738281,101.69971184921451,6.3111724853515625,58.23535625751202,9.709496131310095,1.5772075653076172,2.0585159687787877
rolling_validation,moving_average_4_week,HOBBIES_1_010_WI_3,24,58.0,54.17584228515625,49.99725341796875,157.11641019769013,-3.82415771484375,86.20216106546337,-6.593375370420258,2.0832188924153647,2.558616245467542
rolling_validation,moving_average_4_week,HOUSEHOLD_1_001_CA_1,24,167.0,139.15420532226562,85.97543334960938,482.5365521730855,-27.845794677734375,51.48229541892777,-16.674128549541543,3.5823097229003906,4.483936849898598
rolling_validation,moving_average_4_week,HOUSEHOLD_1_001_CA_2,24,13.0,0.0,13.0,61.0,-13.0,100.0,-100.0,0.5416666666666666,1.5942605391424158
rolling_validation,moving_average_4_week,HOUSEHOLD_1_001_CA_3,24,8.0,3.0073394775390625,10.382339477539062,19.290790556231514,-4.9926605224609375,129.77924346923828,-62.40825653076172,0.43259747823079425,0.8965394245893371
rolling_validation,moving_average_4_week,HOUSEHOLD_1_001_CA_4,24,97.0,109.52925109863281,37.83055114746094,89.2278392992448,12.529251098632812,39.0005681932587,12.916753709930735,1.576272964477539,1.9281666518920333
rolling_validation,moving_average_4_week,HOUSEHOLD_1_001_TX_1,24,65.0,63.41084289550781,33.92234802246094,69.4309825731907,-1.5891571044921875,52.188227726862976,-2.4448570838341346,1.413431167602539,1.7008696620306565
rolling_validation,moving_average_4_week,HOUSEHOLD_1_001_TX_2,24,47.0,68.20213317871094,41.75962829589844,142.39909065212123,21.202133178710938,88.85027296999668,45.110921656831785,1.7399845123291016,2.4358356766905245
rolling_validation,moving_average_4_week,HOUSEHOLD_1_001_TX_3,24,5.0,0.0,5.0,13.0,-5.0,100.0,-100.0,0.20833333333333334,0.7359800721939872
rolling_validation,moving_average_4_week,HOUSEHOLD_1_001_WI_1,24,226.0,284.08192443847656,70.08192443847656,370.10091055114754,58.08192443847656,31.00970107897193,25.699966565697597,2.9200801849365234,3.9269417200875902
rolling_validation,moving_average_4_week,HOUSEHOLD_1_001_WI_2,24,29.0,43.59178161621094,37.11674499511719,93.29649820667692,14.591781616210938,127.98877584523167,50.31648833176185,1.546531041463216,1.9716374139138442
rolling_validation,moving_average_4_week,HOUSEHOLD_1_001_WI_3,24,61.0,43.59649658203125,44.614532470703125,116.9917892399244,-17.40350341796875,73.13857782082479,-28.530333472079917,1.8589388529459636,2.2078627414304655
rolling_validation,moving_average_4_week,HOUSEHOLD_1_002_CA_1,24,27.0,51.054443359375,53.554443359375,214.82675877958536,24.054443359375,198.34979021990742,89.09053096064815,2.2314351399739585,2.9918413977263887
rolling_validation,moving_average_4_week,HOUSEHOLD_1_002_CA_2,24,139.0,128.50393676757812,123.81625366210938,887.086273659952,-10.496063232421875,89.07644148353192,-7.551124627641636,5.159010569254558,6.079632231407149
rolling_validation,moving_average_4_week,HOUSEHOLD_1_002_CA_3,24,175.0,180.42926025390625,55.500213623046875,213.82934224093333,5.42926025390625,31.714407784598215,3.102434430803571,2.3125089009602866,2.9848879253173903
rolling_validation,moving_average_4_week,HOUSEHOLD_1_002_CA_4,24,151.0,122.93357849121094,47.97621154785156,152.73372699436732,-28.066421508789062,31.77232552837852,-18.587034111780838,1.9990088144938152,2.522678198152109
rolling_validation,moving_average_4_week,HOUSEHOLD_1_002_TX_1,24,73.0,63.80821228027344,31.181289672851562,61.22495050984435,-9.191787719726562,42.71409544226241,-12.59149002702269,1.2992204030354817,1.597197421916542
rolling_validation,moving_average_4_week,HOUSEHOLD_1_002_TX_2,24,93.0,87.15269470214844,63.82548522949219,256.1964891634416,-5.8473052978515625,68.62955401020665,-6.287425051453294,2.659395217895508,3.2672394640037328
rolling_validation,moving_average_4_week,HOUSEHOLD_1_002_TX_3,24,53.0,50.508270263671875,37.736083984375,96.49184050550684,-2.491729736328125,71.20015846108491,-4.701376860996462,1.5723368326822917,2.005116793205852
rolling_validation,moving_average_4_week,HOUSEHOLD_1_002_WI_1,24,306.0,264.6957244873047,121.36442565917969,840.9365394816268,-41.30427551269531,39.66157701280382,-13.498129252514806,5.056851069132487,5.919376865718309
rolling_validation,moving_average_4_week,HOUSEHOLD_1_002_WI_2,24,77.0,88.22946166992188,45.27392578125,149.3909679572098,11.229461669921875,58.79730620941559,14.583716454443993,1.88641357421875,2.494919570824627
rolling_validation,moving_average_4_week,HOUSEHOLD_1_002_WI_3,24,38.0,57.02201843261719,27.789199829101562,43.612675342010334,19.022018432617188,73.1294732344778,50.05794324372944,1.1578833262125652,1.3480336812992089
rolling_validation,moving_average_4_week,HOUSEHOLD_1_003_CA_1,24,144.0,175.37460327148438,61.42523193359375,260.69159450707957,31.374603271484375,42.65641106499566,21.787918938530815,2.5593846638997397,3.2957775669981606
rolling_validation,moving_average_4_week,HOUSEHOLD_1_003_CA_2,24,238.0,250.8817596435547,49.58024597167969,157.12514698621817,12.881759643554688,20.83203612255449,5.412504051913734,2.0658435821533203,2.558687383098169
rolling_validation,moving_average_4_week,HOUSEHOLD_1_003_CA_3,24,424.0,414.4365539550781,136.38864135742188,1313.0115827629343,-9.563446044921875,32.16713239561837,-2.255529727575914,5.682860056559245,7.39654080962551
rolling_validation,moving_average_4_week,HOUSEHOLD_1_003_CA_4,24,155.0,167.59304809570312,76.57925415039062,385.0499763558619,12.593048095703125,49.40597041960685,8.124547158518146,3.190802256266276,4.005464893720525
rolling_validation,moving_average_4_week,HOUSEHOLD_1_003_TX_1,24,51.0,66.68307495117188,31.20147705078125,58.001485149841756,15.683074951171875,61.17936676623774,30.75112735523897,1.300061543782552,1.5545830784844126
rolling_validation,moving_average_4_week,HOUSEHOLD_1_003_TX_2,24,78.0,98.88444519042969,38.23100280761719,86.20493754954077,20.884445190429688,49.01410616361178,26.774929731320114,1.5929584503173828,1.895223574646942
rolling_validation,moving_average_4_week,HOUSEHOLD_1_003_TX_3,24,55.0,86.95207214355469,39.50956726074219,137.68774210219271,31.952072143554688,71.83557683771306,58.09467662464488,1.646231969197591,2.3952012972312016
rolling_validation,moving_average_4_week,HOUSEHOLD_1_003_WI_1,24,234.0,189.07122802734375,142.723388671875,1250.2365741371177,-44.92877197265625,60.99290114182693,-19.20032990284455,5.946807861328125,7.2175612632693715
rolling_validation,moving_average_4_week,HOUSEHOLD_1_003_WI_2,24,217.0,260.6000061035156,122.7049560546875,953.8673533326946,43.600006103515625,56.546062698012676,20.09216871129752,5.1127065022786455,6.304321776014367
rolling_validation,moving_average_4_week,HOUSEHOLD_1_003_WI_3,24,71.0,58.075408935546875,43.462615966796875,121.1538595976308,-12.924591064453125,61.214952065911085,-18.203649386553696,1.8109423319498699,2.246792710339478
rolling_validation,moving_average_4_week,HOUSEHOLD_1_004_CA_1,24,422.0,387.5008850097656,128.97756958007812,1257.5479752803221,-34.499114990234375,30.563405113762588,-8.175145732283028,5.374065399169922,7.238634698846652
rolling_validation,moving_average_4_week,HOUSEHOLD_1_004_CA_2,24,513.0,496.32313537597656,198.14356994628906,2730.596870186506,-16.676864624023438,38.62447757237604,-3.250850803903204,8.255982081095377,10.66653034454524
rolling_validation,moving_average_4_week,HOUSEHOLD_1_004_CA_3,24,1823.0,1685.6195678710938,453.696533203125,14154.363601615187,-137.38043212890625,24.887357827927868,-7.535953490340441,18.904022216796875,24.28508081245149
rolling_validation,moving_average_4_week,HOUSEHOLD_1_004_CA_4,24,169.0,142.01670837402344,95.95466613769531,630.8034990534652,-26.983291625976562,56.77790895721616,-15.966444749098557,3.998111089070638,5.126741570162057
rolling_validation,moving_average_4_week,HOUSEHOLD_1_004_TX_1,24,162.0,88.91763305664062,98.65493774414062,743.1334360400215,-73.08236694335938,60.89810971860532,-45.11257218725888,4.110622406005859,5.564520928915106
rolling_validation,moving_average_4_week,HOUSEHOLD_1_004_TX_2,24,295.0,318.9752960205078,89.42033386230469,414.0295838324819,23.975296020507812,30.311977580442267,8.127218990002648,3.7258472442626953,4.153460323596067
rolling_validation,moving_average_4_week,HOUSEHOLD_1_004_TX_3,24,400.0,330.5738220214844,174.5709228515625,1696.6279968922026,-69.42617797851562,43.642730712890625,-17.356544494628906,7.2737884521484375,8.407903020601616
rolling_validation,moving_average_4_week,HOUSEHOLD_1_004_WI_1,24,259.0,228.90281677246094,97.99623107910156,611.7578429568093,-30.097183227539062,37.83638265602377,-11.620534064686897,4.083176294962565,5.048753323663218
rolling_validation,moving_average_4_week,HOUSEHOLD_1_004_WI_2,24,875.0,743.7317962646484,295.4473419189453,5447.029713037191,-131.26820373535156,33.76541050502232,-15.00208042689732,12.310305913289389,15.065177442584261
rolling_validation,moving_average_4_week,HOUSEHOLD_1_004_WI_3,24,497.0,285.6709747314453,299.05039978027344,6359.203068402829,-211.3290252685547,60.17110659562845,-42.52093063753615,12.46043332417806,16.277800665838875
rolling_validation,moving_average_4_week,HOUSEHOLD_1_005_CA_1,24,250.0,308.07249450683594,124.09498596191406,1142.5501612152439,58.07249450683594,49.637994384765626,23.228997802734376,5.170624415079753,6.899728742298629
rolling_validation,moving_average_4_week,HOUSEHOLD_1_005_CA_2,24,353.0,401.38648986816406,167.2272491455078,1995.8359535404015,48.38648986816406,47.373158398160854,13.707220925825514,6.967802047729492,9.119201247780243
rolling_validation,moving_average_4_week,HOUSEHOLD_1_005_CA_3,24,35.0,0.0,35.0,635.0,-35.0,100.0,-100.0,1.4583333333333333,5.1437664540036545
rolling_validation,moving_average_4_week,HOUSEHOLD_1_005_CA_4,24,115.0,105.00569152832031,50.36311340332031,151.30247144703753,-9.994308471679688,43.79401165506114,-8.690703018851902,2.0984630584716797,2.510830468913934
rolling_validation,moving_average_4_week,HOUSEHOLD_1_005_TX_1,24,143.0,177.2638397216797,84.58741760253906,502.8077754986007,34.26383972167969,59.15204028149584,23.960727078097683,3.5244757334391275,4.577152387577713
rolling_validation,moving_average_4_week,HOUSEHOLD_1_005_TX_2,24,334.0,397.04412841796875,213.24380493164062,2697.489519653376,63.04412841796875,63.845450578335516,18.875487550290046,8.88515853881836,10.601669521930214
rolling_validation,moving_average_4_week,HOUSEHOLD_1_005_TX_3,24,133.0,157.29176330566406,135.4340362548828,1060.568724479759,24.291763305664062,101.8301024472803,18.26448368846922,5.64308484395345,6.64758328417102
rolling_validation,moving_average_4_week,HOUSEHOLD_1_005_WI_1,24,171.0,231.59791564941406,131.55995178222656,1200.7801330138464,60.59791564941406,76.93564431709156,35.43737757275676,5.481664657592773,7.07336592735337
rolling_validation,moving_average_4_week,HOUSEHOLD_1_005_WI_2,24,141.0,121.40306091308594,100.27024841308594,654.9802805094514,-19.596939086914062,71.11365135679854,-13.898538359513518,4.177927017211914,5.224064033032821
rolling_validation,moving_average_4_week,HOUSEHOLD_1_005_WI_3,24,433.0,443.0136413574219,233.45556640625,2668.08244966669,10.013641357421875,53.915835197748265,2.3126192511366916,9.727315266927084,10.543723349436167
rolling_validation,moving_average_4_week,HOUSEHOLD_1_006_CA_1,24,281.0,318.0603485107422,75.30949401855469,327.3744136134628,37.06034851074219,26.800531679200958,13.188736124819284,3.1378955841064453,3.693318367975826
rolling_validation,moving_average_4_week,HOUSEHOLD_1_006_CA_2,24,224.0,238.2125244140625,104.41714477539062,626.0179116376676,14.2125244140625,46.61479677472796,6.344876970563616,4.350714365641276,5.107257547017722
rolling_validation,moving_average_4_week,HOUSEHOLD_1_006_CA_3,24,234.0,230.58700561523438,67.18161010742188,377.43682793853804,-3.412994384765625,28.71008978949653,-1.458544608874199,2.7992337544759116,3.9656694891832682
rolling_validation,moving_average_4_week,HOUSEHOLD_1_006_CA_4,24,109.0,102.06867980957031,56.82157897949219,201.9852927599568,-6.9313201904296875,52.12988897201119,-6.359009349018062,2.3675657908121743,2.9010435820577047
rolling_validation,moving_average_4_week,HOUSEHOLD_1_006_TX_1,24,168.0,153.45269775390625,61.31756591796875,211.14607075229287,-14.54730224609375,36.498551141648065,-8.659108479817707,2.5548985799153647,2.9661006301223503
rolling_validation,moving_average_4_week,HOUSEHOLD_1_006_TX_2,24,190.0,166.36712646484375,57.752166748046875,228.49218776402995,-23.63287353515625,30.395877235814144,-12.4383544921875,2.4063402811686196,3.0855320162819972
rolling_validation,moving_average_4_week,HOUSEHOLD_1_006_TX_3,24,182.0,168.59327697753906,59.60560607910156,263.80468246596865,-13.406723022460938,32.75033301049536,-7.366331331022494,2.483566919962565,3.3153976789241075
rolling_validation,moving_average_4_week,HOUSEHOLD_1_006_WI_1,24,89.0,75.59178161621094,31.761611938476562,53.78175275702961,-13.408218383789062,35.68720442525456,-15.065413914369733,1.3234004974365234,1.4969657193390347
rolling_validation,moving_average_4_week,HOUSEHOLD_1_006_WI_2,24,81.0,81.37496948242188,46.465911865234375,130.98734954092652,0.374969482421875,57.3653232904128,0.46292528694058643,1.9360796610514324,2.3361948186895583
rolling_validation,moving_average_4_week,HOUSEHOLD_1_006_WI_3,24,107.0,119.22848510742188,46.320220947265625,133.28346286946908,12.228485107421875,43.28992611893984,11.428490754599883,1.9300092061360676,2.3565817659400685
rolling_validation,moving_average_4_week,HOUSEHOLD_1_007_CA_1,24,365.0,356.88531494140625,100.62570190429688,619.4491882841103,-8.11468505859375,27.56868545323202,-2.223201385916096,4.192737579345703,5.080391997195813
rolling_validation,moving_average_4_week,HOUSEHOLD_1_007_CA_2,24,268.0,271.53245544433594,74.15867614746094,291.693704956444,3.5324554443359375,27.671147816216767,1.3180803896775886,3.089944839477539,3.486245024834767
rolling_validation,moving_average_4_week,HOUSEHOLD_1_007_CA_3,24,286.0,259.5214538574219,112.12515258789062,698.7040129206143,-26.478546142578125,39.20459880695476,-9.258232916985358,4.671881357828776,5.395615553857187
rolling_validation,moving_average_4_week,HOUSEHOLD_1_007_CA_4,24,171.0,159.56292724609375,73.281005859375,319.91339846141636,-11.43707275390625,42.85438939144737,-6.6883466397112565,3.053375244140625,3.650989583098307
rolling_validation,moving_average_4_week,HOUSEHOLD_1_007_TX_1,24,258.0,255.6975860595703,66.32301330566406,275.87377280625515,-2.3024139404296875,25.70659430452095,-0.8924085040425146,2.7634588877360025,3.3903894368632588
rolling_validation,moving_average_4_week,HOUSEHOLD_1_007_TX_2,24,231.0,246.7314453125,98.873291015625,571.476790593937,15.7314453125,42.80229048295455,6.810149485930736,4.119720458984375,4.879706235155354
rolling_validation,moving_average_4_week,HOUSEHOLD_1_007_TX_3,24,121.0,118.36763000488281,104.25141906738281,668.5901987657417,-2.6323699951171875,86.15819757634942,-2.175512392658833,4.343809127807617,5.278060718537877
rolling_validation,moving_average_4_week,HOUSEHOLD_1_007_WI_1,24,281.0,362.81134033203125,89.91494750976562,491.52742095524445,81.81134033203125,31.998201960770682,29.114355990046707,3.7464561462402344,4.525517562276001
rolling_validation,moving_average_4_week,HOUSEHOLD_1_007_WI_2,24,347.0,345.81944274902344,83.84803771972656,452.26878123753704,-1.1805572509765625,24.16369963104512,-0.34021822794713613,3.49366823832194,4.341028973822225
rolling_validation,moving_average_4_week,HOUSEHOLD_1_007_WI_3,24,196.0,222.28509521484375,74.35830688476562,364.134218363557,26.28509521484375,37.93791167590083,13.4107628647162,3.0982627868652344,3.8951584176361225
rolling_validation,moving_average_4_week,HOUSEHOLD_1_008_CA_1,24,71.0,74.79704284667969,38.84965515136719,113.89155616168864,3.7970428466796875,54.71782415685519,5.347947671379841,1.618735631306966,2.178412611682421
rolling_validation,moving_average_4_week,HOUSEHOLD_1_008_CA_2,24,59.0,77.99617004394531,36.57478332519531,80.12969605694525,18.996170043945312,61.991158178297134,32.19689837956833,1.5239493052164714,1.8272212060136703
rolling_validation,moving_average_4_week,HOUSEHOLD_1_008_CA_3,24,94.0,117.93417358398438,56.037689208984375,199.7584481188096,23.934173583984375,59.61456298828125,25.461886791472736,2.3349037170410156,2.885007568727865
rolling_validation,moving_average_4_week,HOUSEHOLD_1_008_CA_4,24,45.0,45.39271545410156,27.591873168945312,46.25623958581127,0.3927154541015625,61.31527370876736,0.8727010091145833,1.149661382039388,1.388287908207613
rolling_validation,moving_average_4_week,HOUSEHOLD_1_008_TX_1,24,33.0,23.010787963867188,25.858871459960938,48.40642462926917,-9.989212036132812,78.36021654533617,-30.270339503432766,1.0774529774983723,1.4201881423082232
rolling_validation,moving_average_4_week,HOUSEHOLD_1_008_TX_2,24,81.0,89.10252380371094,40.94017028808594,105.32508830842562,8.102523803710938,50.54342010874807,10.00311580705054,1.7058404286702473,2.0948855210212325
rolling_validation,moving_average_4_week,HOUSEHOLD_1_008_TX_3,24,57.0,47.77540588378906,32.49131774902344,70.1609544258099,-9.224594116210938,57.002311840392,-16.183498449492873,1.3538049062093098,1.7097874432441633
rolling_validation,moving_average_4_week,HOUSEHOLD_1_008_WI_1,24,39.0,30.497421264648438,23.551315307617188,40.413152375025675,-8.502578735351562,60.3879879682492,-21.801483936798878,0.9813048044840494,1.2976445387545092
rolling_validation,moving_average_4_week,HOUSEHOLD_1_008_WI_2,24,75.0,59.208709716796875,34.7825927734375,80.80165789602324,-15.791290283203125,46.37679036458333,-21.0550537109375,1.4492746988932292,1.8348666833499472
rolling_validation,moving_average_4_week,HOUSEHOLD_1_008_WI_3,24,36.0,44.38702392578125,32.58563232421875,62.99045221880078,8.38702392578125,90.51564534505209,23.297288682725696,1.3577346801757812,1.6200623987314087
rolling_validation,moving_average_4_week,HOUSEHOLD_1_009_CA_1,24,92.0,56.77891540527344,43.23915100097656,129.1315561782103,-35.22108459472656,46.99907717497452,-38.283787602963656,1.8016312917073567,2.319586494922194
rolling_validation,moving_average_4_week,HOUSEHOLD_1_009_CA_2,24,108.0,85.50871276855469,43.24671936035156,108.83856332977302,-22.491287231445312,40.04325866699219,-20.825265955041957,1.8019466400146484,2.1295398889761477
rolling_validation,moving_average_4_week,HOUSEHOLD_1_009_CA_3,24,115.0,146.86325073242188,49.486175537109375,159.35600090911612,31.863250732421875,43.031456988790765,27.707174549932066,2.0619239807128906,2.576787412887057
rolling_validation,moving_average_4_week,HOUSEHOLD_1_009_CA_4,24,63.0,52.35639953613281,30.332962036132812,57.20956297428347,-10.643600463867188,48.1475587875124,-16.894603910900297,1.2638734181722004,1.5439338685951365
rolling_validation,moving_average_4_week,HOUSEHOLD_1_009_TX_1,24,53.0,59.75691223144531,38.29078674316406,77.13402189011686,6.7569122314453125,72.24676743993219,12.748891002727007,1.595449447631836,1.7927402429674157
rolling_validation,moving_average_4_week,HOUSEHOLD_1_009_TX_2,24,99.0,71.67573547363281,63.83113098144531,263.9139225638937,-27.324264526367188,64.47588988024779,-27.600267198350693,2.659630457560221,3.316084052035207
rolling_validation,moving_average_4_week,HOUSEHOLD_1_009_TX_3,24,86.0,73.09091186523438,40.6314697265625,110.50765003496781,-12.909088134765625,47.24589503088662,-15.01056759856468,1.6929779052734375,2.145806472663287
rolling_validation,moving_average_4_week,HOUSEHOLD_1_009_WI_1,24,34.0,44.20953369140625,20.38165283203125,25.91852070344612,10.20953369140625,59.946037741268384,30.02804026884191,0.8492355346679688,1.039200828831265
rolling_validation,moving_average_4_week,HOUSEHOLD_1_009_WI_2,24,49.0,62.58750915527344,56.26988220214844,193.97834386420436,13.587509155273438,114.83649429009886,27.729610520966197,2.344578425089518,2.8429616589644415
rolling_validation,moving_average_4_week,HOUSEHOLD_1_009_WI_3,24,59.0,76.79397583007812,36.197998046875,83.40496245445684,17.793975830078125,61.3525390625,30.15928106792903,1.5082499186197917,1.8641906471537995
rolling_validation,moving_average_4_week,HOUSEHOLD_1_010_CA_1,24,174.0,195.03871154785156,82.21833801269531,527.472799961688,21.038711547851562,47.251918398100756,12.091213533248023,3.4257640838623047,4.6880735202998896
rolling_validation,moving_average_4_week,HOUSEHOLD_1_010_CA_2,24,188.0,281.1940460205078,132.0221710205078,956.2333084412385,93.19404602050781,70.2245590534616,49.5713010747382,5.500923792521159,6.312135495882906
rolling_validation,moving_average_4_week,HOUSEHOLD_1_010_CA_3,24,271.0,281.65415954589844,128.3445587158203,1017.5691388596315,10.654159545898438,47.35961576229532,3.9314241866783903,5.347689946492513,6.511429498900477
rolling_validation,moving_average_4_week,HOUSEHOLD_1_010_CA_4,24,70.0,95.59523010253906,67.13304138183594,269.7009876577649,25.595230102539062,95.9043448311942,36.56461443219866,2.7972100575764975,3.352244196416316
rolling_validation,moving_average_4_week,HOUSEHOLD_1_010_TX_1,24,140.0,195.59178161621094,95.41285705566406,652.7458009368274,55.59178161621094,68.15204075404576,39.70841544015067,3.9755357106526694,5.215145415585374
rolling_validation,moving_average_4_week,HOUSEHOLD_1_010_TX_2,24,255.0,297.72792053222656,177.91529846191406,1914.0563732760493,42.72792053222656,69.77070527918198,16.756047267539827,7.413137435913086,8.930417061173685
rolling_validation,moving_average_4_week,HOUSEHOLD_1_010_TX_3,24,142.0,243.60572814941406,186.79493713378906,1856.116798954783,101.60572814941406,131.5457303759078,71.55332968268596,7.783122380574544,8.794214004471877
rolling_validation,moving_average_4_week,HOUSEHOLD_1_010_WI_1,24,114.0,146.7875518798828,74.52253723144531,303.6045399059076,32.78755187988281,65.37064669425028,28.761010420949834,3.105105717976888,3.556710441228826
rolling_validation,moving_average_4_week,HOUSEHOLD_1_010_WI_2,24,138.0,139.35491943359375,92.26473999023438,604.129373696167,1.35491943359375,66.85850723930027,0.9818256765172102,3.8443641662597656,5.017176221475611
rolling_validation,moving_average_4_week,HOUSEHOLD_1_010_WI_3,24,88.0,138.82984924316406,61.86796569824219,249.08874208596535,50.82984924316406,70.3045064752752,57.761192321777344,2.5778319040934243,3.2215986073555505
rolling_validation,moving_average_8_week,FOODS_1_001_CA_1,24,112.0,105.30990624427795,47.728166818618774,149.1805192671275,-6.690093755722046,42.61443465948105,-5.973297996180398,1.9886736174424489,2.493161641262685
rolling_validation,moving_average_8_week,FOODS_1_001_CA_2,24,178.0,171.63032239675522,70.2391796708107,332.6965711007158,-6.3696776032447815,39.46021329820826,-3.5784705636206637,2.926632486283779,3.723218651811426
rolling_validation,moving_average_8_week,FOODS_1_001_CA_3,24,200.0,179.5383581519127,145.3176481127739,1311.2073859624072,-20.46164184808731,72.65882405638695,-10.230820924043655,6.054902004698913,7.391457304332277
rolling_validation,moving_average_8_week,FOODS_1_001_CA_4,24,38.0,49.709951281547546,44.91433250904083,107.28414134520723,11.709951281547546,118.19561186589694,30.81566126723039,1.8714305212100346,2.114278258898365
rolling_validation,moving_average_8_week,FOODS_1_001_TX_1,24,112.0,94.04784518480301,88.26453524827957,925.8357252545904,-17.95215481519699,78.80762075739247,-16.028709656425885,3.6776889686783156,6.210997387881805
rolling_validation,moving_average_8_week,FOODS_1_001_TX_2,24,92.0,76.54857295751572,66.3815581202507,346.6345132529081,-15.451427042484283,72.15386752201162,-16.795029394004658,2.765898255010446,3.8004084936847473
rolling_validation,moving_average_8_week,FOODS_1_001_TX_3,24,67.0,91.74393171072006,51.936024606227875,164.9742702863018,24.743931710720062,77.516454636161,36.931241359283675,2.164001025259495,2.6218176764595795
rolling_validation,moving_average_8_week,FOODS_1_001_WI_1,24,65.0,64.55117136240005,37.24003893136978,108.17936031131538,-0.44882863759994507,57.29236758672273,-0.6905055963076079,1.5516682888070743,2.123081097439475
rolling_validation,moving_average_8_week,FOODS_1_001_WI_2,24,52.0,60.37044882774353,25.94579768180847,46.68474870602364,8.37044882774353,49.8957647727086,16.097016976429863,1.0810749034086864,1.394703503527178
rolling_validation,moving_average_8_week,FOODS_1_001_WI_3,24,26.0,35.16222441196442,28.438809275627136,43.92384154011669,9.162224411964417,109.380035675489,35.2393246614016,1.184950386484464,1.3528340859734163
rolling_validation,moving_average_8_week,FOODS_1_002_CA_1,24,65.0,66.51099252700806,31.221184730529785,68.24209736007253,1.5109925270080566,48.03259189312274,2.3246038877047024,1.3008826971054077,1.6862445621369266
rolling_validation,moving_average_8_week,FOODS_1_002_CA_2,24,121.0,121.45330053567886,60.374546110630035,234.10099243668225,0.4533005356788635,49.89631909969424,0.37462854188335826,2.5156060879429183,3.123172748695642
rolling_validation,moving_average_8_week,FOODS_1_002_CA_3,24,2.0,4.166809022426605,4.729309022426605,2.482107765018288,2.1668090224266052,236.46545112133026,108.34045112133026,0.19705454260110855,0.32159159951056243
rolling_validation,moving_average_8_week,FOODS_1_002_CA_4,24,37.0,40.180641651153564,37.62168836593628,99.33992574583161,3.1806416511535645,101.68023882685482,8.596328786901527,1.5675703485806782,2.0344934437699678
rolling_validation,moving_average_8_week,FOODS_1_002_TX_1,24,29.0,27.781783282756805,25.839592278003693,38.3027241936654,-1.2182167172431946,89.10204233794377,-4.200747300838602,1.0766496782501538,1.2633078965172049
rolling_validation,moving_average_8_week,FOODS_1_002_TX_2,24,31.0,44.022057235240936,29.824441730976105,56.834830941473214,13.022057235240936,96.20787655153582,42.006636242712695,1.2426850721240044,1.5388690509249698
rolling_validation,moving_average_8_week,FOODS_1_002_TX_3,24,31.0,23.720050990581512,31.920027554035187,66.72146121188318,-7.2799490094184875,102.96783081946835,-23.48370648199512,1.3300011480847995,1.667351457800204
rolling_validation,moving_average_8_week,FOODS_1_002_WI_1,24,172.0,155.201662003994,60.27896374464035,221.87964991992257,-16.798337996006012,35.04590915386067,-9.766475579073262,2.5116234893600144,3.0405567604190695
rolling_validation,moving_average_8_week,FOODS_1_002_WI_2,24,78.0,75.95618915557861,45.70920705795288,140.22873957316315,-2.0438108444213867,58.601547510196006,-2.620270313360752,1.90455029408137,2.4172017186990824
rolling_validation,moving_average_8_week,FOODS_1_002_WI_3,24,29.0,38.451324701309204,33.97165143489838,62.84014204808803,9.451324701309204,117.14362563758061,32.590774832100706,1.415485476454099,1.6181283175334606
rolling_validation,moving_average_8_week,FOODS_1_003_CA_1,24,125.0,124.56491875648499,73.7885559797287,329.9488802405834,-0.43508124351501465,59.03084478378295,-0.34806499481201175,3.074523165822029,3.707812024634516
rolling_validation,moving_average_8_week,FOODS_1_003_CA_2,24,167.0,186.75205147266388,65.33407080173492,275.37714476225153,19.75205147266388,39.122198084871215,11.82757573213406,2.7222529500722885,3.387336372199718
rolling_validation,moving_average_8_week,FOODS_1_003_CA_3,24,106.0,100.83088743686676,50.95506262779236,174.45276977793856,-5.16911256313324,48.070813799804114,-4.876521285974754,2.1231276094913483,2.696083345784048
rolling_validation,moving_average_8_week,FOODS_1_003_CA_4,24,35.0,46.97718745470047,29.084921419620514,44.64835670343113,11.97718745470047,83.09977548463004,34.22053558485849,1.2118717258175213,1.363945818563295
rolling_validation,moving_average_8_week,FOODS_1_003_TX_1,24,32.0,33.8517991900444,32.91918808221817,62.812918701330474,1.851799190044403,102.87246275693178,5.78687246888876,1.3716328367590904,1.617777780131984
rolling_validation,moving_average_8_week,FOODS_1_003_TX_2,24,59.0,56.755989611148834,29.900860607624054,57.575058607917896,-2.2440103888511658,50.67942475868483,-3.8034074387307895,1.2458691919843357,1.548857893846273
rolling_validation,moving_average_8_week,FOODS_1_003_TX_3,24,35.0,39.887290835380554,27.689228534698486,43.505239344236124,4.887290835380554,79.11208152770996,13.963688101087298,1.153717855612437,1.346372276159101
rolling_validation,moving_average_8_week,FOODS_1_003_WI_1,24,190.0,170.16645050048828,63.95511519908905,245.07177166414488,-19.83354949951172,33.66058694688898,-10.438710262900905,2.6647964666287103,3.195516205457167
rolling_validation,moving_average_8_week,FOODS_1_003_WI_2,24,5.0,14.527134656906128,13.058384656906128,17.043422886939915,9.527134656906128,261.16769313812256,190.54269313812256,0.544099360704422,0.8426996026397325
rolling_validation,moving_average_8_week,FOODS_1_003_WI_3,24,35.0,32.077457547187805,27.92113184928894,50.313413364609026,-2.922542452812195,79.77466242653983,-8.350121293749128,1.1633804937203724,1.4478923383751212
rolling_validation,moving_average_8_week,FOODS_1_004_CA_1,24,840.0,1183.9909838438034,682.7038514614105,25679.033712733464,343.9909838438034,81.2742680311203,40.951307600452786,28.445993810892105,32.71023903964264
rolling_validation,moving_average_8_week,FOODS_1_004_CA_2,24,589.0,817.7825133800507,431.11832571029663,9524.549583639453,228.78251338005066,73.1949619202541,38.84253198303067,17.96326357126236,19.92125078030102
rolling_validation,moving_average_8_week,FOODS_1_004_CA_3,24,587.0,775.878970682621,849.5595689415932,45757.8142234495,188.878970682621,144.72905774132764,32.176996709134755,35.39831537256638,43.66435150833835
rolling_validation,moving_average_8_week,FOODS_1_004_CA_4,24,383.0,448.95096057653427,173.73889869451523,2187.0599912862854,65.95096057653427,45.362636734860374,17.21957195209772,7.239120778938134,9.546072471803708
rolling_validation,moving_average_8_week,FOODS_1_004_TX_1,24,1099.0,997.7257549762726,550.862846493721,16125.503985650217,-101.27424502372742,50.12400787022029,-9.215126935734979,22.95261860390504,25.92095676093173
rolling_validation,moving_average_8_week,FOODS_1_004_TX_2,24,313.0,439.07992470264435,333.94532120227814,5886.315338983281,126.07992470264435,106.69179591127099,40.28112610308126,13.914388383428255,15.660879257701446
rolling_validation,moving_average_8_week,FOODS_1_004_TX_3,24,906.0,1109.9679614305496,376.00821220874786,10008.255771151045,203.96796143054962,41.50201017756599,22.513020025446977,15.66700884203116,20.420838795977346
rolling_validation,moving_average_8_week,FOODS_1_004_WI_1,24,713.0,827.2688985466957,562.7747541069984,16640.608443585348,114.26889854669571,78.93054054796612,16.026493484810057,23.448948087791603,26.33170494194004
rolling_validation,moving_average_8_week,FOODS_1_004_WI_2,24,1590.0,1559.3894841074944,571.6787639260292,22617.85227859766,-30.610515892505646,35.95463924063077,-1.92518967877394,23.819948496917885,30.69870537348824
rolling_validation,moving_average_8_week,FOODS_1_004_WI_3,24,993.0,999.015129327774,438.84809136390686,13562.151872051303,6.015129327774048,44.19416831459284,0.6057532052139022,18.285337140162785,23.771614613556878
rolling_validation,moving_average_8_week,FOODS_1_005_CA_1,24,263.0,253.95825856924057,123.16983753442764,1138.4386615150352,-9.04174143075943,46.832637845789975,-3.437924498387616,5.132076563934485,6.887303117316177
rolling_validation,moving_average_8_week,FOODS_1_005_CA_2,24,471.0,455.98475539684296,160.88863217830658,1444.4835090907509,-15.015244603157043,34.15894526078696,-3.187950021901708,6.7036930074294405,7.758016040121423
rolling_validation,moving_average_8_week,FOODS_1_005_CA_3,24,380.0,297.45270240306854,171.842471241951,2129.6309870128603,-82.54729759693146,45.22170295840816,-21.72297305182407,7.160102968414624,9.419905756368754
rolling_validation,moving_average_8_week,FOODS_1_005_CA_4,24,103.0,91.07202309370041,61.23962837457657,236.1906049774125,-11.927976906299591,59.455949878229674,-11.580560103203487,2.5516511822740235,3.1370806823210953
rolling_validation,moving_average_8_week,FOODS_1_005_TX_1,24,140.0,115.46332520246506,86.182348549366,694.6782915932389,-24.536674797534943,61.55882039240428,-17.526196283953528,3.5909311895569167,5.380049146279703
rolling_validation,moving_average_8_week,FOODS_1_005_TX_2,24,149.0,188.11560368537903,87.73379969596863,420.7284957877043,39.11560368537903,58.88174476239505,26.2520830103215,3.655574987332026,4.186926556694582
rolling_validation,moving_average_8_week,FOODS_1_005_TX_3,24,181.0,221.59001964330673,107.58050793409348,594.5566589279471,40.59001964330673,59.43674471496877,22.42542521729654,4.482521163920562,4.977267736619941
rolling_validation,moving_average_8_week,FOODS_1_005_WI_1,24,282.0,241.11014014482498,147.6106281876564,1405.3538460146199,-40.88985985517502,52.34419439278596,-14.499950303253554,6.15044284115235,7.652216035280836
rolling_validation,moving_average_8_week,FOODS_1_005_WI_2,24,300.0,186.42220544815063,150.01202845573425,2225.630789798835,-113.57779455184937,50.00400948524475,-37.859264850616455,6.250501185655594,9.629881424068426
rolling_validation,moving_average_8_week,FOODS_1_005_WI_3,24,267.0,201.65788531303406,107.40522074699402,733.5461497193418,-65.34211468696594,40.22667443707641,-24.47270212994979,4.475217531124751,5.5285100076759
rolling_validation,moving_average_8_week,FOODS_1_006_CA_1,24,254.0,255.83304119110107,111.17977285385132,741.9344173542012,1.8330411911010742,43.77156411568949,0.7216697602760135,4.632490535577138,5.560030040964262
rolling_validation,moving_average_8_week,FOODS_1_006_CA_2,24,138.0,189.3882983326912,97.17277938127518,492.3299287199787,51.38829833269119,70.41505752266318,37.237897342529855,4.048865807553132,4.529210420150417
rolling_validation,moving_average_8_week,FOODS_1_006_CA_3,24,279.0,307.3239840269089,129.14771831035614,1053.039717174658,28.323984026908875,46.28950477073697,10.151965601042608,5.381154929598172,6.623945567581109
rolling_validation,moving_average_8_week,FOODS_1_006_CA_4,24,187.0,120.20690166950226,127.35017764568329,907.6703126711448,-66.79309833049774,68.10169927576646,-35.71823440133569,5.30625740190347,6.1497639272819
rolling_validation,moving_average_8_week,FOODS_1_006_TX_1,24,71.0,63.84949105978012,60.63814073801041,337.07197494727467,-7.150508940219879,85.40583202536676,-10.071139352422364,2.5265891974171004,3.7476213286300832
rolling_validation,moving_average_8_week,FOODS_1_006_TX_2,24,95.0,93.52506828308105,63.38135242462158,276.2369924436474,-1.4749317169189453,66.71721307854904,-1.5525597020199424,2.6408896843592324,3.3926206220489754
rolling_validation,moving_average_8_week,FOODS_1_006_TX_3,24,121.0,77.87100064754486,72.8526474237442,525.3324397895399,-43.12899935245514,60.20879952375554,-35.64380111773152,3.0355269759893417,4.6785523036402505
rolling_validation,moving_average_8_week,FOODS_1_006_WI_1,24,266.0,243.94042390584946,97.47163671255112,656.4132405363075,-22.059576094150543,36.643472448327486,-8.293073719605468,4.0613181963562965,5.229775491262776
rolling_validation,moving_average_8_week,FOODS_1_006_WI_2,24,173.0,179.31453466415405,155.90841400623322,1767.2105911228584,6.314534664154053,90.12047052383423,3.650020037083267,6.496183916926384,8.581012447847812
rolling_validation,moving_average_8_week,FOODS_1_006_WI_3,24,143.0,120.45542603731155,58.67209893465042,402.21872950470055,-22.544573962688446,41.029439814440856,-15.765436337544367,2.4446707889437675,4.09378965377589
rolling_validation,moving_average_8_week,FOODS_1_008_CA_1,24,56.0,62.329636096954346,36.62391519546509,86.9912853788608,6.329636096954346,65.39984856333051,11.302921601704188,1.525996466477712,1.9038479169266296
rolling_validation,moving_average_8_week,FOODS_1_008_CA_2,24,56.0,60.381527364254,39.33863812685013,101.49854295430829,4.381527364253998,70.24756808366094,7.824156007596425,1.6391099219520886,2.056479019204794
rolling_validation,moving_average_8_week,FOODS_1_008_CA_3,24,55.0,58.78832787275314,43.96526402235031,152.40022085804085,3.7883278727531433,79.93684367700057,6.88786885955117,1.831886000931263,2.5199224596043366
rolling_validation,moving_average_8_week,FOODS_1_008_CA_4,24,64.0,78.54327392578125,37.585659980773926,98.44487086084388,14.54327392578125,58.72759371995926,22.723865509033203,1.5660691658655803,2.025307290067813
rolling_validation,moving_average_8_week,FOODS_1_008_TX_1,24,17.0,14.269459128379822,20.301013469696045,30.072198366393174,-2.7305408716201782,119.41772629232968,-16.06200512717752,0.8458755612373352,1.1193785174222266
rolling_validation,moving_average_8_week,FOODS_1_008_TX_2,24,50.0,49.3063383102417,30.444190979003906,56.857082859717046,-0.6936616897583008,60.88838195800781,-1.3873233795166016,1.268507957458496,1.5391702697086105
rolling_validation,moving_average_8_week,FOODS_1_008_TX_3,24,38.0,43.64188241958618,35.68615543842316,76.70629884776832,5.641882419586182,93.91093536427147,14.847058998911002,1.4869231432676315,1.7877627877667888
rolling_validation,moving_average_8_week,FOODS_1_008_WI_1,24,104.0,105.95252060890198,47.650105595588684,153.79367526776417,1.9525206089019775,45.81740922652758,1.8774236624057477,1.9854210664828618,2.5314165605098475
rolling_validation,moving_average_8_week,FOODS_1_008_WI_2,24,47.0,45.541847825050354,34.464836955070496,112.34488654053901,-1.458152174949646,73.32944032993723,-3.1024514360630766,1.4360348731279373,2.1635704146593255
rolling_validation,moving_average_8_week,FOODS_1_008_WI_3,24,41.0,41.284833550453186,38.648690819740295,94.15588349365859,0.28483355045318604,94.26509956034218,0.6947159767150879,1.610362117489179,1.9806973045459961
rolling_validation,moving_average_8_week,FOODS_1_009_CA_1,24,170.0,176.79342246055603,105.27017903327942,714.6065973205095,6.79342246055603,61.92363472545848,3.996130859150606,4.3862574597199755,5.456672510638197
rolling_validation,moving_average_8_week,FOODS_1_009_CA_2,24,216.0,200.56996977329254,158.42992424964905,1419.7345153761012,-15.430030226707458,73.3471871526153,-7.1435325123645645,6.601246843735377,7.691268088380325
rolling_validation,moving_average_8_week,FOODS_1_009_CA_3,24,345.0,299.62936502695084,316.14361971616745,5591.20699791774,-45.370634973049164,91.63583180178767,-13.150908687840337,13.172650821506977,15.263255165480675
rolling_validation,moving_average_8_week,FOODS_1_009_CA_4,24,83.0,72.58062160015106,52.123220920562744,201.75512567623667,-10.419378399848938,62.79906135007559,-12.553467951625228,2.1718008716901145,2.899390206550887
rolling_validation,moving_average_8_week,FOODS_1_009_TX_1,24,45.0,31.90372496843338,46.15473538637161,178.55873853036883,-13.09627503156662,102.56607863638136,-29.102833403481377,1.9231139744321506,2.727626704438378
rolling_validation,moving_average_8_week,FOODS_1_009_TX_2,24,3.0,13.467060625553131,16.46706062555313,32.785939294869195,10.467060625553131,548.9020208517711,348.902020851771,0.6861275260647138,1.1687945944231959
rolling_validation,moving_average_8_week,FOODS_1_009_TX_3,24,55.0,69.24745082855225,47.39743208885193,137.01480298165,14.247450828552246,86.17714925245805,25.904456051913176,1.9748930037021637,2.389340939304271
rolling_validation,moving_average_8_week,FOODS_1_009_WI_1,24,110.0,96.06994467973709,74.79315239191055,329.0482209597484,-13.930055320262909,67.99377490173687,-12.663686654784462,3.1163813496629396,3.7027479714381744
rolling_validation,moving_average_8_week,FOODS_1_009_WI_2,24,113.0,87.25429391860962,69.27941942214966,337.52009577282433,-25.74570608139038,61.30922072756607,-22.783810691495912,2.8866424759229026,3.7501116415205136
rolling_validation,moving_average_8_week,FOODS_1_009_WI_3,24,62.0,54.315562427043915,53.76547199487686,208.34713458293595,-7.684437572956085,86.71850321754333,-12.39425414992917,2.2402279997865358,2.9463758428996005
rolling_validation,moving_average_8_week,FOODS_1_010_CA_1,24,40.0,40.90633547306061,39.77359938621521,93.75593383182914,0.9063354730606079,99.43399846553802,2.2658386826515198,1.6572333077589672,1.9764860846949772
rolling_validation,moving_average_8_week,FOODS_1_010_CA_2,24,83.0,76.42380428314209,54.18350636959076,188.54441758208537,-6.57619571685791,65.28133297541055,-7.923127369708325,2.2576460987329483,2.802858790459048
rolling_validation,moving_average_8_week,FOODS_1_010_CA_3,24,119.0,124.60551297664642,80.97192323207855,405.85405633523413,5.605512976646423,68.04363296813324,4.710515106425566,3.3738301346699395,4.112248251338282
rolling_validation,moving_average_8_week,FOODS_1_010_CA_4,24,0.0,0.0,0.0,0.0,0.0,,,0.0,0.0
rolling_validation,moving_average_8_week,FOODS_1_010_TX_1,24,68.0,74.88884037733078,34.75311154127121,75.64383693137613,6.88884037733078,51.10751697245766,10.130647613721736,1.4480463142196338,1.7753384293726473
rolling_validation,moving_average_8_week,FOODS_1_010_TX_2,24,143.0,110.34893882274628,76.49843645095825,389.0494288016181,-32.65106117725372,53.49541010556521,-22.832909914163444,3.1874348521232605,4.026213216750212
rolling_validation,moving_average_8_week,FOODS_1_010_TX_3,24,143.0,189.64782536029816,81.30913555622101,440.7408484983087,46.64782536029816,56.8595353540007,32.620856895313395,3.387880648175875,4.2853473629057035
rolling_validation,moving_average_8_week,FOODS_1_010_WI_1,24,216.0,212.45063614845276,62.29521822929382,222.1681498088926,-3.549363851547241,28.84037880985825,-1.643224005345945,2.595634092887243,3.0425328662213644
rolling_validation,moving_average_8_week,FOODS_1_010_WI_2,24,45.0,56.80008018016815,48.71579027175903,178.0436848321192,11.800080180168152,108.25731171502007,26.22240040037367,2.0298245946566262,2.7236899360986313
rolling_validation,moving_average_8_week,FOODS_1_010_WI_3,24,88.0,55.494427025318146,59.08266896009445,291.7220687396367,-32.505572974681854,67.13939654556188,-36.938151107593015,2.461777873337269,3.4864145188839584
rolling_validation,moving_average_8_week,FOODS_1_011_CA_1,24,115.0,79.08066391944885,143.84238266944885,1129.014061439352,-35.91933608055115,125.0803327560425,-31.234205287435778,5.9934326112270355,6.858735492783856
rolling_validation,moving_average_8_week,FOODS_1_011_CA_2,24,164.0,122.28203898668289,211.0320389866829,2774.059591988126,-41.71796101331711,128.6780725528554,-25.43778110568116,8.79300162444512,10.751084425900421
rolling_validation,moving_average_8_week,FOODS_1_011_CA_3,24,127.0,136.30248320102692,125.2686460018158,953.8662322121327,9.302483201026917,98.63672913528802,7.324789922068438,5.219526916742325,6.304318071145538
rolling_validation,moving_average_8_week,FOODS_1_011_CA_4,24,80.0,45.94059991836548,94.34684991836548,612.7554943274456,-34.05940008163452,117.93356239795685,-42.57425010204315,3.9311187465985618,5.052868386402938
rolling_validation,moving_average_8_week,FOODS_1_011_TX_1,24,73.0,42.41582053899765,97.40800803899765,726.3598229722975,-30.58417946100235,133.43562745068172,-41.89613624794843,4.058667001624902,5.501362796966378
rolling_validation,moving_average_8_week,FOODS_1_011_TX_2,24,25.0,24.43581134080887,47.43581134080887,193.0747006704878,-0.5641886591911316,189.74324536323547,-2.2567546367645264,1.9764921392003696,2.8363319965412472
rolling_validation,moving_average_8_week,FOODS_1_011_TX_3,24,30.0,19.74402379989624,40.05389928817749,102.66447842404386,-10.25597620010376,133.5129976272583,-34.1865873336792,1.6689124703407288,2.0682568991790715
rolling_validation,moving_average_8_week,FOODS_1_011_WI_1,24,60.0,52.772224605083466,86.77222460508347,520.8258061130185,-7.227775394916534,144.62037434180576,-12.046292324860891,3.6155093585451445,4.658441290250324
rolling_validation,moving_average_8_week,FOODS_1_011_WI_2,24,57.0,30.37418282032013,67.79312813282013,366.3861272577796,-26.62581717967987,118.93531251371951,-46.711959964350655,2.8247136722008386,3.907184233657381
rolling_validation,moving_average_8_week,FOODS_1_011_WI_3,24,22.0,21.458631217479706,30.490613639354706,69.7900519110562,-0.5413687825202942,138.5936983607032,-2.4607671932740645,1.2704422349731128,1.7052620999797483
rolling_validation,moving_average_8_week,HOBBIES_1_001_CA_1,24,115.0,112.93426495790482,38.378714859485626,104.87618410565823,-2.0657350420951843,33.372795529987506,-1.7962913409523342,1.5991131191452344,2.0904164667363356
rolling_validation,moving_average_8_week,HOBBIES_1_001_CA_2,24,105.0,109.28109782934189,47.53107589483261,130.38581259156499,4.281097829341888,45.26769132841201,4.077236027944656,1.9804614956180255,2.3308243587441777
rolling_validation,moving_average_8_week,HOBBIES_1_001_CA_3,24,132.0,120.44580262899399,46.58923989534378,121.52486596923104,-11.554197371006012,35.29487870859377,-8.753179826519707,1.9412183289726574,2.2502302286769
rolling_validation,moving_average_8_week,HOBBIES_1_001_CA_4,24,131.0,126.20462012290955,36.28965640068054,93.88382739750338,-4.795379877090454,27.702027786779038,-3.6605953260232473,1.5120690166950226,1.9778336991675112
rolling_validation,moving_average_8_week,HOBBIES_1_001_TX_1,24,39.0,35.2136994600296,26.123446345329285,38.078646497091036,-3.786300539970398,66.98319575725458,-9.70846292300102,1.0884769310553868,1.2596071890522562
rolling_validation,moving_average_8_week,HOBBIES_1_001_TX_2,24,106.0,85.42471516132355,52.785022497177124,169.0423044232581,-20.575284838676453,49.79719103507276,-19.410646074223067,2.19937593738238,2.6539459962420273
rolling_validation,moving_average_8_week,HOBBIES_1_001_TX_3,24,104.0,103.7628698348999,36.121780037879944,76.83055402005883,-0.23713016510009766,34.73248080565379,-0.22800977413470927,1.5050741682449977,1.789210184458248
rolling_validation,moving_average_8_week,HOBBIES_1_001_WI_1,24,76.0,64.29748970270157,40.85556119680405,106.61950788422538,-11.702510297298431,53.75731736421585,-15.398039864866355,1.7023150498668354,2.107719026620023
rolling_validation,moving_average_8_week,HOBBIES_1_001_WI_2,24,4.0,1.8125912547111511,5.812591254711151,10.474054385685609,-2.187408745288849,145.31478136777878,-54.68521863222122,0.2421913022796313,0.6606201122709634
rolling_validation,moving_average_8_week,HOBBIES_1_001_WI_3,24,44.0,43.68906682729721,31.857257544994354,68.75913704810189,-0.3109331727027893,72.40285805680536,-0.7066663015972484,1.3273857310414314,1.6926204665166118
rolling_validation,moving_average_8_week,HOBBIES_1_002_CA_1,24,65.0,89.0307867527008,69.32772374153137,331.5316506323953,24.030786752700806,106.65803652543289,36.970441158001236,2.8886551558971405,3.7166946035892976
rolling_validation,moving_average_8_week,HOBBIES_1_002_CA_2,24,18.0,29.372913599014282,23.7742121219635,31.954660266892965,11.372913599014282,132.07895623313055,63.182853327857124,0.9905921717484792,1.1538822200671985
rolling_validation,moving_average_8_week,HOBBIES_1_002_CA_3,24,29.0,28.49825620651245,21.767962217330933,31.426131804108053,-0.5017437934875488,75.06193868045149,-1.7301510120260304,0.9069984257221222,1.1442998551535792
rolling_validation,moving_average_8_week,HOBBIES_1_002_CA_4,24,32.0,41.29223847389221,34.738973736763,66.7452389977608,9.292238473892212,108.55929292738438,29.038245230913162,1.4474572390317917,1.6676485315877263
rolling_validation,moving_average_8_week,HOBBIES_1_002_TX_1,24,8.0,11.30354756116867,14.536140620708466,12.25441801278372,3.3035475611686707,181.70175775885582,41.29434451460838,0.6056725258628527,0.7145633285669333
rolling_validation,moving_average_8_week,HOBBIES_1_002_TX_2,24,31.0,32.62493014335632,27.61468994617462,44.8748299476047,1.6249301433563232,89.07964498766006,5.241710139859107,1.1506120810906093,1.3674006659169784
rolling_validation,moving_average_8_week,HOBBIES_1_002_TX_3,24,11.0,15.28713595867157,12.895558714866638,8.961220755240802,4.28713595867157,117.23235195333308,38.973963260650635,0.5373149464527766,0.611051714779554
rolling_validation,moving_average_8_week,HOBBIES_1_002_WI_1,24,151.0,158.83427596092224,121.12520956993103,1258.882566067626,7.834275960922241,80.21537057611326,5.1882622257763185,5.04688373208046,7.24247473263233
rolling_validation,moving_average_8_week,HOBBIES_1_002_WI_2,24,104.0,95.09139186143875,55.60723286867142,178.5993972120305,-8.908608138561249,53.468493142953285,-8.565969364001202,2.3169680361946425,2.727937233607341
rolling_validation,moving_average_8_week,HOBBIES_1_002_WI_3,24,70.0,69.6512079834938,39.29818993806839,128.43191504901435,-0.34879201650619507,56.140271340097705,-0.4982743092945644,1.6374245807528496,2.313294143361136
rolling_validation,moving_average_8_week,HOBBIES_1_003_CA_1,24,110.0,131.62836652994156,114.70193058252335,871.2999260829752,21.62836652994156,104.2744823477485,19.66215139085596,4.77924710760514,6.025293651498708
rolling_validation,moving_average_8_week,HOBBIES_1_003_CA_2,24,61.0,39.08640742301941,39.137842416763306,104.49532829675215,-21.91359257698059,64.16039740453002,-35.92392225734523,1.6307434340318043,2.0866173612727064
rolling_validation,moving_average_8_week,HOBBIES_1_003_CA_3,24,64.0,74.31117510795593,45.59820568561554,141.59374512909363,10.311175107955933,71.24719638377428,16.111211106181145,1.8999252369006474,2.42893791200576
rolling_validation,moving_average_8_week,HOBBIES_1_003_CA_4,24,39.0,53.194241523742676,41.56189799308777,116.6683996979949,14.194241523742676,106.56896921304555,36.395491086519684,1.7317457497119904,2.2048091347664966
rolling_validation,moving_average_8_week,HOBBIES_1_003_TX_1,24,36.0,39.881172358989716,30.353200137615204,49.72763608287114,3.8811723589897156,84.31444482670891,10.781034330526989,1.2647166724006336,1.4394390701889044
rolling_validation,moving_average_8_week,HOBBIES_1_003_TX_2,24,23.0,24.813717365264893,20.16239607334137,22.837974523933333,1.8137173652648926,87.66259162322335,7.885727675064751,0.8400998363892237,0.9754907851079658
rolling_validation,moving_average_8_week,HOBBIES_1_003_TX_3,24,34.0,46.231585919857025,37.91279846429825,84.8461310193878,12.231585919857025,111.50823077734779,35.97525270546184,1.579699936012427,1.8802275019638337
rolling_validation,moving_average_8_week,HOBBIES_1_003_WI_1,24,24.0,19.3783757686615,18.872666716575623,22.36818533406268,-4.621624231338501,78.6361113190651,-19.256767630577087,0.7863611131906509,0.9654054703867239
rolling_validation,moving_average_8_week,HOBBIES_1_003_WI_2,24,17.0,18.245068609714508,19.335740625858307,24.04321708180358,1.245068609714508,113.73965074034298,7.323932998320635,0.8056558594107628,1.000899950915083
rolling_validation,moving_average_8_week,HOBBIES_1_003_WI_3,24,17.0,11.166664838790894,18.166664838790894,44.41575698135745,-5.8333351612091064,106.86273434582878,-34.313736242406506,0.7569443682829539,1.360388378695545
rolling_validation,moving_average_8_week,HOBBIES_1_004_CA_1,24,308.0,307.0053809285164,102.23256796598434,612.9907401772589,-0.9946190714836121,33.192392196748166,-0.3229282699622117,4.259690331916015,5.053838228586183
rolling_validation,moving_average_8_week,HOBBIES_1_004_CA_2,24,537.0,553.9650774598122,152.82733350992203,1502.5106172789972,16.965077459812164,28.459466202964993,3.159232301640999,6.367805562913418,7.912307441782804
rolling_validation,moving_average_8_week,HOBBIES_1_004_CA_3,24,1036.0,1006.3584242463112,116.32618802785873,931.6050287077259,-29.641575753688812,11.228396527785591,-2.8611559607807733,4.846924501160781,6.230319108693811
rolling_validation,moving_average_8_week,HOBBIES_1_004_CA_4,24,84.0,66.73960655927658,60.92193824052811,223.58941643448728,-17.26039344072342,72.52611695300966,-20.548087429432645,2.5384140933553376,3.0522492828683414
rolling_validation,moving_average_8_week,HOBBIES_1_004_TX_1,24,125.0,169.63598400354385,87.96188122034073,466.80426383186904,44.635984003543854,70.36950497627258,35.70878720283508,3.665078384180864,4.410235556028862
rolling_validation,moving_average_8_week,HOBBIES_1_004_TX_2,24,49.0,0.0,49.0,415.0,-49.0,100.0,-100.0,2.0416666666666665,4.15832498329155
rolling_validation,moving_average_8_week,HOBBIES_1_004_TX_3,24,208.0,171.83680391311646,113.76902461051941,699.6241873598956,-36.163196086883545,54.696646447365104,-17.38615196484786,4.740376025438309,5.39916732530696
rolling_validation,moving_average_8_week,HOBBIES_1_004_WI_1,24,56.0,53.5684916973114,25.659057140350342,40.54574068236164,-2.4315083026885986,45.819744893482756,-4.341979111943926,1.069127380847931,1.2997714652065062
rolling_validation,moving_average_8_week,HOBBIES_1_004_WI_2,24,62.0,42.6005819439888,34.43451935052872,96.8216813951032,-19.3994180560112,55.539547339562446,-31.28938396130839,1.4347716396053631,2.0085409442667497
rolling_validation,moving_average_8_week,HOBBIES_1_004_WI_3,24,360.0,321.9989896416664,93.17438608407974,485.1935481430336,-38.00101035833359,25.88177391224437,-10.555836210648218,3.882266086836656,4.496264876460579
rolling_validation,moving_average_8_week,HOBBIES_1_005_CA_1,24,201.0,222.4412515759468,75.7595642209053,385.68140930013095,21.441251575946808,37.69132548303746,10.667289341267068,3.1566485092043877,4.008747774659662
rolling_validation,moving_average_8_week,HOBBIES_1_005_CA_2,24,265.0,264.54325634241104,85.43591338396072,480.35693144731914,-0.45674365758895874,32.23996731470216,-0.17235609720338066,3.559829724331697,4.473798402212408
rolling_validation,moving_average_8_week,HOBBIES_1_005_CA_3,24,303.0,309.5590915083885,66.86784452199936,252.1567253164306,6.559091508388519,22.06859555181497,2.1647166694351547,2.78616018841664,3.241377827640268
rolling_validation,moving_average_8_week,HOBBIES_1_005_CA_4,24,319.0,304.30205231904984,70.20729237794876,334.4840464427898,-14.697947680950165,22.008555604372653,-4.607507110015726,2.9253038490811982,3.7332071022713937
rolling_validation,moving_average_8_week,HOBBIES_1_005_TX_1,24,99.0,86.85341846942902,50.29036903381348,172.17490982565025,-12.146581530570984,50.798352559407554,-12.269274273304024,2.0954320430755615,2.678423897755686
rolling_validation,moving_average_8_week,HOBBIES_1_005_TX_2,24,133.0,139.51047241687775,55.4161502122879,177.56029358726948,6.510472416877747,41.666278355103685,4.8950920427652225,2.3090062588453293,2.7199899937566365
rolling_validation,moving_average_8_week,HOBBIES_1_005_TX_3,24,113.0,133.06723600625992,43.54866272211075,135.8123352494472,20.067236006259918,38.53863957708916,17.75861593474329,1.814527613421281,2.3788331807969003
rolling_validation,moving_average_8_week,HOBBIES_1_005_WI_1,24,146.0,141.09990364313126,61.603626906871796,276.6266890762209,-4.900096356868744,42.19426500470671,-3.356230381416948,2.566817787786325,3.395012819540235
rolling_validation,moving_average_8_week,HOBBIES_1_005_WI_2,24,99.0,79.86745446920395,58.78885990381241,216.8371633333815,-19.13254553079605,59.38268677152768,-19.32580356646066,2.449535829325517,3.0058080120921833
rolling_validation,moving_average_8_week,HOBBIES_1_005_WI_3,24,102.0,78.0358018875122,53.8499710559845,188.05058730259856,-23.964198112487793,52.79408927057304,-23.494311874988032,2.243748793999354,2.7991857990509086
rolling_validation,moving_average_8_week,HOBBIES_1_006_CA_1,24,87.0,39.60602295398712,80.72410881519318,448.3513248003835,-47.39397704601288,92.78633197148642,-54.47583568507227,3.3635045339663825,4.322187547991871
rolling_validation,moving_average_8_week,HOBBIES_1_006_CA_2,24,113.0,130.43869775533676,69.01044338941574,309.35764162918167,17.43869775533676,61.07118884019093,15.432475889678551,2.875435141225656,3.590250929189941
rolling_validation,moving_average_8_week,HOBBIES_1_006_CA_3,24,179.0,188.4542219042778,64.35912162065506,265.31021353341777,9.454221904277802,35.95481654785198,5.281688214680337,2.681630067527294,3.324844692697551
rolling_validation,moving_average_8_week,HOBBIES_1_006_CA_4,24,0.0,0.0,0.0,0.0,0.0,,,0.0,0.0
rolling_validation,moving_average_8_week,HOBBIES_1_006_TX_1,24,71.0,80.50499361753464,40.867601692676544,93.17743925906721,9.504993617534637,57.560002384051465,13.387314954274137,1.702816737194856,1.9703789743247704
rolling_validation,moving_average_8_week,HOBBIES_1_006_TX_2,24,34.0,27.506516695022583,39.47038388252258,124.1266889819747,-6.493483304977417,116.08936436036055,-19.09848030875711,1.644599328438441,2.274191147254106
rolling_validation,moving_average_8_week,HOBBIES_1_006_TX_3,24,41.0,37.21520894765854,36.108873307704926,78.97344098686457,-3.784791052341461,88.07042270171934,-9.23119768863771,1.5045363878210385,1.8139900884843216
rolling_validation,moving_average_8_week,HOBBIES_1_006_WI_1,24,396.0,431.4460557103157,116.89543372392654,975.686665080824,35.446055710315704,29.519048920183472,8.951024169271642,4.870643071830273,6.376018431986715
rolling_validation,moving_average_8_week,HOBBIES_1_006_WI_2,24,120.0,84.15886443853378,61.02482861280441,260.63525913896257,-35.84113556146622,50.854023844003684,-29.867612967888512,2.542701192200184,3.295421439531436
rolling_validation,moving_average_8_week,HOBBIES_1_006_WI_3,24,40.0,7.292600154876709,47.29260015487671,282.50703041287693,-32.70739984512329,118.23150038719177,-81.76849961280823,1.9705250064531963,3.430907499074145
rolling_validation,moving_average_8_week,HOBBIES_1_007_CA_1,24,50.0,37.18684244155884,33.01630711555481,80.89231755781103,-12.813157558441162,66.03261423110962,-25.626315116882324,1.375679463148117,1.8358957572736694
rolling_validation,moving_average_8_week,HOBBIES_1_007_CA_2,24,33.0,25.798599779605865,20.965632259845734,31.666313834962228,-7.2014002203941345,63.53221896922949,-21.822424910285257,0.8735680108269056,1.14866433004748
rolling_validation,moving_average_8_week,HOBBIES_1_007_CA_3,24,39.0,35.06705117225647,24.336817979812622,37.65733039312605,-3.9329488277435303,62.402097384134926,-10.084484173701359,1.0140340824921925,1.2526194286561736
rolling_validation,moving_average_8_week,HOBBIES_1_007_CA_4,24,63.0,55.459452509880066,26.106566190719604,42.70260462382986,-7.540547490119934,41.43899395352319,-11.96912300019037,1.0877735912799835,1.3338947457200578
rolling_validation,moving_average_8_week,HOBBIES_1_007_TX_1,24,37.0,34.67043310403824,28.636052787303925,47.14775940029182,-2.3295668959617615,77.39473726298358,-6.296126745842598,1.1931688661376636,1.4016026451930514
rolling_validation,moving_average_8_week,HOBBIES_1_007_TX_2,24,23.0,28.524508357048035,26.452689051628113,39.56226026757635,5.524508357048035,115.01169152881788,24.01960155238276,1.1021953771511714,1.2839110215077267
rolling_validation,moving_average_8_week,HOBBIES_1_007_TX_3,24,30.0,28.53737235069275,23.337881684303284,32.47484667522699,-1.462627649307251,77.79293894767761,-4.875425497690836,0.9724117368459702,1.1632362663998193
rolling_validation,moving_average_8_week,HOBBIES_1_007_WI_1,24,108.0,110.37372744083405,46.713075399398804,139.15738969123382,2.3737274408340454,43.252847592035934,2.197895778550042,1.9463781416416168,2.4079502840524087
rolling_validation,moving_average_8_week,HOBBIES_1_007_WI_2,24,41.0,34.00190532207489,27.656957983970642,49.98828109079433,-6.99809467792511,67.45599508285522,-17.06852360469539,1.1523732493321102,1.4432065151771467
rolling_validation,moving_average_8_week,HOBBIES_1_007_WI_3,24,29.0,29.09068274497986,18.212580919265747,20.89847158426104,0.0906827449798584,62.80200316988188,0.3126991206202014,0.7588575383027395,0.933150389457246
rolling_validation,moving_average_8_week,HOBBIES_1_008_CA_1,24,1999.0,1791.3072150349617,764.9040443301201,35525.82173918384,-207.6927849650383,38.26433438369785,-10.389834165334582,31.871001847088337,38.473920679675906
rolling_validation,moving_average_8_week,HOBBIES_1_008_CA_2,24,685.0,726.1328710913658,351.40359169244766,7088.227093611251,41.132871091365814,51.2997944076566,6.004798699469462,14.641816320518652,17.185540304777604
rolling_validation,moving_average_8_week,HOBBIES_1_008_CA_3,24,1420.0,1239.7531049251556,316.2544950246811,7277.192534907999,-180.24689507484436,22.27144331159726,-12.693443315129885,13.17727062602838,17.413108729378756
rolling_validation,moving_average_8_week,HOBBIES_1_008_CA_4,24,942.0,894.0003355145454,320.61065858602524,7598.470285138241,-47.99966448545456,34.035101760724544,-5.095505784018531,13.358777441084385,17.793339443382365
rolling_validation,moving_average_8_week,HOBBIES_1_008_TX_1,24,149.0,237.16998255252838,191.5272023677826,2544.691975287996,88.16998255252838,128.5417465555588,59.17448493458281,7.980300098657608,10.297030266230477
rolling_validation,moving_average_8_week,HOBBIES_1_008_TX_2,24,1072.0,1364.6489273309708,438.02481293678284,10641.33313832035,292.64892733097076,40.86052359484915,27.29934023609802,18.25103387236595,21.05680129467313
rolling_validation,moving_average_8_week,HOBBIES_1_008_TX_3,24,424.0,414.39896208047867,212.7857273221016,2955.5079277908544,-9.601037919521332,50.18531304766547,-2.264395735736163,8.866071971754232,11.09712411654264
rolling_validation,moving_average_8_week,HOBBIES_1_008_WI_1,24,422.0,443.6710500717163,191.61718702316284,2458.649516915448,21.67105007171631,45.40691635619973,5.135319922207656,7.9840494592984514,10.121449000586676
rolling_validation,moving_average_8_week,HOBBIES_1_008_WI_2,24,388.0,419.4253191947937,132.7515858411789,1405.4779569923055,31.4253191947937,34.21432624772652,8.099309070823118,5.531316076715787,7.6525539227989805
rolling_validation,moving_average_8_week,HOBBIES_1_008_WI_3,24,241.0,232.3580133318901,126.84605008363724,1375.1218917874212,-8.641986668109894,52.63321580233911,-3.585886584277964,5.285252086818218,7.569461373911789
rolling_validation,moving_average_8_week,HOBBIES_1_009_CA_1,24,7.0,11.70141190290451,18.70141190290451,30.548307168061175,4.7014119029045105,267.16302718435014,67.16302718435016,0.7792254959543546,1.128204827149108
rolling_validation,moving_average_8_week,HOBBIES_1_009_CA_2,24,97.0,82.15416818857193,69.26073402166367,290.0761484036631,-14.84583181142807,71.40281857903472,-15.304981248894917,2.8858639175693193,3.476565285376641
rolling_validation,moving_average_8_week,HOBBIES_1_009_CA_3,24,220.0,252.3000312447548,88.04964905977249,456.18824560378266,32.30003124475479,40.022567754442036,14.681832383979451,3.6687353774905205,4.359798569524087
rolling_validation,moving_average_8_week,HOBBIES_1_009_CA_4,24,430.0,405.55247700214386,139.33756232261658,1288.7084700014766,-24.44752299785614,32.40408426107362,-5.6854704646177066,5.805731763442357,7.327768162958045
rolling_validation,moving_average_8_week,HOBBIES_1_009_TX_1,24,120.0,121.70737516880035,73.90153956413269,328.3760294404062,1.707375168800354,61.58461630344391,1.4228126406669617,3.0792308151721954,3.6989639846877296
rolling_validation,moving_average_8_week,HOBBIES_1_009_TX_2,24,64.0,50.526344895362854,65.29198431968689,237.50261107888818,-13.473655104637146,102.01872549951077,-21.05258610099554,2.7204993466536203,3.1457816402743224
rolling_validation,moving_average_8_week,HOBBIES_1_009_TX_3,24,84.0,65.22782444953918,56.73921597003937,192.26232748514153,-18.772175550460815,67.54668567861829,-22.347828036262875,2.3641339987516403,2.83035868961531
rolling_validation,moving_average_8_week,HOBBIES_1_009_WI_1,24,121.0,122.99418044090271,63.665796995162964,303.09746068251263,1.99418044090271,52.61636115302725,1.648083009010504,2.6527415414651236,3.5537389974182627
rolling_validation,moving_average_8_week,HOBBIES_1_009_WI_2,24,33.0,31.9261936545372,20.1566304564476,25.675352926180043,-1.073806345462799,61.08069835287152,-3.2539586226145425,0.8398596023519834,1.0343144453811755
rolling_validation,moving_average_8_week,HOBBIES_1_009_WI_3,24,37.0,43.83986246585846,39.48910212516785,86.65963105390924,6.8398624658584595,106.72730304099419,18.48611477259043,1.645379255215327,1.9002152405923787
rolling_validation,moving_average_8_week,HOBBIES_1_010_CA_1,24,108.0,100.50234532356262,38.0990926027298,91.98957323392085,-7.497654676437378,35.27693759512018,-6.942272848553127,1.5874621917804081,1.957779069442388
rolling_validation,moving_average_8_week,HOBBIES_1_010_CA_2,24,51.0,92.50712198019028,54.3753165602684,220.4309817864708,41.50712198019028,106.61826776523216,81.3865136866476,2.2656381900111833,3.030614498926406
rolling_validation,moving_average_8_week,HOBBIES_1_010_CA_3,24,129.0,124.63027960062027,48.67733937501907,156.9576896187694,-4.36972039937973,37.73437160854192,-3.3873801545579307,2.028222473959128,2.55732354896978
rolling_validation,moving_average_8_week,HOBBIES_1_010_CA_4,24,28.0,19.79190820455551,26.032072007656097,39.45499157213406,-8.208091795444489,92.97168574162892,-29.314613555158886,1.0846696669856708,1.2821692486455338
rolling_validation,moving_average_8_week,HOBBIES_1_010_TX_1,24,88.0,79.85061568021774,39.20710188150406,87.87656581156416,-8.149384319782257,44.55352486534552,-9.260663999752564,1.633629245062669,1.9135107983708481
rolling_validation,moving_average_8_week,HOBBIES_1_010_TX_2,24,123.0,146.32320195436478,43.70783430337906,126.16083580512486,23.323201954364777,35.53482463689354,18.961952808426645,1.821159762640794,2.2927497665205863
rolling_validation,moving_average_8_week,HOBBIES_1_010_TX_3,24,92.0,82.66312128305435,43.393801629543304,112.60340135509593,-9.336878716945648,47.1671756842862,-10.148781214071356,1.8080750678976376,2.166058260942134
rolling_validation,moving_average_8_week,HOBBIES_1_010_WI_1,24,85.0,91.45836794376373,39.33892333507538,84.34459938950783,6.458367943763733,46.28108627655927,7.598079933839685,1.6391218056281407,1.8746621850072507
rolling_validation,moving_average_8_week,HOBBIES_1_010_WI_2,24,65.0,75.31038177013397,37.0743488073349,88.08682741331906,10.310381770133972,57.037459703592155,15.862125800206112,1.5447645336389542,1.9157986521435286
rolling_validation,moving_average_8_week,HOBBIES_1_010_WI_3,24,58.0,53.84290969371796,49.996485352516174,151.45709432585562,-4.1570903062820435,86.20083681468306,-7.167397079796626,2.083186889688174,2.512113107242052
rolling_validation,moving_average_8_week,HOUSEHOLD_1_001_CA_1,24,167.0,151.42990428209305,89.0982226729393,465.8499761608347,-15.570095717906952,53.35222914547264,-9.323410609525121,3.7124259447058043,4.4057253288610845
rolling_validation,moving_average_8_week,HOUSEHOLD_1_001_CA_2,24,13.0,0.0,13.0,61.0,-13.0,100.0,-100.0,0.5416666666666666,1.5942605391424158
rolling_validation,moving_average_8_week,HOUSEHOLD_1_001_CA_3,24,8.0,3.1812784671783447,10.221919894218445,18.52333946066748,-4.818721532821655,127.77399867773056,-60.23401916027069,0.42591332892576855,0.878524792399819
rolling_validation,moving_average_8_week,HOUSEHOLD_1_001_CA_4,24,97.0,118.24963808059692,39.56232476234436,95.7624559350854,21.249638080596924,40.78590181684986,21.906843382058685,1.648430198431015,1.997524050075132
rolling_validation,moving_average_8_week,HOUSEHOLD_1_001_TX_1,24,65.0,61.93143367767334,34.854737639427185,70.50283545404469,-3.06856632232666,53.62267329142644,-4.720871265117939,1.4522807349761326,1.7139481158770613
rolling_validation,moving_average_8_week,HOUSEHOLD_1_001_TX_2,24,47.0,70.59355580806732,45.03345048427582,130.37291574387945,23.593555808067322,95.81585209420386,50.19905491078154,1.876393770178159,2.3307090815161047
rolling_validation,moving_average_8_week,HOUSEHOLD_1_001_TX_3,24,5.0,0.0,5.0,13.0,-5.0,100.0,-100.0,0.20833333333333334,0.7359800721939872
rolling_validation,moving_average_8_week,HOUSEHOLD_1_001_WI_1,24,226.0,247.55766278505325,55.195036351680756,245.0604523173704,21.557662785053253,24.42258245649591,9.538788842943918,2.2997931813200316,3.1954424075377155
rolling_validation,moving_average_8_week,HOUSEHOLD_1_001_WI_2,24,29.0,42.046771705150604,32.76532584428787,71.32381449130222,13.046771705150604,112.98388222168232,44.98886794879519,1.3652219101786613,1.7238983739780773
rolling_validation,moving_average_8_week,HOUSEHOLD_1_001_WI_3,24,61.0,42.575734972953796,40.73877024650574,101.6822517899534,-18.424265027046204,66.78486925656678,-30.20371315909214,1.6974487602710724,2.0583392556252864
rolling_validation,moving_average_8_week,HOUSEHOLD_1_002_CA_1,24,27.0,40.96341907978058,43.66602063179016,143.38958268355464,13.963419079780579,161.72600233996357,51.716366962150296,1.81941752632459,2.444292524463492
rolling_validation,moving_average_8_week,HOUSEHOLD_1_002_CA_2,24,139.0,131.6163649559021,119.11047637462616,846.3115668275962,-7.3836350440979,85.69099019757277,-5.311967657624389,4.962936515609424,5.938264220388803
rolling_validation,moving_average_8_week,HOUSEHOLD_1_002_CA_3,24,175.0,191.74468213319778,56.75018256902695,232.96477389948248,16.744682133197784,32.428675753729685,9.568389790398733,2.364590940376123,3.115584307821745
rolling_validation,moving_average_8_week,HOUSEHOLD_1_002_CA_4,24,151.0,132.18059921264648,41.89219033718109,111.71035497568548,-18.819400787353516,27.7431724087292,-12.463179329373189,1.7455079307158787,2.157451766317591
rolling_validation,moving_average_8_week,HOUSEHOLD_1_002_TX_1,24,73.0,66.56909966468811,27.381911277770996,55.83610448925046,-6.43090033531189,37.50946750379588,-8.809452514125876,1.1409129699071248,1.5252882854459904
rolling_validation,moving_average_8_week,HOUSEHOLD_1_002_TX_2,24,93.0,74.04531168937683,67.1389890909195,278.3763248720374,-18.95468831062317,72.19246138808548,-20.381385280239968,2.7974578787883124,3.405732452253831
rolling_validation,moving_average_8_week,HOUSEHOLD_1_002_TX_3,24,53.0,39.91873109340668,40.72674071788788,120.83003421268677,-13.081268906593323,76.84290701488278,-24.681639446402496,1.696947529911995,2.2437880378640824
rolling_validation,moving_average_8_week,HOUSEHOLD_1_002_WI_1,24,306.0,257.79338067770004,113.61398524045944,903.1640656483783,-48.20661932229996,37.12875334655537,-15.753797164150313,4.73391605168581,6.134479282602756
rolling_validation,moving_average_8_week,HOUSEHOLD_1_002_WI_2,24,77.0,76.06547218561172,50.51072436571121,154.966936263947,-0.9345278143882751,65.59834333209248,-1.2136724862185393,2.104613515237967,2.5410540485523834
rolling_validation,moving_average_8_week,HOUSEHOLD_1_002_WI_3,24,38.0,49.27357006072998,23.5881986618042,34.30653669624053,11.27357006072998,62.0742070047479,29.667289633499948,0.9828416109085083,1.1955914975483986
rolling_validation,moving_average_8_week,HOUSEHOLD_1_003_CA_1,24,144.0,166.11308056116104,54.63126975297928,218.42922626773114,22.11308056116104,37.938381772902275,15.356305945250723,2.2763029063741365,3.016822460993597
rolling_validation,moving_average_8_week,HOUSEHOLD_1_003_CA_2,24,238.0,247.90253180265427,46.27305620908737,141.44126257922386,9.902531802654266,19.442460592053518,4.160727648174062,1.928044008711974,2.427629695979392
rolling_validation,moving_average_8_week,HOUSEHOLD_1_003_CA_3,24,424.0,449.6148814558983,139.13334089517593,1305.2849753198095,25.614881455898285,32.814467192258476,6.041245626391105,5.797222537298997,7.374745688609115
rolling_validation,moving_average_8_week,HOUSEHOLD_1_003_CA_4,24,155.0,194.80581831932068,76.93900179862976,421.94770387787815,39.80581831932068,49.638065676535334,25.681173109239147,3.2057917416095734,4.192988710722332
rolling_validation,moving_average_8_week,HOUSEHOLD_1_003_TX_1,24,51.0,70.55397242307663,34.87205845117569,64.5567867933061,19.55397242307663,68.37658519838371,38.34112239818947,1.4530024354656537,1.640081131038265
rolling_validation,moving_average_8_week,HOUSEHOLD_1_003_TX_2,24,78.0,95.12019419670105,35.59848248958588,87.26562667253262,17.12019419670105,45.639080114853684,21.9489669188475,1.483270103732745,1.9068476022016527
rolling_validation,moving_average_8_week,HOUSEHOLD_1_003_TX_3,24,55.0,92.58585131168365,47.559253334999084,190.33313085355226,37.585851311683655,86.47136969999833,68.33791147578846,1.9816355556249619,2.8161227101989024
rolling_validation,moving_average_8_week,HOUSEHOLD_1_003_WI_1,24,234.0,219.9551095366478,122.8352844119072,1000.7557543350548,-14.044890463352203,52.49371128713983,-6.002089941603506,5.118136850496133,6.457410969624536
rolling_validation,moving_average_8_week,HOUSEHOLD_1_003_WI_2,24,217.0,240.8538537621498,112.02358311414719,845.0464530561045,23.85385376214981,51.62377102034432,10.992559337396226,4.667649296422799,5.933824136030465
rolling_validation,moving_average_8_week,HOUSEHOLD_1_003_WI_3,24,71.0,71.05685776472092,36.89421612024307,96.04618294908188,0.05685776472091675,51.96368467639869,0.08008135876185457,1.537259005010128,2.000481014542522
rolling_validation,moving_average_8_week,HOUSEHOLD_1_004_CA_1,24,422.0,398.18213188648224,145.34840881824493,1436.7899817431744,-23.81786811351776,34.44275090479738,-5.644044576662976,6.056183700760205,7.737328301119123
rolling_validation,moving_average_8_week,HOUSEHOLD_1_004_CA_2,24,513.0,496.97413355112076,238.0040574669838,3375.9172591672186,-16.025866448879242,46.39455311247247,-3.1239505748302614,9.91683572779099,11.860152576251599
rolling_validation,moving_average_8_week,HOUSEHOLD_1_004_CA_3,24,1823.0,1691.9683029651642,438.0378748178482,13813.177359127556,-131.03169703483582,24.028407834220967,-7.1876959426679,18.251578117410343,23.990603507004877
rolling_validation,moving_average_8_week,HOUSEHOLD_1_004_CA_4,24,169.0,143.31564128398895,101.3075749874115,653.8679470593611,-25.684358716011047,59.94531064343875,-15.197845394089377,4.221148957808812,5.21962621210945
rolling_validation,moving_average_8_week,HOUSEHOLD_1_004_TX_1,24,162.0,100.45886397361755,105.81384944915771,769.7829228034548,-61.541136026382446,65.31719101799858,-37.98835557184101,4.408910393714905,5.663416676366303
rolling_validation,moving_average_8_week,HOUSEHOLD_1_004_TX_2,24,295.0,305.4800155758858,82.16032427549362,346.4396207704993,10.480015575885773,27.850957381523262,3.552547652842635,3.4233468448122344,3.79933996883285
rolling_validation,moving_average_8_week,HOUSEHOLD_1_004_TX_3,24,400.0,363.34625405073166,168.7028244137764,1627.711993803974,-36.65374594926834,42.1757061034441,-9.163436487317085,7.029284350574017,8.23537085231537
rolling_validation,moving_average_8_week,HOUSEHOLD_1_004_WI_1,24,259.0,230.6489835381508,94.42043906450272,573.5521537055032,-28.351016461849213,36.45576797857248,-10.946338402258384,3.9341849610209465,4.888558724654534
rolling_validation,moving_average_8_week,HOUSEHOLD_1_004_WI_2,24,875.0,749.6125945448875,293.5567998290062,5540.065392515702,-125.38740545511246,33.54934855188642,-14.329989194869997,12.231533326208591,15.193289901186233
rolling_validation,moving_average_8_week,HOUSEHOLD_1_004_WI_3,24,497.0,343.302838742733,278.60805386304855,5228.975912694931,-153.697161257267,56.05795852375223,-30.924982144319312,11.608668910960356,14.760555421876536
rolling_validation,moving_average_8_week,HOUSEHOLD_1_005_CA_1,24,250.0,281.6994775533676,141.11275112628937,1404.251807033306,31.699477553367615,56.44510045051575,12.679791021347045,5.87969796359539,7.649215120502305
rolling_validation,moving_average_8_week,HOUSEHOLD_1_005_CA_2,24,353.0,357.40672212839127,180.3761401772499,2014.0730752435697,4.406722128391266,51.098056707436236,1.248363209175996,7.515672507385413,9.160770244279794
rolling_validation,moving_average_8_week,HOUSEHOLD_1_005_CA_3,24,35.0,0.0,35.0,635.0,-35.0,100.0,-100.0,1.4583333333333333,5.1437664540036545
rolling_validation,moving_average_8_week,HOUSEHOLD_1_005_CA_4,24,115.0,90.35708487033844,50.709935426712036,175.97746497402457,-24.64291512966156,44.095596023227856,-21.42862185187962,2.1129139761130014,2.7078394291238337
rolling_validation,moving_average_8_week,HOUSEHOLD_1_005_TX_1,24,143.0,161.4252341389656,100.46725052595139,596.7725637086916,18.425234138965607,70.25681854961636,12.884779118157766,4.186135438581307,4.986534216052482
rolling_validation,moving_average_8_week,HOUSEHOLD_1_005_TX_2,24,334.0,343.4384112358093,230.52878892421722,3229.7220215328784,9.438411235809326,69.02059548629258,2.825871627487822,9.605366205175718,11.60050649313224
rolling_validation,moving_average_8_week,HOUSEHOLD_1_005_TX_3,24,133.0,155.11217993497849,120.55111342668533,878.1071546479052,22.112179934978485,90.63993490728221,16.625699199231946,5.022963059445222,6.048784845762774
rolling_validation,moving_average_8_week,HOUSEHOLD_1_005_WI_1,24,171.0,200.6198207139969,123.11748051643372,1034.278264816519,29.619820713996887,71.9985266177975,17.32153258128473,5.129895021518071,6.564672703241822
rolling_validation,moving_average_8_week,HOUSEHOLD_1_005_WI_2,24,141.0,111.93643796443939,91.88849973678589,573.7035080206936,-29.063562035560608,65.16914874949353,-20.612455344369227,3.8286874890327454,4.889203701442145
rolling_validation,moving_average_8_week,HOUSEHOLD_1_005_WI_3,24,433.0,387.24670135974884,277.4259420633316,3986.0180520016784,-45.75329864025116,64.0706563656655,-10.566581672113431,11.559414252638817,12.887361463855584
rolling_validation,moving_average_8_week,HOUSEHOLD_1_006_CA_1,24,281.0,332.7520861029625,74.40184777975082,316.90829974795383,51.752086102962494,26.477525900267196,18.41711249215747,3.100076990822951,3.633801382780583
rolling_validation,moving_average_8_week,HOUSEHOLD_1_006_CA_2,24,224.0,223.65666109323502,105.01529031991959,648.0809039936761,-0.34333890676498413,46.88182603567839,-0.15327629766293935,4.375637096663316,5.196476787183457
rolling_validation,moving_average_8_week,HOUSEHOLD_1_006_CA_3,24,234.0,234.5830305814743,68.3575804233551,401.30939391315246,0.5830305814743042,29.21264120656201,0.24915836815141207,2.848232517639796,4.0891594180688715
rolling_validation,moving_average_8_week,HOUSEHOLD_1_006_CA_4,24,109.0,103.8629902601242,55.29743206501007,192.2585451122871,-5.1370097398757935,50.73158905046795,-4.7128529723631125,2.3040596693754196,2.830330848683942
rolling_validation,moving_average_8_week,HOUSEHOLD_1_006_TX_1,24,168.0,153.47220313549042,63.18758714199066,228.80554377651396,-14.527796864509583,37.611659013089685,-8.647498133636656,2.6328161309162774,3.0876470530197286
rolling_validation,moving_average_8_week,HOUSEHOLD_1_006_TX_2,24,190.0,179.6093834042549,58.39366799592972,230.67502803564537,-10.390616595745087,30.733509471541957,-5.46874557670794,2.4330694998304048,3.1002353945281675
rolling_validation,moving_average_8_week,HOUSEHOLD_1_006_TX_3,24,182.0,163.2357075214386,60.74297749996185,300.0375734800284,-18.7642924785614,33.375262362616404,-10.310050812396375,2.5309573958317437,3.5357553028550845
rolling_validation,moving_average_8_week,HOUSEHOLD_1_006_WI_1,24,89.0,80.06136792898178,31.281229078769684,51.87936334487908,-8.938632071018219,35.147448403112,-10.043406821368785,1.303384544948737,1.4702517265318757
rolling_validation,moving_average_8_week,HOUSEHOLD_1_006_WI_2,24,81.0,83.80760985612869,42.87267166376114,115.22199365605768,2.8076098561286926,52.92922427624832,3.4661850075662874,1.7863613193233807,2.1910993593024797
rolling_validation,moving_average_8_week,HOUSEHOLD_1_006_WI_3,24,107.0,109.23714107275009,44.812285006046295,110.1856748438503,2.2371410727500916,41.88064019256663,2.090786049299151,1.8671785419185956,2.142678180492915
rolling_validation,moving_average_8_week,HOUSEHOLD_1_007_CA_1,24,365.0,362.92122024297714,107.0554718375206,658.253604695504,-2.0787797570228577,29.33026625685496,-0.5695287005542076,4.460644659896691,5.237101634394671
rolling_validation,moving_average_8_week,HOUSEHOLD_1_007_CA_2,24,268.0,258.1481223702431,69.61577552556992,284.37068069906496,-9.851877629756927,25.976035643869373,-3.6760737424466146,2.900657313565413,3.4422054503560706
rolling_validation,moving_average_8_week,HOUSEHOLD_1_007_CA_3,24,286.0,260.2961803674698,118.08819568157196,749.1370944308204,-25.703819632530212,41.28957890964055,-8.987349521863711,4.920341486732165,5.586953159037955
rolling_validation,moving_average_8_week,HOUSEHOLD_1_007_CA_4,24,171.0,159.01266622543335,70.0132542848587,303.64013532054287,-11.98733377456665,40.9434235583969,-7.010136710272895,2.9172189285357795,3.556918934277617
rolling_validation,moving_average_8_week,HOUSEHOLD_1_007_TX_1,24,258.0,238.57009547948837,62.80162650346756,242.21389341132095,-19.429904520511627,24.341715699018433,-7.530970744384352,2.6167344376444817,3.1768294821732312
rolling_validation,moving_average_8_week,HOUSEHOLD_1_007_TX_2,24,231.0,235.24721771478653,109.60516506433487,658.2084307755608,4.2472177147865295,47.44812340447397,1.838622387353476,4.566881877680619,5.236921928224158
rolling_validation,moving_average_8_week,HOUSEHOLD_1_007_TX_3,24,121.0,116.43332093954086,121.50619131326675,834.7214081831979,-4.566679060459137,100.41833992831964,-3.774114925999287,5.062757971386115,5.897462053654937
rolling_validation,moving_average_8_week,HOUSEHOLD_1_007_WI_1,24,281.0,332.14547604322433,77.02811688184738,316.485772569869,51.145476043224335,27.412141239091596,18.201237026058482,3.2095048700769744,3.631378139275943
rolling_validation,moving_average_8_week,HOUSEHOLD_1_007_WI_2,24,347.0,352.55547147989273,100.16407293081284,587.6395706680685,5.555471479892731,28.86572706939851,1.601000426482055,4.173503038783868,4.9482301998966784
rolling_validation,moving_average_8_week,HOUSEHOLD_1_007_WI_3,24,196.0,207.80203145742416,64.48332744836807,270.6117016573852,11.802031457424164,32.89965686141228,6.021444621134778,2.6868053103486695,3.3578992791710887
rolling_validation,moving_average_8_week,HOUSEHOLD_1_008_CA_1,24,71.0,74.15780764818192,35.528113663196564,88.06576710662101,3.1578076481819153,50.03959670872755,4.447616405890022,1.480338069299857,1.9155696183579116
rolling_validation,moving_average_8_week,HOUSEHOLD_1_008_CA_2,24,59.0,66.02574902772903,31.500724852085114,72.79648519751248,7.025749027729034,53.3910590713307,11.908049199540736,1.312530202170213,1.741604686267721
rolling_validation,moving_average_8_week,HOUSEHOLD_1_008_CA_3,24,94.0,104.94645416736603,46.08733892440796,124.86460389379363,10.946454167366028,49.02908396213613,11.645164007836199,1.9203057885169983,2.2809409963670846
rolling_validation,moving_average_8_week,HOUSEHOLD_1_008_CA_4,24,45.0,42.03922289609909,25.16307681798935,40.578363500372774,-2.9607771039009094,55.917948484420776,-6.579504675335354,1.0484615340828896,1.300294253562964
rolling_validation,moving_average_8_week,HOUSEHOLD_1_008_TX_1,24,33.0,27.259509921073914,27.07134974002838,47.05188476316097,-5.740490078926086,82.03439315160117,-17.3954244815942,1.1279729058345158,1.4001768454252628
rolling_validation,moving_average_8_week,HOUSEHOLD_1_008_TX_2,24,81.0,83.65574353933334,33.28778547048569,76.39075713164253,2.6557435393333435,41.096031445044055,3.278695727572029,1.386991061270237,1.784081896611935
rolling_validation,moving_average_8_week,HOUSEHOLD_1_008_TX_3,24,57.0,52.41465973854065,33.034576416015625,67.32581201476415,-4.585340261459351,57.95539722108004,-8.044456599051491,1.3764406840006511,1.674885717678027
rolling_validation,moving_average_8_week,HOUSEHOLD_1_008_WI_1,24,39.0,35.57091981172562,24.40331870317459,43.206302692665474,-3.4290801882743835,62.57261205942203,-8.79251330326765,1.0168049459656079,1.3417386527168378
rolling_validation,moving_average_8_week,HOUSEHOLD_1_008_WI_2,24,75.0,59.13043665885925,31.47880458831787,64.34991952967746,-15.869563341140747,41.97173945109049,-21.15941778818766,1.3116168578465779,1.6374512655556788
rolling_validation,moving_average_8_week,HOUSEHOLD_1_008_WI_3,24,36.0,38.60076296329498,28.55031716823578,47.16734912105677,2.600762963294983,79.30643657843271,7.224341564708286,1.1895965486764908,1.4018937953273656
rolling_validation,moving_average_8_week,HOUSEHOLD_1_009_CA_1,24,92.0,62.21205949783325,43.652690052986145,120.34152280080951,-29.787940502166748,47.44857614455016,-32.37819619800734,1.8188620855410893,2.2392476675661395
rolling_validation,moving_average_8_week,HOUSEHOLD_1_009_CA_2,24,108.0,95.56410837173462,39.283018827438354,110.76868160081668,-12.43589162826538,36.37316558096144,-11.514714470616093,1.6367924511432648,2.1483392966120043
rolling_validation,moving_average_8_week,HOUSEHOLD_1_009_CA_3,24,115.0,153.59447586536407,52.198052525520325,178.5521223747911,38.594475865364075,45.3896108917568,33.56041379596876,2.1749188552300134,2.7275761704517616
rolling_validation,moving_average_8_week,HOUSEHOLD_1_009_CA_4,24,63.0,62.62730795145035,29.05430418252945,51.91626576781255,-0.3726920485496521,46.11794314687214,-0.591574680237543,1.2105960076053937,1.4707745375568353
rolling_validation,moving_average_8_week,HOUSEHOLD_1_009_TX_1,24,53.0,53.182919561862946,36.637848913669586,69.59795373943952,0.18291956186294556,69.1280168182445,0.3451312487980105,1.526577038069566,1.7029136029591498
rolling_validation,moving_average_8_week,HOUSEHOLD_1_009_TX_2,24,99.0,91.01299053430557,60.524721920490265,225.3728609923313,-7.9870094656944275,61.136082747969965,-8.067686328984271,2.521863413353761,3.064398126007858
rolling_validation,moving_average_8_week,HOUSEHOLD_1_009_TX_3,24,86.0,67.29689621925354,43.44160270690918,130.9292896699632,-18.70310378074646,50.513491519661834,-21.74779509389123,1.810066779454549,2.3356770045496016
rolling_validation,moving_average_8_week,HOUSEHOLD_1_009_WI_1,24,34.0,39.36473590135574,18.70451992750168,20.655148692573423,5.364735901355743,55.013293904416706,15.778635003987482,0.7793549969792366,0.9277021049474301
rolling_validation,moving_average_8_week,HOUSEHOLD_1_009_WI_2,24,49.0,60.28651440143585,51.261691093444824,172.86934409585945,11.286514401435852,104.61569610907107,23.03370286007317,2.135903795560201,2.6838199152192526
rolling_validation,moving_average_8_week,HOUSEHOLD_1_009_WI_3,24,59.0,64.28915333747864,32.78268098831177,62.346015893235375,5.289153337478638,55.56386608188435,8.964666673692607,1.365945041179657,1.6117539087026098
rolling_validation,moving_average_8_week,HOUSEHOLD_1_010_CA_1,24,174.0,210.2297196984291,87.14752548933029,567.4090899508492,36.22971969842911,50.084784763982924,20.821677987602936,3.631146895388762,4.862308650694516
rolling_validation,moving_average_8_week,HOUSEHOLD_1_010_CA_2,24,188.0,292.9084410071373,144.1989683508873,1192.3756307264719,104.9084410071373,76.70157891004644,55.802362237838985,6.008290347953637,7.048568503386792
rolling_validation,moving_average_8_week,HOUSEHOLD_1_010_CA_3,24,271.0,303.16772812604904,122.1093779206276,905.7551960349092,32.16772812604904,45.058811040821986,11.870010378615882,5.087890746692817,6.143272729969579
rolling_validation,moving_average_8_week,HOUSEHOLD_1_010_CA_4,24,70.0,87.42699962854385,61.122473537921906,228.96315610469793,17.426999628543854,87.31781933988843,24.895713755062648,2.546769730746746,3.088710330277414
rolling_validation,moving_average_8_week,HOUSEHOLD_1_010_TX_1,24,140.0,192.6905545592308,99.86157125234604,650.3793332213656,52.690554559230804,71.32969375167573,37.63611039945057,4.160898802181085,5.205683325388087
rolling_validation,moving_average_8_week,HOUSEHOLD_1_010_TX_2,24,255.0,308.7695640325546,160.0732409954071,1778.2167476878092,53.76956403255463,62.77381999819887,21.086103542178286,6.669718374808629,8.60769216962317
rolling_validation,moving_average_8_week,HOUSEHOLD_1_010_TX_3,24,142.0,217.80780047178268,196.62856751680374,1988.1209599131453,75.80780047178268,138.4708221949322,53.38577498012865,8.192856979866823,9.101558840644518
rolling_validation,moving_average_8_week,HOUSEHOLD_1_010_WI_1,24,114.0,169.3826118707657,84.83863985538483,389.347162298844,55.382611870765686,74.4198595222674,48.58123848312779,3.534943327307701,4.027753521396077
rolling_validation,moving_average_8_week,HOUSEHOLD_1_010_WI_2,24,138.0,166.0263130068779,98.74636310338974,680.5472398663386,28.0263130068779,71.55533558216648,20.3089224687521,4.114431795974572,5.325047886585695
rolling_validation,moving_average_8_week,HOUSEHOLD_1_010_WI_3,24,88.0,137.28991276025772,71.38215285539627,275.63537037221363,49.28991276025772,81.11608279022303,56.01126450029287,2.9742563689748445,3.388924180155442
rolling_validation,naive_last_value,FOODS_1_001_CA_1,24,112.0,88.0,54.0,192.0,-24.0,48.214285714285715,-21.428571428571427,2.25,2.8284271247461903
rolling_validation,naive_last_value,FOODS_1_001_CA_2,24,178.0,208.0,70.0,318.0,30.0,39.325842696629216,16.853932584269664,2.9166666666666665,3.640054944640259
rolling_validation,naive_last_value,FOODS_1_001_CA_3,24,200.0,272.0,172.0,1498.0,72.0,86.0,36.0,7.166666666666667,7.9004219296608875
rolling_validation,naive_last_value,FOODS_1_001_CA_4,24,38.0,32.0,36.0,100.0,-6.0,94.73684210526315,-15.789473684210526,1.5,2.041241452319315
rolling_validation,naive_last_value,FOODS_1_001_TX_1,24,112.0,48.0,90.0,1232.0,-64.0,80.35714285714286,-57.14285714285714,3.75,7.164728420068226
rolling_validation,naive_last_value,FOODS_1_001_TX_2,24,92.0,104.0,88.0,556.0,12.0,95.65217391304348,13.043478260869565,3.6666666666666665,4.813176359397884
rolling_validation,naive_last_value,FOODS_1_001_TX_3,24,67.0,120.0,85.0,475.0,53.0,126.86567164179105,79.1044776119403,3.5416666666666665,4.448782605013046
rolling_validation,naive_last_value,FOODS_1_001_WI_1,24,65.0,72.0,71.0,265.0,7.0,109.23076923076923,10.76923076923077,2.9583333333333335,3.322900339562814
rolling_validation,naive_last_value,FOODS_1_001_WI_2,24,52.0,48.0,38.0,88.0,-4.0,73.07692307692307,-7.6923076923076925,1.5833333333333333,1.9148542155126762
rolling_validation,naive_last_value,FOODS_1_001_WI_3,24,26.0,64.0,44.0,112.0,38.0,169.23076923076923,146.15384615384613,1.8333333333333333,2.160246899469287
rolling_validation,naive_last_value,FOODS_1_002_CA_1,24,65.0,40.0,41.0,115.0,-25.0,63.07692307692307,-38.46153846153847,1.7083333333333333,2.188987589427283
rolling_validation,naive_last_value,FOODS_1_002_CA_2,24,121.0,80.0,81.0,395.0,-41.0,66.94214876033058,-33.88429752066116,3.375,4.056887148212695
rolling_validation,naive_last_value,FOODS_1_002_CA_3,24,2.0,0.0,2.0,2.0,-2.0,100.0,-100.0,0.08333333333333333,0.28867513459481287
rolling_validation,naive_last_value,FOODS_1_002_CA_4,24,37.0,8.0,31.0,119.0,-29.0,83.78378378378379,-78.37837837837837,1.2916666666666667,2.226731535981231
rolling_validation,naive_last_value,FOODS_1_002_TX_1,24,29.0,24.0,23.0,39.0,-5.0,79.3103448275862,-17.24137931034483,0.9583333333333334,1.2747548783981961
rolling_validation,naive_last_value,FOODS_1_002_TX_2,24,31.0,32.0,27.0,55.0,1.0,87.09677419354838,3.225806451612903,1.125,1.5138251770487459
rolling_validation,naive_last_value,FOODS_1_002_TX_3,24,31.0,8.0,29.0,79.0,-23.0,93.54838709677419,-74.19354838709677,1.2083333333333333,1.8142950880897701
rolling_validation,naive_last_value,FOODS_1_002_WI_1,24,172.0,112.0,94.0,534.0,-60.0,54.65116279069767,-34.883720930232556,3.9166666666666665,4.716990566028302
rolling_validation,naive_last_value,FOODS_1_002_WI_2,24,78.0,64.0,60.0,250.0,-14.0,76.92307692307693,-17.94871794871795,2.5,3.227486121839514
rolling_validation,naive_last_value,FOODS_1_002_WI_3,24,29.0,40.0,39.0,95.0,11.0,134.48275862068965,37.93103448275862,1.625,1.9895560643855537
rolling_validation,naive_last_value,FOODS_1_003_CA_1,24,125.0,96.0,109.0,625.0,-29.0,87.2,-23.200000000000003,4.541666666666667,5.103103630798288
rolling_validation,naive_last_value,FOODS_1_003_CA_2,24,167.0,128.0,93.0,627.0,-39.0,55.688622754491014,-23.353293413173652,3.875,5.111262075065218
rolling_validation,naive_last_value,FOODS_1_003_CA_3,24,106.0,104.0,54.0,214.0,-2.0,50.943396226415096,-1.8867924528301887,2.25,2.9860788111948193
rolling_validation,naive_last_value,FOODS_1_003_CA_4,24,35.0,32.0,21.0,33.0,-3.0,60.0,-8.571428571428571,0.875,1.1726039399558574
rolling_validation,naive_last_value,FOODS_1_003_TX_1,24,32.0,40.0,26.0,44.0,8.0,81.25,25.0,1.0833333333333333,1.35400640077266
rolling_validation,naive_last_value,FOODS_1_003_TX_2,24,59.0,72.0,37.0,79.0,13.0,62.71186440677966,22.033898305084744,1.5416666666666667,1.8142950880897701
rolling_validation,naive_last_value,FOODS_1_003_TX_3,24,35.0,48.0,43.0,127.0,13.0,122.85714285714286,37.142857142857146,1.7916666666666667,2.3003622903070435
rolling_validation,naive_last_value,FOODS_1_003_WI_1,24,190.0,208.0,74.0,338.0,18.0,38.94736842105263,9.473684210526317,3.0833333333333335,3.7527767497325675
rolling_validation,naive_last_value,FOODS_1_003_WI_2,24,5.0,16.0,13.0,25.0,11.0,260.0,220.00000000000003,0.5416666666666666,1.0206207261596576
rolling_validation,naive_last_value,FOODS_1_003_WI_3,24,35.0,8.0,35.0,89.0,-27.0,100.0,-77.14285714285715,1.4583333333333333,1.925703334715224
rolling_validation,naive_last_value,FOODS_1_004_CA_1,24,840.0,992.0,516.0,17218.0,152.0,61.42857142857143,18.095238095238095,21.5,26.784634898886836
rolling_validation,naive_last_value,FOODS_1_004_CA_2,24,589.0,976.0,681.0,31679.0,387.0,115.61969439728352,65.70458404074702,28.375,36.33123082601708
rolling_validation,naive_last_value,FOODS_1_004_CA_3,24,587.0,1064.0,883.0,58305.0,477.0,150.42589437819422,81.26064735945485,36.791666666666664,49.28869038633508
rolling_validation,naive_last_value,FOODS_1_004_CA_4,24,383.0,304.0,191.0,2017.0,-79.0,49.869451697127936,-20.626631853785902,7.958333333333333,9.167424211122047
rolling_validation,naive_last_value,FOODS_1_004_TX_1,24,1099.0,928.0,561.0,18153.0,-171.0,51.04640582347588,-15.559599636032756,23.375,27.50227263336614
rolling_validation,naive_last_value,FOODS_1_004_TX_2,24,313.0,272.0,299.0,5723.0,-41.0,95.52715654952077,-13.099041533546327,12.458333333333334,15.442096144414247
rolling_validation,naive_last_value,FOODS_1_004_TX_3,24,906.0,1144.0,500.0,15506.0,238.0,55.18763796909493,26.269315673289185,20.833333333333332,25.418169354486043
rolling_validation,naive_last_value,FOODS_1_004_WI_1,24,713.0,280.0,589.0,25013.0,-433.0,82.6086956521739,-60.72931276297335,24.541666666666668,32.28325159170515
rolling_validation,naive_last_value,FOODS_1_004_WI_2,24,1590.0,1928.0,676.0,28210.0,338.0,42.515723270440255,21.257861635220127,28.166666666666668,34.28435017127591
rolling_validation,naive_last_value,FOODS_1_004_WI_3,24,993.0,712.0,547.0,18533.0,-281.0,55.085599194360526,-28.298086606243704,22.791666666666668,27.78863676637149
rolling_validation,naive_last_value,FOODS_1_005_CA_1,24,263.0,176.0,127.0,1415.0,-87.0,48.28897338403042,-33.07984790874524,5.291666666666667,7.678432999859629
rolling_validation,naive_last_value,FOODS_1_005_CA_2,24,471.0,456.0,181.0,1991.0,-15.0,38.42887473460722,-3.1847133757961785,7.541666666666667,9.10814653666339
rolling_validation,naive_last_value,FOODS_1_005_CA_3,24,380.0,400.0,292.0,4728.0,20.0,76.84210526315789,5.263157894736842,12.166666666666666,14.035668847618199
rolling_validation,naive_last_value,FOODS_1_005_CA_4,24,103.0,80.0,59.0,239.0,-23.0,57.28155339805825,-22.330097087378643,2.4583333333333335,3.1556827047935814
rolling_validation,naive_last_value,FOODS_1_005_TX_1,24,140.0,176.0,124.0,986.0,36.0,88.57142857142857,25.71428571428571,5.166666666666667,6.409628174343137
rolling_validation,naive_last_value,FOODS_1_005_TX_2,24,149.0,160.0,85.0,449.0,11.0,57.04697986577181,7.38255033557047,3.5416666666666665,4.325313090786993
rolling_validation,naive_last_value,FOODS_1_005_TX_3,24,181.0,224.0,127.0,1107.0,43.0,70.1657458563536,23.756906077348066,5.291666666666667,6.791538853603062
rolling_validation,naive_last_value,FOODS_1_005_WI_1,24,282.0,224.0,140.0,1366.0,-58.0,49.645390070921984,-20.56737588652482,5.833333333333333,7.544313531837517
rolling_validation,naive_last_value,FOODS_1_005_WI_2,24,300.0,96.0,206.0,3448.0,-204.0,68.66666666666667,-68.0,8.583333333333334,11.986103064243467
rolling_validation,naive_last_value,FOODS_1_005_WI_3,24,267.0,184.0,115.0,821.0,-83.0,43.07116104868914,-31.086142322097377,4.791666666666667,5.848789048455529
rolling_validation,naive_last_value,FOODS_1_006_CA_1,24,254.0,240.0,82.0,500.0,-14.0,32.28346456692913,-5.511811023622047,3.4166666666666665,4.564354645876384
rolling_validation,naive_last_value,FOODS_1_006_CA_2,24,138.0,248.0,136.0,1150.0,110.0,98.55072463768117,79.71014492753623,5.666666666666667,6.922186552431729
rolling_validation,naive_last_value,FOODS_1_006_CA_3,24,279.0,208.0,161.0,1447.0,-71.0,57.70609318996416,-25.448028673835125,6.708333333333333,7.764770870197437
rolling_validation,naive_last_value,FOODS_1_006_CA_4,24,187.0,144.0,121.0,1069.0,-43.0,64.70588235294117,-22.994652406417114,5.041666666666667,6.673954350058642
rolling_validation,naive_last_value,FOODS_1_006_TX_1,24,71.0,64.0,53.0,289.0,-7.0,74.64788732394366,-9.859154929577464,2.2083333333333335,3.4701104689428357
rolling_validation,naive_last_value,FOODS_1_006_TX_2,24,95.0,32.0,77.0,401.0,-63.0,81.05263157894737,-66.3157894736842,3.2083333333333335,4.087582822810241
rolling_validation,naive_last_value,FOODS_1_006_TX_3,24,121.0,112.0,61.0,501.0,-9.0,50.413223140495866,-7.43801652892562,2.5416666666666665,4.568916720624267
rolling_validation,naive_last_value,FOODS_1_006_WI_1,24,266.0,200.0,106.0,788.0,-66.0,39.849624060150376,-24.81203007518797,4.416666666666667,5.730037812557028
rolling_validation,naive_last_value,FOODS_1_006_WI_2,24,173.0,144.0,137.0,1723.0,-29.0,79.1907514450867,-16.76300578034682,5.708333333333333,8.472996321648361
rolling_validation,naive_last_value,FOODS_1_006_WI_3,24,143.0,144.0,63.0,373.0,1.0,44.05594405594406,0.6993006993006993,2.625,3.942292057504957
rolling_validation,naive_last_value,FOODS_1_008_CA_1,24,56.0,64.0,40.0,104.0,8.0,71.42857142857143,14.285714285714285,1.6666666666666667,2.0816659994661326
rolling_validation,naive_last_value,FOODS_1_008_CA_2,24,56.0,56.0,50.0,154.0,0.0,89.28571428571429,0.0,2.0833333333333335,2.533114025595111
rolling_validation,naive_last_value,FOODS_1_008_CA_3,24,55.0,64.0,41.0,123.0,9.0,74.54545454545455,16.363636363636363,1.7083333333333333,2.2638462845343543
rolling_validation,naive_last_value,FOODS_1_008_CA_4,24,64.0,96.0,56.0,240.0,32.0,87.5,50.0,2.3333333333333335,3.1622776601683795
rolling_validation,naive_last_value,FOODS_1_008_TX_1,24,17.0,16.0,27.0,53.0,-1.0,158.8235294117647,-5.88235294117647,1.125,1.4860462083439174
rolling_validation,naive_last_value,FOODS_1_008_TX_2,24,50.0,40.0,34.0,80.0,-10.0,68.0,-20.0,1.4166666666666667,1.8257418583505538
rolling_validation,naive_last_value,FOODS_1_008_TX_3,24,38.0,48.0,32.0,80.0,10.0,84.21052631578947,26.31578947368421,1.3333333333333333,1.8257418583505538
rolling_validation,naive_last_value,FOODS_1_008_WI_1,24,104.0,88.0,72.0,318.0,-16.0,69.23076923076923,-15.384615384615385,3.0,3.640054944640259
rolling_validation,naive_last_value,FOODS_1_008_WI_2,24,47.0,32.0,31.0,129.0,-15.0,65.95744680851064,-31.914893617021278,1.2916666666666667,2.318404623873926
rolling_validation,naive_last_value,FOODS_1_008_WI_3,24,41.0,16.0,33.0,99.0,-25.0,80.48780487804879,-60.97560975609756,1.375,2.03100960115899
rolling_validation,naive_last_value,FOODS_1_009_CA_1,24,170.0,200.0,176.0,1706.0,30.0,103.5294117647059,17.647058823529413,7.333333333333333,8.431093246627826
rolling_validation,naive_last_value,FOODS_1_009_CA_2,24,216.0,224.0,140.0,1168.0,8.0,64.81481481481481,3.7037037037037033,5.833333333333333,6.97614984548545
rolling_validation,naive_last_value,FOODS_1_009_CA_3,24,345.0,384.0,365.0,7815.0,39.0,105.79710144927536,11.304347826086957,15.208333333333334,18.04508243261859
rolling_validation,naive_last_value,FOODS_1_009_CA_4,24,83.0,64.0,51.0,199.0,-19.0,61.44578313253012,-22.89156626506024,2.125,2.8795254238618324
rolling_validation,naive_last_value,FOODS_1_009_TX_1,24,45.0,80.0,59.0,255.0,35.0,131.11111111111111,77.77777777777779,2.4583333333333335,3.2596012026013246
rolling_validation,naive_last_value,FOODS_1_009_TX_2,24,3.0,32.0,35.0,137.0,29.0,1166.6666666666665,966.6666666666666,1.4583333333333333,2.3892118644719083
rolling_validation,naive_last_value,FOODS_1_009_TX_3,24,55.0,112.0,81.0,461.0,57.0,147.27272727272725,103.63636363636364,3.375,4.382731264101569
rolling_validation,naive_last_value,FOODS_1_009_WI_1,24,110.0,144.0,62.0,228.0,34.0,56.36363636363636,30.909090909090907,2.5833333333333335,3.082207001484488
rolling_validation,naive_last_value,FOODS_1_009_WI_2,24,113.0,80.0,69.0,295.0,-33.0,61.06194690265486,-29.20353982300885,2.875,3.5059473279937716
rolling_validation,naive_last_value,FOODS_1_009_WI_3,24,62.0,72.0,64.0,262.0,10.0,103.2258064516129,16.129032258064516,2.6666666666666665,3.304037933599835
rolling_validation,naive_last_value,FOODS_1_010_CA_1,24,40.0,56.0,64.0,240.0,16.0,160.0,40.0,2.6666666666666665,3.1622776601683795
rolling_validation,naive_last_value,FOODS_1_010_CA_2,24,83.0,80.0,63.0,287.0,-3.0,75.90361445783132,-3.614457831325301,2.625,3.458082320207738
rolling_validation,naive_last_value,FOODS_1_010_CA_3,24,119.0,160.0,127.0,841.0,41.0,106.72268907563026,34.45378151260504,5.291666666666667,5.919600211726014
rolling_validation,naive_last_value,FOODS_1_010_CA_4,24,0.0,0.0,0.0,0.0,0.0,,,0.0,0.0
rolling_validation,naive_last_value,FOODS_1_010_TX_1,24,68.0,88.0,48.0,144.0,20.0,70.58823529411765,29.411764705882355,2.0,2.449489742783178
rolling_validation,naive_last_value,FOODS_1_010_TX_2,24,143.0,120.0,115.0,853.0,-23.0,80.41958041958041,-16.083916083916083,4.791666666666667,5.96168320750664
rolling_validation,naive_last_value,FOODS_1_010_TX_3,24,143.0,216.0,165.0,1721.0,73.0,115.38461538461537,51.048951048951054,6.875,8.468077310306828
rolling_validation,naive_last_value,FOODS_1_010_WI_1,24,216.0,200.0,76.0,342.0,-16.0,35.18518518518518,-7.4074074074074066,3.1666666666666665,3.774917217635375
rolling_validation,naive_last_value,FOODS_1_010_WI_2,24,45.0,88.0,73.0,335.0,43.0,162.22222222222223,95.55555555555556,3.0416666666666665,3.7360852952433157
rolling_validation,naive_last_value,FOODS_1_010_WI_3,24,88.0,80.0,70.0,332.0,-8.0,79.54545454545455,-9.090909090909092,2.9166666666666665,3.719318934070233
rolling_validation,naive_last_value,FOODS_1_011_CA_1,24,115.0,56.0,119.0,1045.0,-59.0,103.47826086956522,-51.30434782608696,4.958333333333333,6.5986109649430515
rolling_validation,naive_last_value,FOODS_1_011_CA_2,24,164.0,120.0,204.0,3068.0,-44.0,124.39024390243902,-26.82926829268293,8.5,11.306340404097753
rolling_validation,naive_last_value,FOODS_1_011_CA_3,24,127.0,168.0,139.0,1211.0,41.0,109.4488188976378,32.28346456692913,5.791666666666667,7.103402940375362
rolling_validation,naive_last_value,FOODS_1_011_CA_4,24,80.0,48.0,90.0,666.0,-32.0,112.5,-40.0,3.75,5.267826876426369
rolling_validation,naive_last_value,FOODS_1_011_TX_1,24,73.0,48.0,95.0,791.0,-25.0,130.13698630136986,-34.24657534246575,3.9583333333333335,5.740934883216612
rolling_validation,naive_last_value,FOODS_1_011_TX_2,24,25.0,80.0,103.0,907.0,55.0,412.0,220.00000000000003,4.291666666666667,6.147492713835996
rolling_validation,naive_last_value,FOODS_1_011_TX_3,24,30.0,0.0,30.0,110.0,-30.0,100.0,-100.0,1.25,2.140872096444188
rolling_validation,naive_last_value,FOODS_1_011_WI_1,24,60.0,16.0,60.0,396.0,-44.0,100.0,-73.33333333333333,2.5,4.06201920231798
rolling_validation,naive_last_value,FOODS_1_011_WI_2,24,57.0,24.0,57.0,355.0,-33.0,100.0,-57.89473684210527,2.375,3.8459935864047754
rolling_validation,naive_last_value,FOODS_1_011_WI_3,24,22.0,8.0,20.0,60.0,-14.0,90.9090909090909,-63.63636363636363,0.8333333333333334,1.5811388300841898
rolling_validation,naive_last_value,HOBBIES_1_001_CA_1,24,115.0,104.0,47.0,139.0,-11.0,40.869565217391305,-9.565217391304348,1.9583333333333333,2.406588179698942
rolling_validation,naive_last_value,HOBBIES_1_001_CA_2,24,105.0,112.0,67.0,277.0,7.0,63.8095238095238,6.666666666666667,2.7916666666666665,3.3973028517732513
rolling_validation,naive_last_value,HOBBIES_1_001_CA_3,24,132.0,96.0,58.0,190.0,-36.0,43.93939393939394,-27.27272727272727,2.4166666666666665,2.8136571693556887
rolling_validation,naive_last_value,HOBBIES_1_001_CA_4,24,131.0,176.0,67.0,261.0,45.0,51.14503816793893,34.35114503816794,2.7916666666666665,3.29772648956823
rolling_validation,naive_last_value,HOBBIES_1_001_TX_1,24,39.0,32.0,25.0,39.0,-7.0,64.1025641025641,-17.94871794871795,1.0416666666666667,1.2747548783981961
rolling_validation,naive_last_value,HOBBIES_1_001_TX_2,24,106.0,80.0,48.0,180.0,-26.0,45.28301886792453,-24.528301886792452,2.0,2.7386127875258306
rolling_validation,naive_last_value,HOBBIES_1_001_TX_3,24,104.0,152.0,76.0,312.0,48.0,73.07692307692307,46.15384615384615,3.1666666666666665,3.605551275463989
rolling_validation,naive_last_value,HOBBIES_1_001_WI_1,24,76.0,64.0,36.0,108.0,-12.0,47.368421052631575,-15.789473684210526,1.5,2.1213203435596424
rolling_validation,naive_last_value,HOBBIES_1_001_WI_2,24,4.0,0.0,4.0,10.0,-4.0,100.0,-100.0,0.16666666666666666,0.6454972243679028
rolling_validation,naive_last_value,HOBBIES_1_001_WI_3,24,44.0,40.0,36.0,84.0,-4.0,81.81818181818183,-9.090909090909092,1.5,1.8708286933869707
rolling_validation,naive_last_value,HOBBIES_1_002_CA_1,24,65.0,32.0,41.0,219.0,-33.0,63.07692307692307,-50.76923076923077,1.7083333333333333,3.020761493398643
rolling_validation,naive_last_value,HOBBIES_1_002_CA_2,24,18.0,32.0,28.0,56.0,14.0,155.55555555555557,77.77777777777779,1.1666666666666667,1.5275252316519468
rolling_validation,naive_last_value,HOBBIES_1_002_CA_3,24,29.0,0.0,29.0,65.0,-29.0,100.0,-100.0,1.2083333333333333,1.6457014715109584
rolling_validation,naive_last_value,HOBBIES_1_002_CA_4,24,32.0,32.0,34.0,76.0,0.0,106.25,0.0,1.4166666666666667,1.7795130420052185
rolling_validation,naive_last_value,HOBBIES_1_002_TX_1,24,8.0,8.0,10.0,10.0,0.0,125.0,0.0,0.4166666666666667,0.6454972243679028
rolling_validation,naive_last_value,HOBBIES_1_002_TX_2,24,31.0,16.0,25.0,53.0,-15.0,80.64516129032258,-48.38709677419355,1.0416666666666667,1.4860462083439174
rolling_validation,naive_last_value,HOBBIES_1_002_TX_3,24,11.0,8.0,11.0,13.0,-3.0,100.0,-27.27272727272727,0.4583333333333333,0.7359800721939872
rolling_validation,naive_last_value,HOBBIES_1_002_WI_1,24,151.0,96.0,103.0,1063.0,-55.0,68.21192052980133,-36.423841059602644,4.291666666666667,6.655198469367136
rolling_validation,naive_last_value,HOBBIES_1_002_WI_2,24,104.0,48.0,78.0,368.0,-56.0,75.0,-53.84615384615385,3.25,3.9157800414902435
rolling_validation,naive_last_value,HOBBIES_1_002_WI_3,24,70.0,48.0,40.0,128.0,-22.0,57.14285714285714,-31.428571428571427,1.6666666666666667,2.309401076758503
rolling_validation,naive_last_value,HOBBIES_1_003_CA_1,24,110.0,168.0,148.0,1048.0,58.0,134.54545454545453,52.72727272727272,6.166666666666667,6.60807586719967
rolling_validation,naive_last_value,HOBBIES_1_003_CA_2,24,61.0,40.0,35.0,89.0,-21.0,57.377049180327866,-34.42622950819672,1.4583333333333333,1.925703334715224
rolling_validation,naive_last_value,HOBBIES_1_003_CA_3,24,64.0,96.0,66.0,312.0,32.0,103.125,50.0,2.75,3.605551275463989
rolling_validation,naive_last_value,HOBBIES_1_003_CA_4,24,39.0,48.0,39.0,101.0,9.0,100.0,23.076923076923077,1.625,2.0514222708485286
rolling_validation,naive_last_value,HOBBIES_1_003_TX_1,24,36.0,24.0,30.0,56.0,-12.0,83.33333333333334,-33.33333333333333,1.25,1.5275252316519468
rolling_validation,naive_last_value,HOBBIES_1_003_TX_2,24,23.0,16.0,19.0,25.0,-7.0,82.6086956521739,-30.434782608695656,0.7916666666666666,1.0206207261596576
rolling_validation,naive_last_value,HOBBIES_1_003_TX_3,24,34.0,32.0,40.0,102.0,-2.0,117.64705882352942,-5.88235294117647,1.6666666666666667,2.0615528128088303
rolling_validation,naive_last_value,HOBBIES_1_003_WI_1,24,24.0,24.0,22.0,44.0,0.0,91.66666666666666,0.0,0.9166666666666666,1.35400640077266
rolling_validation,naive_last_value,HOBBIES_1_003_WI_2,24,17.0,0.0,17.0,33.0,-17.0,100.0,-100.0,0.7083333333333334,1.1726039399558574
rolling_validation,naive_last_value,HOBBIES_1_003_WI_3,24,17.0,0.0,17.0,43.0,-17.0,100.0,-100.0,0.7083333333333334,1.3385315336840842
rolling_validation,naive_last_value,HOBBIES_1_004_CA_1,24,308.0,368.0,166.0,1556.0,60.0,53.896103896103895,19.480519480519483,6.916666666666667,8.051914886120775
rolling_validation,naive_last_value,HOBBIES_1_004_CA_2,24,537.0,560.0,143.0,1175.0,23.0,26.629422718808193,4.283054003724395,5.958333333333333,6.997023176561111
rolling_validation,naive_last_value,HOBBIES_1_004_CA_3,24,1036.0,1080.0,140.0,1334.0,44.0,13.513513513513514,4.247104247104247,5.833333333333333,7.455423082115014
rolling_validation,naive_last_value,HOBBIES_1_004_CA_4,24,84.0,80.0,44.0,128.0,-4.0,52.38095238095239,-4.761904761904762,1.8333333333333333,2.309401076758503
rolling_validation,naive_last_value,HOBBIES_1_004_TX_1,24,125.0,152.0,91.0,463.0,27.0,72.8,21.6,3.7916666666666665,4.392227984368146
rolling_validation,naive_last_value,HOBBIES_1_004_TX_2,24,49.0,0.0,49.0,415.0,-49.0,100.0,-100.0,2.0416666666666665,4.15832498329155
rolling_validation,naive_last_value,HOBBIES_1_004_TX_3,24,208.0,176.0,126.0,868.0,-32.0,60.57692307692307,-15.384615384615385,5.25,6.013872850889571
rolling_validation,naive_last_value,HOBBIES_1_004_WI_1,24,56.0,56.0,42.0,96.0,0.0,75.0,0.0,1.75,2.0
rolling_validation,naive_last_value,HOBBIES_1_004_WI_2,24,62.0,32.0,42.0,136.0,-30.0,67.74193548387096,-48.38709677419355,1.75,2.3804761428476167
rolling_validation,naive_last_value,HOBBIES_1_004_WI_3,24,360.0,336.0,72.0,290.0,-24.0,20.0,-6.666666666666667,3.0,3.476108935769035
rolling_validation,naive_last_value,HOBBIES_1_005_CA_1,24,201.0,200.0,91.0,611.0,-1.0,45.27363184079602,-0.4975124378109453,3.7916666666666665,5.045625167740201
rolling_validation,naive_last_value,HOBBIES_1_005_CA_2,24,265.0,248.0,87.0,483.0,-17.0,32.83018867924528,-6.415094339622642,3.625,4.4860896112315904
rolling_validation,naive_last_value,HOBBIES_1_005_CA_3,24,303.0,328.0,75.0,309.0,25.0,24.752475247524753,8.25082508250825,3.125,3.588175023601831
rolling_validation,naive_last_value,HOBBIES_1_005_CA_4,24,319.0,352.0,77.0,431.0,33.0,24.137931034482758,10.344827586206897,3.2083333333333335,4.237727378363706
rolling_validation,naive_last_value,HOBBIES_1_005_TX_1,24,99.0,80.0,53.0,179.0,-19.0,53.535353535353536,-19.19191919191919,2.2083333333333335,2.7309949346956564
rolling_validation,naive_last_value,HOBBIES_1_005_TX_2,24,133.0,144.0,75.0,363.0,11.0,56.390977443609025,8.270676691729323,3.125,3.8890872965260113
rolling_validation,naive_last_value,HOBBIES_1_005_TX_3,24,113.0,160.0,69.0,271.0,47.0,61.06194690265486,41.5929203539823,2.875,3.360307525609325
rolling_validation,naive_last_value,HOBBIES_1_005_WI_1,24,146.0,104.0,88.0,546.0,-42.0,60.273972602739725,-28.767123287671232,3.6666666666666665,4.769696007084728
rolling_validation,naive_last_value,HOBBIES_1_005_WI_2,24,99.0,64.0,81.0,389.0,-35.0,81.81818181818183,-35.35353535353536,3.375,4.0259574430603875
rolling_validation,naive_last_value,HOBBIES_1_005_WI_3,24,102.0,56.0,62.0,236.0,-46.0,60.78431372549019,-45.09803921568628,2.5833333333333335,3.13581462037113
rolling_validation,naive_last_value,HOBBIES_1_006_CA_1,24,87.0,0.0,87.0,699.0,-87.0,100.0,-100.0,3.625,5.3967582862307255
rolling_validation,naive_last_value,HOBBIES_1_006_CA_2,24,113.0,120.0,79.0,347.0,7.0,69.91150442477876,6.1946902654867255,3.2916666666666665,3.8024115155166114
rolling_validation,naive_last_value,HOBBIES_1_006_CA_3,24,179.0,224.0,99.0,521.0,45.0,55.3072625698324,25.139664804469277,4.125,4.659220249498121
rolling_validation,naive_last_value,HOBBIES_1_006_CA_4,24,0.0,0.0,0.0,0.0,0.0,,,0.0,0.0
rolling_validation,naive_last_value,HOBBIES_1_006_TX_1,24,71.0,56.0,45.0,131.0,-15.0,63.38028169014085,-21.12676056338028,1.875,2.336307628146031
rolling_validation,naive_last_value,HOBBIES_1_006_TX_2,24,34.0,32.0,24.0,90.0,-2.0,70.58823529411765,-5.88235294117647,1.0,1.9364916731037085
rolling_validation,naive_last_value,HOBBIES_1_006_TX_3,24,41.0,24.0,33.0,91.0,-17.0,80.48780487804879,-41.46341463414634,1.375,1.9472202409246537
rolling_validation,naive_last_value,HOBBIES_1_006_WI_1,24,396.0,432.0,124.0,1028.0,36.0,31.313131313131315,9.090909090909092,5.166666666666667,6.544717972023954
rolling_validation,naive_last_value,HOBBIES_1_006_WI_2,24,120.0,64.0,66.0,286.0,-56.0,55.00000000000001,-46.666666666666664,2.75,3.452052529534663
rolling_validation,naive_last_value,HOBBIES_1_006_WI_3,24,40.0,0.0,40.0,274.0,-40.0,100.0,-100.0,1.6666666666666667,3.378855822118882
rolling_validation,naive_last_value,HOBBIES_1_007_CA_1,24,50.0,24.0,40.0,118.0,-26.0,80.0,-52.0,1.6666666666666667,2.217355782608345
rolling_validation,naive_last_value,HOBBIES_1_007_CA_2,24,33.0,24.0,41.0,93.0,-9.0,124.24242424242425,-27.27272727272727,1.7083333333333333,1.9685019685029528
rolling_validation,naive_last_value,HOBBIES_1_007_CA_3,24,39.0,48.0,27.0,41.0,9.0,69.23076923076923,23.076923076923077,1.125,1.3070322617798436
rolling_validation,naive_last_value,HOBBIES_1_007_CA_4,24,63.0,24.0,45.0,113.0,-39.0,71.42857142857143,-61.904761904761905,1.875,2.169869427715256
rolling_validation,naive_last_value,HOBBIES_1_007_TX_1,24,37.0,24.0,25.0,49.0,-13.0,67.56756756756756,-35.13513513513514,1.0416666666666667,1.4288690166235205
rolling_validation,naive_last_value,HOBBIES_1_007_TX_2,24,23.0,32.0,21.0,33.0,9.0,91.30434782608695,39.130434782608695,0.875,1.1726039399558574
rolling_validation,naive_last_value,HOBBIES_1_007_TX_3,24,30.0,16.0,34.0,64.0,-14.0,113.33333333333333,-46.666666666666664,1.4166666666666667,1.632993161855452
rolling_validation,naive_last_value,HOBBIES_1_007_WI_1,24,108.0,96.0,52.0,180.0,-12.0,48.148148148148145,-11.11111111111111,2.1666666666666665,2.7386127875258306
rolling_validation,naive_last_value,HOBBIES_1_007_WI_2,24,41.0,32.0,29.0,55.0,-9.0,70.73170731707317,-21.951219512195124,1.2083333333333333,1.5138251770487459
rolling_validation,naive_last_value,HOBBIES_1_007_WI_3,24,29.0,64.0,37.0,79.0,35.0,127.58620689655173,120.6896551724138,1.5416666666666667,1.8142950880897701
rolling_validation,naive_last_value,HOBBIES_1_008_CA_1,24,1999.0,1704.0,1013.0,60007.0,-295.0,50.675337668834416,-14.757378689344671,42.208333333333336,50.002916581602186
rolling_validation,naive_last_value,HOBBIES_1_008_CA_2,24,685.0,624.0,301.0,5675.0,-61.0,43.941605839416056,-8.905109489051096,12.541666666666666,15.377201739371612
rolling_validation,naive_last_value,HOBBIES_1_008_CA_3,24,1420.0,1440.0,410.0,11614.0,20.0,28.87323943661972,1.4084507042253522,17.083333333333332,21.99810597907617
rolling_validation,naive_last_value,HOBBIES_1_008_CA_4,24,942.0,1024.0,286.0,5876.0,82.0,30.36093418259023,8.70488322717622,11.916666666666666,15.647150965378117
rolling_validation,naive_last_value,HOBBIES_1_008_TX_1,24,149.0,232.0,323.0,7557.0,83.0,216.77852348993287,55.70469798657718,13.458333333333334,17.74471752381536
rolling_validation,naive_last_value,HOBBIES_1_008_TX_2,24,1072.0,2032.0,960.0,42702.0,960.0,89.55223880597015,89.55223880597015,40.0,42.18115693055372
rolling_validation,naive_last_value,HOBBIES_1_008_TX_3,24,424.0,344.0,250.0,4276.0,-80.0,58.9622641509434,-18.867924528301888,10.416666666666666,13.347908700117284
rolling_validation,naive_last_value,HOBBIES_1_008_WI_1,24,422.0,272.0,264.0,4516.0,-150.0,62.55924170616114,-35.54502369668246,11.0,13.717385562368168
rolling_validation,naive_last_value,HOBBIES_1_008_WI_2,24,388.0,360.0,152.0,1674.0,-28.0,39.175257731958766,-7.216494845360824,6.333333333333333,8.351646544245034
rolling_validation,naive_last_value,HOBBIES_1_008_WI_3,24,241.0,288.0,161.0,1515.0,47.0,66.80497925311202,19.502074688796682,6.708333333333333,7.945124291035352
rolling_validation,naive_last_value,HOBBIES_1_009_CA_1,24,7.0,16.0,23.0,49.0,9.0,328.57142857142856,128.57142857142858,0.9583333333333334,1.4288690166235205
rolling_validation,naive_last_value,HOBBIES_1_009_CA_2,24,97.0,112.0,93.0,447.0,15.0,95.87628865979381,15.463917525773196,3.875,4.315669125408017
rolling_validation,naive_last_value,HOBBIES_1_009_CA_3,24,220.0,160.0,136.0,1124.0,-60.0,61.81818181818181,-27.27272727272727,5.666666666666667,6.843488389215937
rolling_validation,naive_last_value,HOBBIES_1_009_CA_4,24,430.0,448.0,158.0,1698.0,18.0,36.74418604651163,4.186046511627907,6.583333333333333,8.411301920630361
rolling_validation,naive_last_value,HOBBIES_1_009_TX_1,24,120.0,120.0,64.0,220.0,0.0,53.333333333333336,0.0,2.6666666666666665,3.0276503540974917
rolling_validation,naive_last_value,HOBBIES_1_009_TX_2,24,64.0,32.0,56.0,276.0,-32.0,87.5,-50.0,2.3333333333333335,3.391164991562634
rolling_validation,naive_last_value,HOBBIES_1_009_TX_3,24,84.0,88.0,58.0,198.0,4.0,69.04761904761905,4.761904761904762,2.4166666666666665,2.8722813232690143
rolling_validation,naive_last_value,HOBBIES_1_009_WI_1,24,121.0,200.0,129.0,1127.0,79.0,106.61157024793388,65.28925619834712,5.375,6.852615072607926
rolling_validation,naive_last_value,HOBBIES_1_009_WI_2,24,33.0,32.0,23.0,39.0,-1.0,69.6969696969697,-3.0303030303030303,0.9583333333333334,1.2747548783981961
rolling_validation,naive_last_value,HOBBIES_1_009_WI_3,24,37.0,80.0,67.0,291.0,43.0,181.08108108108107,116.21621621621621,2.7916666666666665,3.48209706929603
rolling_validation,naive_last_value,HOBBIES_1_010_CA_1,24,108.0,96.0,44.0,138.0,-12.0,40.74074074074074,-11.11111111111111,1.8333333333333333,2.3979157616563596
rolling_validation,naive_last_value,HOBBIES_1_010_CA_2,24,51.0,64.0,29.0,75.0,13.0,56.86274509803921,25.49019607843137,1.2083333333333333,1.7677669529663689
rolling_validation,naive_last_value,HOBBIES_1_010_CA_3,24,129.0,136.0,91.0,517.0,7.0,70.54263565891473,5.426356589147287,3.7916666666666665,4.641300105214773
rolling_validation,naive_last_value,HOBBIES_1_010_CA_4,24,28.0,0.0,28.0,58.0,-28.0,100.0,-100.0,1.1666666666666667,1.5545631755148024
rolling_validation,naive_last_value,HOBBIES_1_010_TX_1,24,88.0,48.0,48.0,156.0,-40.0,54.54545454545454,-45.45454545454545,2.0,2.5495097567963922
rolling_validation,naive_last_value,HOBBIES_1_010_TX_2,24,123.0,120.0,49.0,135.0,-3.0,39.83739837398374,-2.4390243902439024,2.0416666666666665,2.3717082451262845
rolling_validation,naive_last_value,HOBBIES_1_010_TX_3,24,92.0,88.0,50.0,188.0,-4.0,54.347826086956516,-4.3478260869565215,2.0833333333333335,2.798809270624444
rolling_validation,naive_last_value,HOBBIES_1_010_WI_1,24,85.0,80.0,53.0,143.0,-5.0,62.35294117647059,-5.88235294117647,2.2083333333333335,2.4409697526461347
rolling_validation,naive_last_value,HOBBIES_1_010_WI_2,24,65.0,80.0,63.0,247.0,15.0,96.92307692307692,23.076923076923077,2.625,3.2080627591533597
rolling_validation,naive_last_value,HOBBIES_1_010_WI_3,24,58.0,40.0,52.0,178.0,-18.0,89.65517241379311,-31.03448275862069,2.1666666666666665,2.7233557730613653
rolling_validation,naive_last_value,HOUSEHOLD_1_001_CA_1,24,167.0,112.0,109.0,697.0,-55.0,65.26946107784431,-32.93413173652694,4.541666666666667,5.389032071408248
rolling_validation,naive_last_value,HOUSEHOLD_1_001_CA_2,24,13.0,0.0,13.0,61.0,-13.0,100.0,-100.0,0.5416666666666666,1.5942605391424158
rolling_validation,naive_last_value,HOUSEHOLD_1_001_CA_3,24,8.0,8.0,14.0,22.0,0.0,175.0,0.0,0.5833333333333334,0.9574271077563381
rolling_validation,naive_last_value,HOUSEHOLD_1_001_CA_4,24,97.0,128.0,47.0,137.0,31.0,48.45360824742268,31.958762886597935,1.9583333333333333,2.3892118644719083
rolling_validation,naive_last_value,HOUSEHOLD_1_001_TX_1,24,65.0,72.0,47.0,133.0,7.0,72.3076923076923,10.76923076923077,1.9583333333333333,2.3540744819709225
rolling_validation,naive_last_value,HOUSEHOLD_1_001_TX_2,24,47.0,72.0,45.0,189.0,25.0,95.74468085106383,53.191489361702125,1.875,2.806243040080456
rolling_validation,naive_last_value,HOUSEHOLD_1_001_TX_3,24,5.0,0.0,5.0,13.0,-5.0,100.0,-100.0,0.20833333333333334,0.7359800721939872
rolling_validation,naive_last_value,HOUSEHOLD_1_001_WI_1,24,226.0,272.0,58.0,310.0,46.0,25.663716814159294,20.353982300884958,2.4166666666666665,3.593976442141304
rolling_validation,naive_last_value,HOUSEHOLD_1_001_WI_2,24,29.0,40.0,37.0,101.0,11.0,127.58620689655173,37.93103448275862,1.5416666666666667,2.0514222708485286
rolling_validation,naive_last_value,HOUSEHOLD_1_001_WI_3,24,61.0,40.0,51.0,159.0,-21.0,83.60655737704919,-34.42622950819672,2.125,2.57390753524675
rolling_validation,naive_last_value,HOUSEHOLD_1_002_CA_1,24,27.0,88.0,87.0,537.0,61.0,322.22222222222223,225.9259259259259,3.625,4.7302219821061255
rolling_validation,naive_last_value,HOUSEHOLD_1_002_CA_2,24,139.0,136.0,121.0,829.0,-3.0,87.05035971223022,-2.158273381294964,5.041666666666667,5.877215894168485
rolling_validation,naive_last_value,HOUSEHOLD_1_002_CA_3,24,175.0,192.0,67.0,251.0,17.0,38.285714285714285,9.714285714285714,2.7916666666666665,3.2339346519887093
rolling_validation,naive_last_value,HOUSEHOLD_1_002_CA_4,24,151.0,144.0,47.0,141.0,-7.0,31.125827814569533,-4.635761589403973,1.9583333333333333,2.4238399287081647
rolling_validation,naive_last_value,HOUSEHOLD_1_002_TX_1,24,73.0,72.0,39.0,87.0,-1.0,53.42465753424658,-1.36986301369863,1.625,1.9039432764659772
rolling_validation,naive_last_value,HOUSEHOLD_1_002_TX_2,24,93.0,120.0,57.0,187.0,27.0,61.29032258064516,29.03225806451613,2.375,2.7913557040740375
rolling_validation,naive_last_value,HOUSEHOLD_1_002_TX_3,24,53.0,56.0,39.0,127.0,3.0,73.58490566037736,5.660377358490567,1.625,2.3003622903070435
rolling_validation,naive_last_value,HOUSEHOLD_1_002_WI_1,24,306.0,264.0,132.0,950.0,-42.0,43.13725490196079,-13.725490196078432,5.5,6.2915286960589585
rolling_validation,naive_last_value,HOUSEHOLD_1_002_WI_2,24,77.0,112.0,59.0,237.0,35.0,76.62337662337663,45.45454545454545,2.4583333333333335,3.142451272494134
rolling_validation,naive_last_value,HOUSEHOLD_1_002_WI_3,24,38.0,72.0,38.0,80.0,34.0,100.0,89.47368421052632,1.5833333333333333,1.8257418583505538
rolling_validation,naive_last_value,HOUSEHOLD_1_003_CA_1,24,144.0,224.0,110.0,850.0,80.0,76.38888888888889,55.55555555555556,4.583333333333333,5.951190357119041
rolling_validation,naive_last_value,HOUSEHOLD_1_003_CA_2,24,238.0,240.0,44.0,146.0,2.0,18.487394957983195,0.8403361344537815,1.8333333333333333,2.4664414311581235
rolling_validation,naive_last_value,HOUSEHOLD_1_003_CA_3,24,424.0,504.0,150.0,1402.0,80.0,35.37735849056604,18.867924528301888,6.25,7.643079658532067
rolling_validation,naive_last_value,HOUSEHOLD_1_003_CA_4,24,155.0,160.0,89.0,479.0,5.0,57.41935483870968,3.225806451612903,3.7083333333333335,4.467475051226737
rolling_validation,naive_last_value,HOUSEHOLD_1_003_TX_1,24,51.0,56.0,23.0,39.0,5.0,45.09803921568628,9.803921568627452,0.9583333333333334,1.2747548783981961
rolling_validation,naive_last_value,HOUSEHOLD_1_003_TX_2,24,78.0,88.0,36.0,96.0,10.0,46.15384615384615,12.82051282051282,1.5,2.0
rolling_validation,naive_last_value,HOUSEHOLD_1_003_TX_3,24,55.0,56.0,21.0,45.0,1.0,38.18181818181819,1.8181818181818181,0.875,1.3693063937629153
rolling_validation,naive_last_value,HOUSEHOLD_1_003_WI_1,24,234.0,104.0,162.0,1662.0,-130.0,69.23076923076923,-55.55555555555556,6.75,8.32165848854662
rolling_validation,naive_last_value,HOUSEHOLD_1_003_WI_2,24,217.0,256.0,145.0,1357.0,39.0,66.82027649769586,17.972350230414747,6.041666666666667,7.519419303820387
rolling_validation,naive_last_value,HOUSEHOLD_1_003_WI_3,24,71.0,40.0,51.0,167.0,-31.0,71.83098591549296,-43.66197183098591,2.125,2.6378652985574025
rolling_validation,naive_last_value,HOUSEHOLD_1_004_CA_1,24,422.0,384.0,106.0,854.0,-38.0,25.118483412322274,-9.004739336492891,4.416666666666667,5.9651767227244274
rolling_validation,naive_last_value,HOUSEHOLD_1_004_CA_2,24,513.0,456.0,333.0,5847.0,-57.0,64.91228070175438,-11.11111111111111,13.875,15.608491278787966
rolling_validation,naive_last_value,HOUSEHOLD_1_004_CA_3,24,1823.0,1336.0,665.0,26421.0,-487.0,36.47833241908941,-26.714207350521118,27.708333333333332,33.179436402687735
rolling_validation,naive_last_value,HOUSEHOLD_1_004_CA_4,24,169.0,152.0,81.0,513.0,-17.0,47.928994082840234,-10.059171597633137,3.375,4.623310502226732
rolling_validation,naive_last_value,HOUSEHOLD_1_004_TX_1,24,162.0,104.0,116.0,912.0,-58.0,71.60493827160494,-35.80246913580247,4.833333333333333,6.164414002968976
rolling_validation,naive_last_value,HOUSEHOLD_1_004_TX_2,24,295.0,304.0,121.0,919.0,9.0,41.01694915254237,3.050847457627119,5.041666666666667,6.188026071912324
rolling_validation,naive_last_value,HOUSEHOLD_1_004_TX_3,24,400.0,312.0,172.0,1712.0,-88.0,43.0,-22.0,7.166666666666667,8.445906306213285
rolling_validation,naive_last_value,HOUSEHOLD_1_004_WI_1,24,259.0,176.0,149.0,1303.0,-83.0,57.52895752895753,-32.04633204633205,6.208333333333333,7.3682879060651985
rolling_validation,naive_last_value,HOUSEHOLD_1_004_WI_2,24,875.0,704.0,323.0,6239.0,-171.0,36.91428571428572,-19.54285714285714,13.458333333333334,16.123223416343684
rolling_validation,naive_last_value,HOUSEHOLD_1_004_WI_3,24,497.0,184.0,349.0,7953.0,-313.0,70.22132796780684,-62.97786720321932,14.541666666666666,18.20370841339753
rolling_validation,naive_last_value,HOUSEHOLD_1_005_CA_1,24,250.0,296.0,86.0,504.0,46.0,34.4,18.4,3.5833333333333335,4.58257569495584
rolling_validation,naive_last_value,HOUSEHOLD_1_005_CA_2,24,353.0,456.0,165.0,2535.0,103.0,46.742209631728045,29.178470254957507,6.875,10.277402395547233
rolling_validation,naive_last_value,HOUSEHOLD_1_005_CA_3,24,35.0,0.0,35.0,635.0,-35.0,100.0,-100.0,1.4583333333333333,5.1437664540036545
rolling_validation,naive_last_value,HOUSEHOLD_1_005_CA_4,24,115.0,112.0,51.0,139.0,-3.0,44.34782608695652,-2.608695652173913,2.125,2.406588179698942
rolling_validation,naive_last_value,HOUSEHOLD_1_005_TX_1,24,143.0,160.0,73.0,315.0,17.0,51.048951048951054,11.888111888111888,3.0416666666666665,3.6228441865473595
rolling_validation,naive_last_value,HOUSEHOLD_1_005_TX_2,24,334.0,440.0,194.0,3158.0,106.0,58.08383233532935,31.736526946107784,8.083333333333334,11.470977871713176
rolling_validation,naive_last_value,HOUSEHOLD_1_005_TX_3,24,133.0,88.0,111.0,673.0,-45.0,83.45864661654136,-33.83458646616541,4.625,5.295438288439085
rolling_validation,naive_last_value,HOUSEHOLD_1_005_WI_1,24,171.0,232.0,115.0,853.0,61.0,67.2514619883041,35.67251461988304,4.791666666666667,5.96168320750664
rolling_validation,naive_last_value,HOUSEHOLD_1_005_WI_2,24,141.0,128.0,81.0,467.0,-13.0,57.446808510638306,-9.219858156028367,3.375,4.411160089288682
rolling_validation,naive_last_value,HOUSEHOLD_1_005_WI_3,24,433.0,528.0,197.0,2697.0,95.0,45.49653579676674,21.939953810623557,8.208333333333334,10.600707523557094
rolling_validation,naive_last_value,HOUSEHOLD_1_006_CA_1,24,281.0,288.0,63.0,251.0,7.0,22.419928825622776,2.491103202846975,2.625,3.2339346519887093
rolling_validation,naive_last_value,HOUSEHOLD_1_006_CA_2,24,224.0,376.0,184.0,1746.0,152.0,82.14285714285714,67.85714285714286,7.666666666666667,8.52936105461599
rolling_validation,naive_last_value,HOUSEHOLD_1_006_CA_3,24,234.0,232.0,104.0,682.0,-2.0,44.44444444444444,-0.8547008547008548,4.333333333333333,5.330728530573158
rolling_validation,naive_last_value,HOUSEHOLD_1_006_CA_4,24,109.0,152.0,77.0,355.0,43.0,70.64220183486239,39.44954128440367,3.2083333333333335,3.8459935864047754
rolling_validation,naive_last_value,HOUSEHOLD_1_006_TX_1,24,168.0,184.0,64.0,252.0,16.0,38.095238095238095,9.523809523809524,2.6666666666666665,3.24037034920393
rolling_validation,naive_last_value,HOUSEHOLD_1_006_TX_2,24,190.0,152.0,66.0,288.0,-38.0,34.73684210526316,-20.0,2.75,3.4641016151377544
rolling_validation,naive_last_value,HOUSEHOLD_1_006_TX_3,24,182.0,232.0,82.0,448.0,50.0,45.05494505494506,27.472527472527474,3.4166666666666665,4.320493798938574
rolling_validation,naive_last_value,HOUSEHOLD_1_006_WI_1,24,89.0,72.0,39.0,111.0,-17.0,43.82022471910113,-19.101123595505616,1.625,2.1505813167606567
rolling_validation,naive_last_value,HOUSEHOLD_1_006_WI_2,24,81.0,64.0,61.0,215.0,-17.0,75.30864197530865,-20.98765432098765,2.5416666666666665,2.993047499344662
rolling_validation,naive_last_value,HOUSEHOLD_1_006_WI_3,24,107.0,136.0,53.0,161.0,29.0,49.532710280373834,27.102803738317753,2.2083333333333335,2.5900450446533423
rolling_validation,naive_last_value,HOUSEHOLD_1_007_CA_1,24,365.0,272.0,135.0,957.0,-93.0,36.986301369863014,-25.47945205479452,5.625,6.314665470157545
rolling_validation,naive_last_value,HOUSEHOLD_1_007_CA_2,24,268.0,232.0,128.0,954.0,-36.0,47.76119402985074,-13.432835820895523,5.333333333333333,6.304760106459246
rolling_validation,naive_last_value,HOUSEHOLD_1_007_CA_3,24,286.0,208.0,132.0,952.0,-78.0,46.15384615384615,-27.27272727272727,5.5,6.298147875897061
rolling_validation,naive_last_value,HOUSEHOLD_1_007_CA_4,24,171.0,128.0,91.0,619.0,-43.0,53.216374269005854,-25.146198830409354,3.7916666666666665,5.078549661730864
rolling_validation,naive_last_value,HOUSEHOLD_1_007_TX_1,24,258.0,256.0,64.0,272.0,-2.0,24.8062015503876,-0.7751937984496124,2.6666666666666665,3.366501646120693
rolling_validation,naive_last_value,HOUSEHOLD_1_007_TX_2,24,231.0,264.0,111.0,699.0,33.0,48.05194805194805,14.285714285714285,4.625,5.3967582862307255
rolling_validation,naive_last_value,HOUSEHOLD_1_007_TX_3,24,121.0,96.0,85.0,483.0,-25.0,70.24793388429752,-20.66115702479339,3.5416666666666665,4.4860896112315904
rolling_validation,naive_last_value,HOUSEHOLD_1_007_WI_1,24,281.0,368.0,105.0,635.0,87.0,37.36654804270463,30.96085409252669,4.375,5.1437664540036545
rolling_validation,naive_last_value,HOUSEHOLD_1_007_WI_2,24,347.0,360.0,113.0,823.0,13.0,32.564841498559076,3.7463976945244957,4.708333333333333,5.855908696920288
rolling_validation,naive_last_value,HOUSEHOLD_1_007_WI_3,24,196.0,216.0,84.0,504.0,20.0,42.857142857142854,10.204081632653061,3.5,4.58257569495584
rolling_validation,naive_last_value,HOUSEHOLD_1_008_CA_1,24,71.0,72.0,45.0,135.0,1.0,63.38028169014085,1.4084507042253522,1.875,2.3717082451262845
rolling_validation,naive_last_value,HOUSEHOLD_1_008_CA_2,24,59.0,72.0,37.0,91.0,13.0,62.71186440677966,22.033898305084744,1.5416666666666667,1.9472202409246537
rolling_validation,naive_last_value,HOUSEHOLD_1_008_CA_3,24,94.0,144.0,100.0,556.0,50.0,106.38297872340425,53.191489361702125,4.166666666666667,4.813176359397884
rolling_validation,naive_last_value,HOUSEHOLD_1_008_CA_4,24,45.0,40.0,31.0,61.0,-5.0,68.88888888888889,-11.11111111111111,1.2916666666666667,1.5942605391424158
rolling_validation,naive_last_value,HOUSEHOLD_1_008_TX_1,24,33.0,32.0,29.0,63.0,-1.0,87.87878787878788,-3.0303030303030303,1.2083333333333333,1.620185174601965
rolling_validation,naive_last_value,HOUSEHOLD_1_008_TX_2,24,81.0,88.0,55.0,171.0,7.0,67.90123456790124,8.641975308641975,2.2916666666666665,2.669269563007828
rolling_validation,naive_last_value,HOUSEHOLD_1_008_TX_3,24,57.0,32.0,45.0,137.0,-25.0,78.94736842105263,-43.859649122807014,1.875,2.3892118644719083
rolling_validation,naive_last_value,HOUSEHOLD_1_008_WI_1,24,39.0,32.0,25.0,47.0,-7.0,64.1025641025641,-17.94871794871795,1.0416666666666667,1.399404635312222
rolling_validation,naive_last_value,HOUSEHOLD_1_008_WI_2,24,75.0,64.0,37.0,83.0,-11.0,49.333333333333336,-14.666666666666666,1.5416666666666667,1.8596594670351165
rolling_validation,naive_last_value,HOUSEHOLD_1_008_WI_3,24,36.0,32.0,28.0,50.0,-4.0,77.77777777777779,-11.11111111111111,1.1666666666666667,1.4433756729740645
rolling_validation,naive_last_value,HOUSEHOLD_1_009_CA_1,24,92.0,40.0,58.0,202.0,-52.0,63.04347826086957,-56.52173913043478,2.4166666666666665,2.9011491975882016
rolling_validation,naive_last_value,HOUSEHOLD_1_009_CA_2,24,108.0,88.0,46.0,160.0,-20.0,42.592592592592595,-18.51851851851852,1.9166666666666667,2.581988897471611
rolling_validation,naive_last_value,HOUSEHOLD_1_009_CA_3,24,115.0,120.0,45.0,151.0,5.0,39.130434782608695,4.3478260869565215,1.875,2.508319490548735
rolling_validation,naive_last_value,HOUSEHOLD_1_009_CA_4,24,63.0,24.0,39.0,115.0,-39.0,61.904761904761905,-61.904761904761905,1.625,2.188987589427283
rolling_validation,naive_last_value,HOUSEHOLD_1_009_TX_1,24,53.0,96.0,63.0,203.0,43.0,118.86792452830188,81.13207547169812,2.625,2.908321394435858
rolling_validation,naive_last_value,HOUSEHOLD_1_009_TX_2,24,99.0,56.0,73.0,377.0,-43.0,73.73737373737373,-43.43434343434344,3.0416666666666665,3.9633739835313717
rolling_validation,naive_last_value,HOUSEHOLD_1_009_TX_3,24,86.0,64.0,40.0,100.0,-22.0,46.51162790697674,-25.581395348837212,1.6666666666666667,2.041241452319315
rolling_validation,naive_last_value,HOUSEHOLD_1_009_WI_1,24,34.0,48.0,28.0,46.0,14.0,82.35294117647058,41.17647058823529,1.1666666666666667,1.3844373104863459
rolling_validation,naive_last_value,HOUSEHOLD_1_009_WI_2,24,49.0,56.0,47.0,139.0,7.0,95.91836734693877,14.285714285714285,1.9583333333333333,2.406588179698942
rolling_validation,naive_last_value,HOUSEHOLD_1_009_WI_3,24,59.0,72.0,41.0,109.0,13.0,69.49152542372882,22.033898305084744,1.7083333333333333,2.131118642090737
rolling_validation,naive_last_value,HOUSEHOLD_1_010_CA_1,24,174.0,152.0,88.0,570.0,-22.0,50.57471264367817,-12.643678160919542,3.6666666666666665,4.873397172404482
rolling_validation,naive_last_value,HOUSEHOLD_1_010_CA_2,24,188.0,344.0,170.0,1480.0,156.0,90.42553191489363,82.97872340425532,7.083333333333333,7.852812659593164
rolling_validation,naive_last_value,HOUSEHOLD_1_010_CA_3,24,271.0,248.0,183.0,1769.0,-23.0,67.52767527675276,-8.487084870848708,7.625,8.585355748793019
rolling_validation,naive_last_value,HOUSEHOLD_1_010_CA_4,24,70.0,96.0,70.0,300.0,26.0,100.0,37.142857142857146,2.9166666666666665,3.5355339059327378
rolling_validation,naive_last_value,HOUSEHOLD_1_010_TX_1,24,140.0,192.0,130.0,944.0,52.0,92.85714285714286,37.142857142857146,5.416666666666667,6.27162924074226
rolling_validation,naive_last_value,HOUSEHOLD_1_010_TX_2,24,255.0,248.0,203.0,2713.0,-7.0,79.6078431372549,-2.7450980392156863,8.458333333333334,10.632105467247147
rolling_validation,naive_last_value,HOUSEHOLD_1_010_TX_3,24,142.0,264.0,186.0,2086.0,122.0,130.98591549295776,85.91549295774648,7.75,9.322910847297997
rolling_validation,naive_last_value,HOUSEHOLD_1_010_WI_1,24,114.0,72.0,72.0,366.0,-42.0,63.1578947368421,-36.84210526315789,3.0,3.905124837953327
rolling_validation,naive_last_value,HOUSEHOLD_1_010_WI_2,24,138.0,112.0,84.0,736.0,-26.0,60.86956521739131,-18.84057971014493,3.5,5.5377492419453835
rolling_validation,naive_last_value,HOUSEHOLD_1_010_WI_3,24,88.0,160.0,74.0,416.0,72.0,84.0909090909091,81.81818181818183,3.0833333333333335,4.163331998932265
rolling_validation,seasonal_naive_52_week,FOODS_1_001_CA_1,24,112.0,123.0,73.0,333.0,11.0,65.17857142857143,9.821428571428571,3.0416666666666665,3.724916106437835
rolling_validation,seasonal_naive_52_week,FOODS_1_001_CA_2,24,178.0,178.0,112.0,916.0,0.0,62.92134831460674,0.0,4.666666666666667,6.177917664283546
rolling_validation,seasonal_naive_52_week,FOODS_1_001_CA_3,24,200.0,177.0,139.0,1391.0,-23.0,69.5,-11.5,5.791666666666667,7.613037063704165
rolling_validation,seasonal_naive_52_week,FOODS_1_001_CA_4,24,38.0,40.0,40.0,132.0,2.0,105.26315789473684,5.263157894736842,1.6666666666666667,2.345207879911715
rolling_validation,seasonal_naive_52_week,FOODS_1_001_TX_1,24,112.0,123.0,109.0,1363.0,11.0,97.32142857142857,9.821428571428571,4.541666666666667,7.5360245930242735
rolling_validation,seasonal_naive_52_week,FOODS_1_001_TX_2,24,92.0,78.0,56.0,272.0,-14.0,60.86956521739131,-15.217391304347828,2.3333333333333335,3.366501646120693
rolling_validation,seasonal_naive_52_week,FOODS_1_001_TX_3,24,67.0,41.0,52.0,210.0,-26.0,77.61194029850746,-38.80597014925373,2.1666666666666665,2.958039891549808
rolling_validation,seasonal_naive_52_week,FOODS_1_001_WI_1,24,65.0,94.0,65.0,269.0,29.0,100.0,44.61538461538462,2.7083333333333335,3.3478849044334447
rolling_validation,seasonal_naive_52_week,FOODS_1_001_WI_2,24,52.0,53.0,33.0,119.0,1.0,63.46153846153846,1.9230769230769231,1.375,2.226731535981231
rolling_validation,seasonal_naive_52_week,FOODS_1_001_WI_3,24,26.0,23.0,25.0,49.0,-3.0,96.15384615384616,-11.538461538461538,1.0416666666666667,1.4288690166235205
rolling_validation,seasonal_naive_52_week,FOODS_1_002_CA_1,24,65.0,82.0,49.0,157.0,17.0,75.38461538461539,26.153846153846157,2.0416666666666665,2.5576682088704676
rolling_validation,seasonal_naive_52_week,FOODS_1_002_CA_2,24,121.0,116.0,63.0,305.0,-5.0,52.066115702479344,-4.132231404958678,2.625,3.5648749393679062
rolling_validation,seasonal_naive_52_week,FOODS_1_002_CA_3,24,2.0,72.0,70.0,304.0,70.0,3500.0,3500.0,2.9166666666666665,3.559026084010437
rolling_validation,seasonal_naive_52_week,FOODS_1_002_CA_4,24,37.0,58.0,43.0,119.0,21.0,116.21621621621621,56.75675675675676,1.7916666666666667,2.226731535981231
rolling_validation,seasonal_naive_52_week,FOODS_1_002_TX_1,24,29.0,29.0,32.0,60.0,0.0,110.34482758620689,0.0,1.3333333333333333,1.5811388300841898
rolling_validation,seasonal_naive_52_week,FOODS_1_002_TX_2,24,31.0,25.0,28.0,64.0,-6.0,90.32258064516128,-19.35483870967742,1.1666666666666667,1.632993161855452
rolling_validation,seasonal_naive_52_week,FOODS_1_002_TX_3,24,31.0,50.0,45.0,115.0,19.0,145.16129032258064,61.29032258064516,1.875,2.188987589427283
rolling_validation,seasonal_naive_52_week,FOODS_1_002_WI_1,24,172.0,126.0,76.0,362.0,-46.0,44.18604651162791,-26.744186046511626,3.1666666666666665,3.8837267325770144
rolling_validation,seasonal_naive_52_week,FOODS_1_002_WI_2,24,78.0,61.0,53.0,187.0,-17.0,67.94871794871796,-21.794871794871796,2.2083333333333335,2.7913557040740375
rolling_validation,seasonal_naive_52_week,FOODS_1_002_WI_3,24,29.0,60.0,61.0,219.0,31.0,210.3448275862069,106.89655172413792,2.5416666666666665,3.020761493398643
rolling_validation,seasonal_naive_52_week,FOODS_1_003_CA_1,24,125.0,112.0,93.0,561.0,-13.0,74.4,-10.4,3.875,4.834769901453429
rolling_validation,seasonal_naive_52_week,FOODS_1_003_CA_2,24,167.0,143.0,96.0,518.0,-24.0,57.48502994011976,-14.37125748502994,4.0,4.645786621588784
rolling_validation,seasonal_naive_52_week,FOODS_1_003_CA_3,24,106.0,193.0,127.0,1055.0,87.0,119.81132075471699,82.0754716981132,5.291666666666667,6.630108093638696
rolling_validation,seasonal_naive_52_week,FOODS_1_003_CA_4,24,35.0,66.0,53.0,221.0,31.0,151.42857142857142,88.57142857142857,2.2083333333333335,3.0345235760055207
rolling_validation,seasonal_naive_52_week,FOODS_1_003_TX_1,24,32.0,67.0,57.0,229.0,35.0,178.125,109.375,2.375,3.088958832141773
rolling_validation,seasonal_naive_52_week,FOODS_1_003_TX_2,24,59.0,53.0,40.0,108.0,-6.0,67.79661016949152,-10.16949152542373,1.6666666666666667,2.1213203435596424
rolling_validation,seasonal_naive_52_week,FOODS_1_003_TX_3,24,35.0,17.0,30.0,58.0,-18.0,85.71428571428571,-51.42857142857142,1.25,1.5545631755148024
rolling_validation,seasonal_naive_52_week,FOODS_1_003_WI_1,24,190.0,181.0,95.0,631.0,-9.0,50.0,-4.736842105263158,3.9583333333333335,5.12754002097172
rolling_validation,seasonal_naive_52_week,FOODS_1_003_WI_2,24,5.0,32.0,33.0,77.0,27.0,660.0,540.0,1.375,1.7911821050170564
rolling_validation,seasonal_naive_52_week,FOODS_1_003_WI_3,24,35.0,32.0,35.0,71.0,-3.0,100.0,-8.571428571428571,1.4583333333333333,1.7199806200458578
rolling_validation,seasonal_naive_52_week,FOODS_1_004_CA_1,24,840.0,1627.0,955.0,62571.0,787.0,113.69047619047619,93.69047619047619,39.791666666666664,51.060013709359694
rolling_validation,seasonal_naive_52_week,FOODS_1_004_CA_2,24,589.0,368.0,313.0,9403.0,-221.0,53.140916808149406,-37.521222410865875,13.041666666666666,19.79372796283375
rolling_validation,seasonal_naive_52_week,FOODS_1_004_CA_3,24,587.0,1545.0,1054.0,60492.0,958.0,179.55706984667802,163.20272572402044,43.916666666666664,50.204581464244875
rolling_validation,seasonal_naive_52_week,FOODS_1_004_CA_4,24,383.0,374.0,219.0,3973.0,-9.0,57.180156657963444,-2.3498694516971277,9.125,12.866299649342334
rolling_validation,seasonal_naive_52_week,FOODS_1_004_TX_1,24,1099.0,749.0,556.0,18374.0,-350.0,50.591446769790714,-31.84713375796178,23.166666666666668,27.669176592976765
rolling_validation,seasonal_naive_52_week,FOODS_1_004_TX_2,24,313.0,571.0,422.0,13044.0,258.0,134.82428115015975,82.42811501597444,17.583333333333332,23.313086453749534
rolling_validation,seasonal_naive_52_week,FOODS_1_004_TX_3,24,906.0,1486.0,668.0,35448.0,580.0,73.73068432671081,64.01766004415012,27.833333333333332,38.43175770115127
rolling_validation,seasonal_naive_52_week,FOODS_1_004_WI_1,24,713.0,1239.0,718.0,40420.0,526.0,100.70126227208975,73.77279102384293,29.916666666666668,41.03859971620214
rolling_validation,seasonal_naive_52_week,FOODS_1_004_WI_2,24,1590.0,1155.0,823.0,41347.0,-435.0,51.76100628930818,-27.358490566037734,34.291666666666664,41.50652559136535
rolling_validation,seasonal_naive_52_week,FOODS_1_004_WI_3,24,993.0,544.0,679.0,26891.0,-449.0,68.37865055387714,-45.21651560926485,28.291666666666668,33.47324802485312
rolling_validation,seasonal_naive_52_week,FOODS_1_005_CA_1,24,263.0,158.0,197.0,2819.0,-105.0,74.90494296577947,-39.92395437262358,8.208333333333334,10.837819583907702
rolling_validation,seasonal_naive_52_week,FOODS_1_005_CA_2,24,471.0,491.0,262.0,5456.0,20.0,55.62632696390658,4.246284501061571,10.916666666666666,15.077577170531523
rolling_validation,seasonal_naive_52_week,FOODS_1_005_CA_3,24,380.0,250.0,252.0,4084.0,-130.0,66.3157894736842,-34.21052631578947,10.5,13.04479461956633
rolling_validation,seasonal_naive_52_week,FOODS_1_005_CA_4,24,103.0,109.0,84.0,416.0,6.0,81.55339805825243,5.825242718446602,3.5,4.163331998932265
rolling_validation,seasonal_naive_52_week,FOODS_1_005_TX_1,24,140.0,137.0,93.0,667.0,-3.0,66.42857142857143,-2.142857142857143,3.875,5.271780217978237
rolling_validation,seasonal_naive_52_week,FOODS_1_005_TX_2,24,149.0,269.0,166.0,2282.0,120.0,111.40939597315436,80.53691275167785,6.916666666666667,9.75106831754005
rolling_validation,seasonal_naive_52_week,FOODS_1_005_TX_3,24,181.0,175.0,120.0,876.0,-6.0,66.29834254143645,-3.314917127071823,5.0,6.041522986797286
rolling_validation,seasonal_naive_52_week,FOODS_1_005_WI_1,24,282.0,124.0,216.0,2994.0,-158.0,76.59574468085107,-56.02836879432624,9.0,11.169153951844338
rolling_validation,seasonal_naive_52_week,FOODS_1_005_WI_2,24,300.0,215.0,231.0,3773.0,-85.0,77.0,-28.333333333333332,9.625,12.538274735119396
rolling_validation,seasonal_naive_52_week,FOODS_1_005_WI_3,24,267.0,137.0,272.0,4250.0,-130.0,101.87265917602997,-48.68913857677903,11.333333333333334,13.307266185559428
rolling_validation,seasonal_naive_52_week,FOODS_1_006_CA_1,24,254.0,208.0,100.0,770.0,-46.0,39.37007874015748,-18.11023622047244,4.166666666666667,5.66421515598881
rolling_validation,seasonal_naive_52_week,FOODS_1_006_CA_2,24,138.0,151.0,89.0,511.0,13.0,64.4927536231884,9.420289855072465,3.7083333333333335,4.614289399969043
rolling_validation,seasonal_naive_52_week,FOODS_1_006_CA_3,24,279.0,208.0,169.0,1729.0,-71.0,60.57347670250897,-25.448028673835125,7.041666666666667,8.48773625100749
rolling_validation,seasonal_naive_52_week,FOODS_1_006_CA_4,24,187.0,159.0,108.0,686.0,-28.0,57.75401069518716,-14.973262032085561,4.5,5.346338310781813
rolling_validation,seasonal_naive_52_week,FOODS_1_006_TX_1,24,71.0,76.0,75.0,419.0,5.0,105.63380281690141,7.042253521126761,3.125,4.178317045573891
rolling_validation,seasonal_naive_52_week,FOODS_1_006_TX_2,24,95.0,114.0,65.0,231.0,19.0,68.42105263157895,20.0,2.7083333333333335,3.1024184114977142
rolling_validation,seasonal_naive_52_week,FOODS_1_006_TX_3,24,121.0,77.0,76.0,644.0,-44.0,62.8099173553719,-36.36363636363637,3.1666666666666665,5.180090089306685
rolling_validation,seasonal_naive_52_week,FOODS_1_006_WI_1,24,266.0,256.0,132.0,1286.0,-10.0,49.62406015037594,-3.7593984962406015,5.5,7.32006375199925
rolling_validation,seasonal_naive_52_week,FOODS_1_006_WI_2,24,173.0,198.0,129.0,1319.0,25.0,74.56647398843931,14.450867052023122,5.375,7.413388788761408
rolling_validation,seasonal_naive_52_week,FOODS_1_006_WI_3,24,143.0,138.0,93.0,553.0,-5.0,65.03496503496503,-3.4965034965034967,3.875,4.800173607971557
rolling_validation,seasonal_naive_52_week,FOODS_1_008_CA_1,24,56.0,101.0,67.0,249.0,45.0,119.64285714285714,80.35714285714286,2.7916666666666665,3.2210246816812815
rolling_validation,seasonal_naive_52_week,FOODS_1_008_CA_2,24,56.0,0.0,56.0,210.0,-56.0,100.0,-100.0,2.3333333333333335,2.958039891549808
rolling_validation,seasonal_naive_52_week,FOODS_1_008_CA_3,24,55.0,56.0,55.0,229.0,1.0,100.0,1.8181818181818181,2.2916666666666665,3.088958832141773
rolling_validation,seasonal_naive_52_week,FOODS_1_008_CA_4,24,64.0,65.0,53.0,177.0,1.0,82.8125,1.5625,2.2083333333333335,2.715695122800054
rolling_validation,seasonal_naive_52_week,FOODS_1_008_TX_1,24,17.0,13.0,20.0,32.0,-4.0,117.64705882352942,-23.52941176470588,0.8333333333333334,1.1547005383792515
rolling_validation,seasonal_naive_52_week,FOODS_1_008_TX_2,24,50.0,55.0,57.0,311.0,5.0,113.99999999999999,10.0,2.375,3.5997685110758626
rolling_validation,seasonal_naive_52_week,FOODS_1_008_TX_3,24,38.0,48.0,38.0,128.0,10.0,100.0,26.31578947368421,1.5833333333333333,2.309401076758503
rolling_validation,seasonal_naive_52_week,FOODS_1_008_WI_1,24,104.0,95.0,75.0,323.0,-9.0,72.11538461538461,-8.653846153846153,3.125,3.6685601171758564
rolling_validation,seasonal_naive_52_week,FOODS_1_008_WI_2,24,47.0,52.0,41.0,175.0,5.0,87.2340425531915,10.638297872340425,1.7083333333333333,2.7003086243366083
rolling_validation,seasonal_naive_52_week,FOODS_1_008_WI_3,24,41.0,53.0,50.0,174.0,12.0,121.95121951219512,29.268292682926827,2.0833333333333335,2.692582403567252
rolling_validation,seasonal_naive_52_week,FOODS_1_009_CA_1,24,170.0,92.0,130.0,1236.0,-78.0,76.47058823529412,-45.88235294117647,5.416666666666667,7.176350047203662
rolling_validation,seasonal_naive_52_week,FOODS_1_009_CA_2,24,216.0,128.0,164.0,2112.0,-88.0,75.92592592592592,-40.74074074074074,6.833333333333333,9.38083151964686
rolling_validation,seasonal_naive_52_week,FOODS_1_009_CA_3,24,345.0,88.0,293.0,5675.0,-257.0,84.92753623188406,-74.4927536231884,12.208333333333334,15.377201739371612
rolling_validation,seasonal_naive_52_week,FOODS_1_009_CA_4,24,83.0,53.0,70.0,352.0,-30.0,84.33734939759037,-36.144578313253014,2.9166666666666665,3.8297084310253524
rolling_validation,seasonal_naive_52_week,FOODS_1_009_TX_1,24,45.0,65.0,76.0,448.0,20.0,168.88888888888889,44.44444444444444,3.1666666666666665,4.320493798938574
rolling_validation,seasonal_naive_52_week,FOODS_1_009_TX_2,24,3.0,53.0,56.0,344.0,50.0,1866.6666666666667,1666.6666666666667,2.3333333333333335,3.7859388972001824
rolling_validation,seasonal_naive_52_week,FOODS_1_009_TX_3,24,55.0,23.0,42.0,168.0,-32.0,76.36363636363637,-58.18181818181818,1.75,2.6457513110645907
rolling_validation,seasonal_naive_52_week,FOODS_1_009_WI_1,24,110.0,57.0,93.0,527.0,-53.0,84.54545454545455,-48.18181818181818,3.875,4.685971973169849
rolling_validation,seasonal_naive_52_week,FOODS_1_009_WI_2,24,113.0,39.0,84.0,456.0,-74.0,74.33628318584071,-65.48672566371681,3.5,4.358898943540674
rolling_validation,seasonal_naive_52_week,FOODS_1_009_WI_3,24,62.0,29.0,61.0,285.0,-33.0,98.38709677419355,-53.2258064516129,2.5416666666666665,3.4460121880225554
rolling_validation,seasonal_naive_52_week,FOODS_1_010_CA_1,24,40.0,38.0,54.0,186.0,-2.0,135.0,-5.0,2.25,2.7838821814150108
rolling_validation,seasonal_naive_52_week,FOODS_1_010_CA_2,24,83.0,78.0,67.0,319.0,-5.0,80.72289156626506,-6.024096385542169,2.7916666666666665,3.645773809037893
rolling_validation,seasonal_naive_52_week,FOODS_1_010_CA_3,24,119.0,68.0,83.0,489.0,-51.0,69.74789915966386,-42.857142857142854,3.4583333333333335,4.513867521316947
rolling_validation,seasonal_naive_52_week,FOODS_1_010_CA_4,24,0.0,52.0,52.0,248.0,52.0,,,2.1666666666666665,3.2145502536643185
rolling_validation,seasonal_naive_52_week,FOODS_1_010_TX_1,24,68.0,46.0,46.0,116.0,-22.0,67.64705882352942,-32.35294117647059,1.9166666666666667,2.1984843263788196
rolling_validation,seasonal_naive_52_week,FOODS_1_010_TX_2,24,143.0,50.0,103.0,763.0,-93.0,72.02797202797203,-65.03496503496503,4.291666666666667,5.638409941345757
rolling_validation,seasonal_naive_52_week,FOODS_1_010_TX_3,24,143.0,93.0,82.0,492.0,-50.0,57.34265734265735,-34.96503496503497,3.4166666666666665,4.527692569068709
rolling_validation,seasonal_naive_52_week,FOODS_1_010_WI_1,24,216.0,166.0,108.0,794.0,-50.0,50.0,-23.14814814814815,4.5,5.751811308912466
rolling_validation,seasonal_naive_52_week,FOODS_1_010_WI_2,24,45.0,38.0,53.0,213.0,-7.0,117.77777777777779,-15.555555555555555,2.2083333333333335,2.979093821953246
rolling_validation,seasonal_naive_52_week,FOODS_1_010_WI_3,24,88.0,54.0,64.0,390.0,-34.0,72.72727272727273,-38.63636363636363,2.6666666666666665,4.031128874149275
rolling_validation,seasonal_naive_52_week,FOODS_1_011_CA_1,24,115.0,77.0,58.0,396.0,-38.0,50.43478260869565,-33.04347826086956,2.4166666666666665,4.06201920231798
rolling_validation,seasonal_naive_52_week,FOODS_1_011_CA_2,24,164.0,154.0,92.0,1100.0,-10.0,56.09756097560976,-6.097560975609756,3.8333333333333335,6.7700320038633
rolling_validation,seasonal_naive_52_week,FOODS_1_011_CA_3,24,127.0,159.0,94.0,766.0,32.0,74.01574803149606,25.196850393700785,3.9166666666666665,5.649483752226097
rolling_validation,seasonal_naive_52_week,FOODS_1_011_CA_4,24,80.0,57.0,39.0,165.0,-23.0,48.75,-28.749999999999996,1.625,2.622022120425379
rolling_validation,seasonal_naive_52_week,FOODS_1_011_TX_1,24,73.0,69.0,38.0,162.0,-4.0,52.054794520547944,-5.47945205479452,1.5833333333333333,2.598076211353316
rolling_validation,seasonal_naive_52_week,FOODS_1_011_TX_2,24,25.0,54.0,31.0,211.0,29.0,124.0,115.99999999999999,1.2916666666666667,2.9650744791095325
rolling_validation,seasonal_naive_52_week,FOODS_1_011_TX_3,24,30.0,33.0,29.0,111.0,3.0,96.66666666666667,10.0,1.2083333333333333,2.1505813167606567
rolling_validation,seasonal_naive_52_week,FOODS_1_011_WI_1,24,60.0,52.0,32.0,162.0,-8.0,53.333333333333336,-13.333333333333334,1.3333333333333333,2.598076211353316
rolling_validation,seasonal_naive_52_week,FOODS_1_011_WI_2,24,57.0,61.0,32.0,120.0,4.0,56.14035087719298,7.017543859649122,1.3333333333333333,2.23606797749979
rolling_validation,seasonal_naive_52_week,FOODS_1_011_WI_3,24,22.0,24.0,26.0,68.0,2.0,118.18181818181819,9.090909090909092,1.0833333333333333,1.6832508230603465
rolling_validation,seasonal_naive_52_week,HOBBIES_1_001_CA_1,24,115.0,110.0,43.0,101.0,-5.0,37.391304347826086,-4.3478260869565215,1.7916666666666667,2.0514222708485286
rolling_validation,seasonal_naive_52_week,HOBBIES_1_001_CA_2,24,105.0,72.0,65.0,267.0,-33.0,61.904761904761905,-31.428571428571427,2.7083333333333335,3.3354160160315836
rolling_validation,seasonal_naive_52_week,HOBBIES_1_001_CA_3,24,132.0,91.0,67.0,313.0,-41.0,50.75757575757576,-31.060606060606062,2.7916666666666665,3.6113247800034083
rolling_validation,seasonal_naive_52_week,HOBBIES_1_001_CA_4,24,131.0,108.0,45.0,143.0,-23.0,34.35114503816794,-17.557251908396946,1.875,2.4409697526461347
rolling_validation,seasonal_naive_52_week,HOBBIES_1_001_TX_1,24,39.0,31.0,26.0,54.0,-8.0,66.66666666666666,-20.51282051282051,1.0833333333333333,1.5
rolling_validation,seasonal_naive_52_week,HOBBIES_1_001_TX_2,24,106.0,77.0,71.0,307.0,-29.0,66.98113207547169,-27.358490566037734,2.9583333333333335,3.5765439556458225
rolling_validation,seasonal_naive_52_week,HOBBIES_1_001_TX_3,24,104.0,54.0,62.0,236.0,-50.0,59.61538461538461,-48.07692307692308,2.5833333333333335,3.13581462037113
rolling_validation,seasonal_naive_52_week,HOBBIES_1_001_WI_1,24,76.0,11.0,69.0,285.0,-65.0,90.78947368421053,-85.52631578947368,2.875,3.4460121880225554
rolling_validation,seasonal_naive_52_week,HOBBIES_1_001_WI_2,24,4.0,33.0,31.0,75.0,29.0,775.0,725.0,1.2916666666666667,1.7677669529663689
rolling_validation,seasonal_naive_52_week,HOBBIES_1_001_WI_3,24,44.0,34.0,34.0,78.0,-10.0,77.27272727272727,-22.727272727272727,1.4166666666666667,1.8027756377319946
rolling_validation,seasonal_naive_52_week,HOBBIES_1_002_CA_1,24,65.0,54.0,35.0,77.0,-11.0,53.84615384615385,-16.923076923076923,1.4583333333333333,1.7911821050170564
rolling_validation,seasonal_naive_52_week,HOBBIES_1_002_CA_2,24,18.0,39.0,37.0,89.0,21.0,205.55555555555554,116.66666666666667,1.5416666666666667,1.925703334715224
rolling_validation,seasonal_naive_52_week,HOBBIES_1_002_CA_3,24,29.0,69.0,48.0,244.0,40.0,165.51724137931035,137.93103448275863,2.0,3.1885210782848317
rolling_validation,seasonal_naive_52_week,HOBBIES_1_002_CA_4,24,32.0,38.0,30.0,78.0,6.0,93.75,18.75,1.25,1.8027756377319946
rolling_validation,seasonal_naive_52_week,HOBBIES_1_002_TX_1,24,8.0,23.0,21.0,39.0,15.0,262.5,187.5,0.875,1.2747548783981961
rolling_validation,seasonal_naive_52_week,HOBBIES_1_002_TX_2,24,31.0,33.0,28.0,48.0,2.0,90.32258064516128,6.451612903225806,1.1666666666666667,1.4142135623730951
rolling_validation,seasonal_naive_52_week,HOBBIES_1_002_TX_3,24,11.0,35.0,32.0,106.0,24.0,290.90909090909093,218.18181818181816,1.3333333333333333,2.101586702153082
rolling_validation,seasonal_naive_52_week,HOBBIES_1_002_WI_1,24,151.0,105.0,94.0,740.0,-46.0,62.251655629139066,-30.4635761589404,3.9166666666666665,5.552777082985894
rolling_validation,seasonal_naive_52_week,HOBBIES_1_002_WI_2,24,104.0,96.0,58.0,234.0,-8.0,55.769230769230774,-7.6923076923076925,2.4166666666666665,3.122498999199199
rolling_validation,seasonal_naive_52_week,HOBBIES_1_002_WI_3,24,70.0,54.0,42.0,106.0,-16.0,60.0,-22.857142857142858,1.75,2.101586702153082
rolling_validation,seasonal_naive_52_week,HOBBIES_1_003_CA_1,24,110.0,26.0,106.0,764.0,-84.0,96.36363636363636,-76.36363636363637,4.416666666666667,5.6421036266035856
rolling_validation,seasonal_naive_52_week,HOBBIES_1_003_CA_2,24,61.0,9.0,52.0,228.0,-52.0,85.24590163934425,-85.24590163934425,2.1666666666666665,3.082207001484488
rolling_validation,seasonal_naive_52_week,HOBBIES_1_003_CA_3,24,64.0,1.0,63.0,241.0,-63.0,98.4375,-98.4375,2.625,3.1688588903052572
rolling_validation,seasonal_naive_52_week,HOBBIES_1_003_CA_4,24,39.0,15.0,38.0,128.0,-24.0,97.43589743589743,-61.53846153846154,1.5833333333333333,2.309401076758503
rolling_validation,seasonal_naive_52_week,HOBBIES_1_003_TX_1,24,36.0,12.0,38.0,106.0,-24.0,105.55555555555556,-66.66666666666666,1.5833333333333333,2.101586702153082
rolling_validation,seasonal_naive_52_week,HOBBIES_1_003_TX_2,24,23.0,18.0,23.0,39.0,-5.0,100.0,-21.73913043478261,0.9583333333333334,1.2747548783981961
rolling_validation,seasonal_naive_52_week,HOBBIES_1_003_TX_3,24,34.0,36.0,36.0,100.0,2.0,105.88235294117648,5.88235294117647,1.5,2.041241452319315
rolling_validation,seasonal_naive_52_week,HOBBIES_1_003_WI_1,24,24.0,41.0,43.0,217.0,17.0,179.16666666666669,70.83333333333334,1.7916666666666667,3.0069364254447857
rolling_validation,seasonal_naive_52_week,HOBBIES_1_003_WI_2,24,17.0,20.0,27.0,55.0,3.0,158.8235294117647,17.647058823529413,1.125,1.5138251770487459
rolling_validation,seasonal_naive_52_week,HOBBIES_1_003_WI_3,24,17.0,3.0,18.0,44.0,-14.0,105.88235294117648,-82.35294117647058,0.75,1.35400640077266
rolling_validation,seasonal_naive_52_week,HOBBIES_1_004_CA_1,24,308.0,399.0,143.0,1477.0,91.0,46.42857142857143,29.545454545454547,5.958333333333333,7.844849690508204
rolling_validation,seasonal_naive_52_week,HOBBIES_1_004_CA_2,24,537.0,707.0,218.0,2978.0,170.0,40.59590316573557,31.65735567970205,9.083333333333334,11.139269874337964
rolling_validation,seasonal_naive_52_week,HOBBIES_1_004_CA_3,24,1036.0,1244.0,226.0,3676.0,208.0,21.814671814671815,20.077220077220076,9.416666666666666,12.376052143824648
rolling_validation,seasonal_naive_52_week,HOBBIES_1_004_CA_4,24,84.0,156.0,94.0,524.0,72.0,111.90476190476191,85.71428571428571,3.9166666666666665,4.672615256292062
rolling_validation,seasonal_naive_52_week,HOBBIES_1_004_TX_1,24,125.0,234.0,121.0,963.0,109.0,96.8,87.2,5.041666666666667,6.334429729659964
rolling_validation,seasonal_naive_52_week,HOBBIES_1_004_TX_2,24,49.0,253.0,228.0,2838.0,204.0,465.3061224489796,416.32653061224494,9.5,10.874281585465774
rolling_validation,seasonal_naive_52_week,HOBBIES_1_004_TX_3,24,208.0,408.0,204.0,2428.0,200.0,98.07692307692307,96.15384615384616,8.5,10.058164179743075
rolling_validation,seasonal_naive_52_week,HOBBIES_1_004_WI_1,24,56.0,89.0,55.0,231.0,33.0,98.21428571428571,58.92857142857143,2.2916666666666665,3.1024184114977142
rolling_validation,seasonal_naive_52_week,HOBBIES_1_004_WI_2,24,62.0,61.0,37.0,97.0,-1.0,59.67741935483871,-1.6129032258064515,1.5416666666666667,2.01038968030247
rolling_validation,seasonal_naive_52_week,HOBBIES_1_004_WI_3,24,360.0,421.0,135.0,1159.0,61.0,37.5,16.944444444444446,5.625,6.949220579796461
rolling_validation,seasonal_naive_52_week,HOBBIES_1_005_CA_1,24,201.0,199.0,108.0,702.0,-2.0,53.73134328358209,-0.9950248756218906,4.5,5.408326913195984
rolling_validation,seasonal_naive_52_week,HOBBIES_1_005_CA_2,24,265.0,168.0,131.0,1073.0,-97.0,49.43396226415094,-36.60377358490566,5.458333333333333,6.686429041972504
rolling_validation,seasonal_naive_52_week,HOBBIES_1_005_CA_3,24,303.0,242.0,109.0,721.0,-61.0,35.973597359735976,-20.13201320132013,4.541666666666667,5.481027884135116
rolling_validation,seasonal_naive_52_week,HOBBIES_1_005_CA_4,24,319.0,0.0,319.0,4551.0,-319.0,100.0,-100.0,13.291666666666666,13.77043935392041
rolling_validation,seasonal_naive_52_week,HOBBIES_1_005_TX_1,24,99.0,112.0,55.0,189.0,13.0,55.55555555555556,13.131313131313133,2.2916666666666665,2.806243040080456
rolling_validation,seasonal_naive_52_week,HOBBIES_1_005_TX_2,24,133.0,113.0,72.0,296.0,-20.0,54.13533834586466,-15.037593984962406,3.0,3.5118845842842465
rolling_validation,seasonal_naive_52_week,HOBBIES_1_005_TX_3,24,113.0,123.0,54.0,202.0,10.0,47.78761061946903,8.849557522123893,2.25,2.9011491975882016
rolling_validation,seasonal_naive_52_week,HOBBIES_1_005_WI_1,24,146.0,168.0,84.0,532.0,22.0,57.534246575342465,15.068493150684931,3.5,4.708148963941845
rolling_validation,seasonal_naive_52_week,HOBBIES_1_005_WI_2,24,99.0,42.0,63.0,271.0,-57.0,63.63636363636363,-57.57575757575758,2.625,3.360307525609325
rolling_validation,seasonal_naive_52_week,HOBBIES_1_005_WI_3,24,102.0,66.0,84.0,420.0,-36.0,82.35294117647058,-35.294117647058826,3.5,4.183300132670378
rolling_validation,seasonal_naive_52_week,HOBBIES_1_006_CA_1,24,87.0,219.0,170.0,1520.0,132.0,195.4022988505747,151.72413793103448,7.083333333333333,7.958224257542215
rolling_validation,seasonal_naive_52_week,HOBBIES_1_006_CA_2,24,113.0,105.0,72.0,328.0,-8.0,63.716814159292035,-7.079646017699115,3.0,3.696845502136472
rolling_validation,seasonal_naive_52_week,HOBBIES_1_006_CA_3,24,179.0,284.0,133.0,1089.0,105.0,74.30167597765363,58.659217877094974,5.541666666666667,6.73609679265374
rolling_validation,seasonal_naive_52_week,HOBBIES_1_006_CA_4,24,0.0,0.0,0.0,0.0,0.0,,,0.0,0.0
rolling_validation,seasonal_naive_52_week,HOBBIES_1_006_TX_1,24,71.0,75.0,54.0,208.0,4.0,76.05633802816901,5.633802816901409,2.25,2.943920288775949
rolling_validation,seasonal_naive_52_week,HOBBIES_1_006_TX_2,24,34.0,95.0,65.0,321.0,61.0,191.1764705882353,179.41176470588235,2.7083333333333335,3.6571847095819483
rolling_validation,seasonal_naive_52_week,HOBBIES_1_006_TX_3,24,41.0,60.0,49.0,171.0,19.0,119.51219512195121,46.34146341463415,2.0416666666666665,2.669269563007828
rolling_validation,seasonal_naive_52_week,HOBBIES_1_006_WI_1,24,396.0,385.0,153.0,1275.0,-11.0,38.63636363636363,-2.7777777777777777,6.375,7.2886898685566255
rolling_validation,seasonal_naive_52_week,HOBBIES_1_006_WI_2,24,120.0,73.0,77.0,439.0,-47.0,64.16666666666667,-39.166666666666664,3.2083333333333335,4.276875806785447
rolling_validation,seasonal_naive_52_week,HOBBIES_1_006_WI_3,24,40.0,75.0,57.0,281.0,35.0,142.5,87.5,2.375,3.4217441946079683
rolling_validation,seasonal_naive_52_week,HOBBIES_1_007_CA_1,24,50.0,53.0,47.0,153.0,3.0,94.0,6.0,1.9583333333333333,2.5248762345905194
rolling_validation,seasonal_naive_52_week,HOBBIES_1_007_CA_2,24,33.0,32.0,31.0,61.0,-1.0,93.93939393939394,-3.0303030303030303,1.2916666666666667,1.5942605391424158
rolling_validation,seasonal_naive_52_week,HOBBIES_1_007_CA_3,24,39.0,53.0,30.0,60.0,14.0,76.92307692307693,35.8974358974359,1.25,1.5811388300841898
rolling_validation,seasonal_naive_52_week,HOBBIES_1_007_CA_4,24,63.0,42.0,25.0,45.0,-21.0,39.682539682539684,-33.33333333333333,1.0416666666666667,1.3693063937629153
rolling_validation,seasonal_naive_52_week,HOBBIES_1_007_TX_1,24,37.0,17.0,34.0,64.0,-20.0,91.8918918918919,-54.054054054054056,1.4166666666666667,1.632993161855452
rolling_validation,seasonal_naive_52_week,HOBBIES_1_007_TX_2,24,23.0,23.0,24.0,42.0,0.0,104.34782608695652,0.0,1.0,1.3228756555322954
rolling_validation,seasonal_naive_52_week,HOBBIES_1_007_TX_3,24,30.0,17.0,23.0,39.0,-13.0,76.66666666666667,-43.333333333333336,0.9583333333333334,1.2747548783981961
rolling_validation,seasonal_naive_52_week,HOBBIES_1_007_WI_1,24,108.0,83.0,49.0,151.0,-25.0,45.370370370370374,-23.14814814814815,2.0416666666666665,2.508319490548735
rolling_validation,seasonal_naive_52_week,HOBBIES_1_007_WI_2,24,41.0,32.0,31.0,83.0,-9.0,75.60975609756098,-21.951219512195124,1.2916666666666667,1.8596594670351165
rolling_validation,seasonal_naive_52_week,HOBBIES_1_007_WI_3,24,29.0,27.0,32.0,70.0,-2.0,110.34482758620689,-6.896551724137931,1.3333333333333333,1.707825127659933
rolling_validation,seasonal_naive_52_week,HOBBIES_1_008_CA_1,24,1999.0,1555.0,844.0,40632.0,-444.0,42.22111055527764,-22.211105552776388,35.166666666666664,41.14608122288197
rolling_validation,seasonal_naive_52_week,HOBBIES_1_008_CA_2,24,685.0,590.0,395.0,10277.0,-95.0,57.66423357664233,-13.86861313868613,16.458333333333332,20.693195338886966
rolling_validation,seasonal_naive_52_week,HOBBIES_1_008_CA_3,24,1420.0,630.0,816.0,35642.0,-790.0,57.46478873239437,-55.633802816901415,34.0,38.53677896936034
rolling_validation,seasonal_naive_52_week,HOBBIES_1_008_CA_4,24,942.0,545.0,495.0,16715.0,-397.0,52.547770700636946,-42.14437367303609,20.625,26.390497027023446
rolling_validation,seasonal_naive_52_week,HOBBIES_1_008_TX_1,24,149.0,630.0,481.0,12431.0,481.0,322.8187919463087,322.8187919463087,20.041666666666668,22.758697970959002
rolling_validation,seasonal_naive_52_week,HOBBIES_1_008_TX_2,24,1072.0,1285.0,531.0,17997.0,213.0,49.53358208955223,19.86940298507463,22.125,27.383845602836722
rolling_validation,seasonal_naive_52_week,HOBBIES_1_008_TX_3,24,424.0,549.0,301.0,5925.0,125.0,70.99056603773585,29.4811320754717,12.541666666666666,15.712256362470669
rolling_validation,seasonal_naive_52_week,HOBBIES_1_008_WI_1,24,422.0,996.0,586.0,20412.0,574.0,138.86255924170615,136.01895734597156,24.416666666666668,29.16333314283537
rolling_validation,seasonal_naive_52_week,HOBBIES_1_008_WI_2,24,388.0,406.0,138.0,1574.0,18.0,35.56701030927835,4.639175257731959,5.75,8.098353742170895
rolling_validation,seasonal_naive_52_week,HOBBIES_1_008_WI_3,24,241.0,649.0,426.0,9648.0,408.0,176.76348547717842,169.29460580912863,17.75,20.049937655763422
rolling_validation,seasonal_naive_52_week,HOBBIES_1_009_CA_1,24,7.0,163.0,156.0,1364.0,156.0,2228.5714285714284,2228.5714285714284,6.5,7.5387885852657615
rolling_validation,seasonal_naive_52_week,HOBBIES_1_009_CA_2,24,97.0,72.0,75.0,353.0,-25.0,77.31958762886599,-25.773195876288657,3.125,3.8351444996679502
rolling_validation,seasonal_naive_52_week,HOBBIES_1_009_CA_3,24,220.0,247.0,111.0,737.0,27.0,50.45454545454545,12.272727272727273,4.625,5.541510022848766
rolling_validation,seasonal_naive_52_week,HOBBIES_1_009_CA_4,24,430.0,247.0,235.0,3103.0,-183.0,54.65116279069767,-42.55813953488372,9.791666666666666,11.370649351143788
rolling_validation,seasonal_naive_52_week,HOBBIES_1_009_TX_1,24,120.0,84.0,80.0,426.0,-36.0,66.66666666666666,-30.0,3.3333333333333335,4.2130748865881795
rolling_validation,seasonal_naive_52_week,HOBBIES_1_009_TX_2,24,64.0,180.0,136.0,1216.0,116.0,212.5,181.25,5.666666666666667,7.118052168020874
rolling_validation,seasonal_naive_52_week,HOBBIES_1_009_TX_3,24,84.0,69.0,71.0,341.0,-15.0,84.52380952380952,-17.857142857142858,2.9583333333333335,3.7693942926328807
rolling_validation,seasonal_naive_52_week,HOBBIES_1_009_WI_1,24,121.0,177.0,100.0,682.0,56.0,82.64462809917356,46.28099173553719,4.166666666666667,5.330728530573158
rolling_validation,seasonal_naive_52_week,HOBBIES_1_009_WI_2,24,33.0,20.0,23.0,41.0,-13.0,69.6969696969697,-39.39393939393939,0.9583333333333334,1.3070322617798436
rolling_validation,seasonal_naive_52_week,HOBBIES_1_009_WI_3,24,37.0,56.0,35.0,77.0,19.0,94.5945945945946,51.35135135135135,1.4583333333333333,1.7911821050170564
rolling_validation,seasonal_naive_52_week,HOBBIES_1_010_CA_1,24,108.0,103.0,53.0,205.0,-5.0,49.074074074074076,-4.62962962962963,2.2083333333333335,2.92261298612503
rolling_validation,seasonal_naive_52_week,HOBBIES_1_010_CA_2,24,51.0,59.0,66.0,314.0,8.0,129.41176470588235,15.686274509803921,2.75,3.6170890690351176
rolling_validation,seasonal_naive_52_week,HOBBIES_1_010_CA_3,24,129.0,141.0,70.0,334.0,12.0,54.263565891472865,9.30232558139535,2.9166666666666665,3.730504880933232
rolling_validation,seasonal_naive_52_week,HOBBIES_1_010_CA_4,24,28.0,31.0,25.0,37.0,3.0,89.28571428571429,10.714285714285714,1.0416666666666667,1.241638702145945
rolling_validation,seasonal_naive_52_week,HOBBIES_1_010_TX_1,24,88.0,76.0,42.0,98.0,-12.0,47.72727272727273,-13.636363636363635,1.75,2.0207259421636903
rolling_validation,seasonal_naive_52_week,HOBBIES_1_010_TX_2,24,123.0,152.0,69.0,307.0,29.0,56.09756097560976,23.577235772357724,2.875,3.5765439556458225
rolling_validation,seasonal_naive_52_week,HOBBIES_1_010_TX_3,24,92.0,81.0,55.0,181.0,-11.0,59.78260869565217,-11.956521739130435,2.2916666666666665,2.74620950888068
rolling_validation,seasonal_naive_52_week,HOBBIES_1_010_WI_1,24,85.0,116.0,57.0,241.0,31.0,67.05882352941175,36.470588235294116,2.375,3.1688588903052572
rolling_validation,seasonal_naive_52_week,HOBBIES_1_010_WI_2,24,65.0,45.0,42.0,118.0,-20.0,64.61538461538461,-30.76923076923077,1.75,2.217355782608345
rolling_validation,seasonal_naive_52_week,HOBBIES_1_010_WI_3,24,58.0,126.0,98.0,530.0,68.0,168.9655172413793,117.24137931034481,4.083333333333333,4.699290726623895
rolling_validation,seasonal_naive_52_week,HOUSEHOLD_1_001_CA_1,24,167.0,20.0,149.0,1129.0,-147.0,89.22155688622755,-88.02395209580838,6.208333333333333,6.858692781184084
rolling_validation,seasonal_naive_52_week,HOUSEHOLD_1_001_CA_2,24,13.0,32.0,45.0,197.0,19.0,346.1538461538462,146.15384615384613,1.875,2.865018906278514
rolling_validation,seasonal_naive_52_week,HOUSEHOLD_1_001_CA_3,24,8.0,62.0,66.0,304.0,54.0,825.0,675.0,2.75,3.559026084010437
rolling_validation,seasonal_naive_52_week,HOUSEHOLD_1_001_CA_4,24,97.0,19.0,80.0,350.0,-78.0,82.4742268041237,-80.41237113402062,3.3333333333333335,3.8188130791298667
rolling_validation,seasonal_naive_52_week,HOUSEHOLD_1_001_TX_1,24,65.0,22.0,55.0,179.0,-43.0,84.61538461538461,-66.15384615384615,2.2916666666666665,2.7309949346956564
rolling_validation,seasonal_naive_52_week,HOUSEHOLD_1_001_TX_2,24,47.0,28.0,39.0,127.0,-19.0,82.97872340425532,-40.42553191489361,1.625,2.3003622903070435
rolling_validation,seasonal_naive_52_week,HOUSEHOLD_1_001_TX_3,24,5.0,7.0,12.0,32.0,2.0,240.0,40.0,0.5,1.1547005383792515
rolling_validation,seasonal_naive_52_week,HOUSEHOLD_1_001_WI_1,24,226.0,44.0,182.0,1646.0,-182.0,80.53097345132744,-80.53097345132744,7.583333333333333,8.281505499203229
rolling_validation,seasonal_naive_52_week,HOUSEHOLD_1_001_WI_2,24,29.0,28.0,29.0,63.0,-1.0,100.0,-3.4482758620689653,1.2083333333333333,1.620185174601965
rolling_validation,seasonal_naive_52_week,HOUSEHOLD_1_001_WI_3,24,61.0,10.0,57.0,193.0,-51.0,93.44262295081968,-83.60655737704919,2.375,2.8357832545289257
rolling_validation,seasonal_naive_52_week,HOUSEHOLD_1_002_CA_1,24,27.0,33.0,42.0,188.0,6.0,155.55555555555557,22.22222222222222,1.75,2.798809270624444
rolling_validation,seasonal_naive_52_week,HOUSEHOLD_1_002_CA_2,24,139.0,37.0,106.0,800.0,-102.0,76.2589928057554,-73.38129496402878,4.416666666666667,5.773502691896258
rolling_validation,seasonal_naive_52_week,HOUSEHOLD_1_002_CA_3,24,175.0,49.0,136.0,948.0,-126.0,77.71428571428571,-72.0,5.666666666666667,6.284902544988268
rolling_validation,seasonal_naive_52_week,HOUSEHOLD_1_002_CA_4,24,151.0,36.0,117.0,701.0,-115.0,77.48344370860927,-76.15894039735099,4.875,5.404473455696987
rolling_validation,seasonal_naive_52_week,HOUSEHOLD_1_002_TX_1,24,73.0,28.0,63.0,205.0,-45.0,86.3013698630137,-61.64383561643836,2.625,2.92261298612503
rolling_validation,seasonal_naive_52_week,HOUSEHOLD_1_002_TX_2,24,93.0,27.0,86.0,474.0,-66.0,92.47311827956989,-70.96774193548387,3.5833333333333335,4.444097208657794
rolling_validation,seasonal_naive_52_week,HOUSEHOLD_1_002_TX_3,24,53.0,31.0,48.0,154.0,-22.0,90.56603773584906,-41.509433962264154,2.0,2.533114025595111
rolling_validation,seasonal_naive_52_week,HOUSEHOLD_1_002_WI_1,24,306.0,94.0,224.0,3112.0,-212.0,73.20261437908496,-69.28104575163398,9.333333333333334,11.387127235025815
rolling_validation,seasonal_naive_52_week,HOUSEHOLD_1_002_WI_2,24,77.0,54.0,49.0,193.0,-23.0,63.63636363636363,-29.87012987012987,2.0416666666666665,2.8357832545289257
rolling_validation,seasonal_naive_52_week,HOUSEHOLD_1_002_WI_3,24,38.0,24.0,36.0,82.0,-14.0,94.73684210526315,-36.84210526315789,1.5,1.848422751068236
rolling_validation,seasonal_naive_52_week,HOUSEHOLD_1_003_CA_1,24,144.0,190.0,76.0,366.0,46.0,52.77777777777778,31.944444444444443,3.1666666666666665,3.905124837953327
rolling_validation,seasonal_naive_52_week,HOUSEHOLD_1_003_CA_2,24,238.0,186.0,74.0,336.0,-52.0,31.092436974789916,-21.84873949579832,3.0833333333333335,3.7416573867739413
rolling_validation,seasonal_naive_52_week,HOUSEHOLD_1_003_CA_3,24,424.0,348.0,156.0,1964.0,-76.0,36.79245283018868,-17.92452830188679,6.5,9.046177830074607
rolling_validation,seasonal_naive_52_week,HOUSEHOLD_1_003_CA_4,24,155.0,97.0,80.0,654.0,-58.0,51.61290322580645,-37.41935483870968,3.3333333333333335,5.220153254455275
rolling_validation,seasonal_naive_52_week,HOUSEHOLD_1_003_TX_1,24,51.0,34.0,51.0,151.0,-17.0,100.0,-33.33333333333333,2.125,2.508319490548735
rolling_validation,seasonal_naive_52_week,HOUSEHOLD_1_003_TX_2,24,78.0,94.0,42.0,154.0,16.0,53.84615384615385,20.51282051282051,1.75,2.533114025595111
rolling_validation,seasonal_naive_52_week,HOUSEHOLD_1_003_TX_3,24,55.0,59.0,40.0,124.0,4.0,72.72727272727273,7.2727272727272725,1.6666666666666667,2.273030282830976
rolling_validation,seasonal_naive_52_week,HOUSEHOLD_1_003_WI_1,24,234.0,250.0,120.0,962.0,16.0,51.28205128205128,6.837606837606838,5.0,6.331139971074193
rolling_validation,seasonal_naive_52_week,HOUSEHOLD_1_003_WI_2,24,217.0,217.0,158.0,1864.0,0.0,72.81105990783409,0.0,6.583333333333333,8.812869377601524
rolling_validation,seasonal_naive_52_week,HOUSEHOLD_1_003_WI_3,24,71.0,46.0,53.0,167.0,-25.0,74.64788732394366,-35.2112676056338,2.2083333333333335,2.6378652985574025
rolling_validation,seasonal_naive_52_week,HOUSEHOLD_1_004_CA_1,24,422.0,175.0,265.0,4283.0,-247.0,62.796208530805686,-58.53080568720379,11.041666666666666,13.3588297890696
rolling_validation,seasonal_naive_52_week,HOUSEHOLD_1_004_CA_2,24,513.0,205.0,328.0,6308.0,-308.0,63.93762183235867,-60.03898635477582,13.666666666666666,16.212135372409563
rolling_validation,seasonal_naive_52_week,HOUSEHOLD_1_004_CA_3,24,1823.0,1078.0,799.0,34843.0,-745.0,43.82885353812397,-40.86670323642348,33.291666666666664,38.10238400240419
rolling_validation,seasonal_naive_52_week,HOUSEHOLD_1_004_CA_4,24,169.0,94.0,99.0,641.0,-75.0,58.57988165680473,-44.37869822485207,4.125,5.168010577904551
rolling_validation,seasonal_naive_52_week,HOUSEHOLD_1_004_TX_1,24,162.0,98.0,88.0,684.0,-64.0,54.32098765432099,-39.50617283950617,3.6666666666666665,5.338539126015656
rolling_validation,seasonal_naive_52_week,HOUSEHOLD_1_004_TX_2,24,295.0,176.0,135.0,1021.0,-119.0,45.76271186440678,-40.33898305084746,5.625,6.522397309783165
rolling_validation,seasonal_naive_52_week,HOUSEHOLD_1_004_TX_3,24,400.0,235.0,195.0,2399.0,-165.0,48.75,-41.25,8.125,9.997916449607555
rolling_validation,seasonal_naive_52_week,HOUSEHOLD_1_004_WI_1,24,259.0,239.0,138.0,1364.0,-20.0,53.28185328185329,-7.722007722007722,5.75,7.5387885852657615
rolling_validation,seasonal_naive_52_week,HOUSEHOLD_1_004_WI_2,24,875.0,544.0,369.0,8285.0,-331.0,42.17142857142857,-37.82857142857143,15.375,18.57978291943513
rolling_validation,seasonal_naive_52_week,HOUSEHOLD_1_004_WI_3,24,497.0,297.0,270.0,4852.0,-200.0,54.32595573440644,-40.24144869215292,11.25,14.218532507494107
rolling_validation,seasonal_naive_52_week,HOUSEHOLD_1_005_CA_1,24,250.0,172.0,140.0,1198.0,-78.0,56.00000000000001,-31.2,5.833333333333333,7.065172798075547
rolling_validation,seasonal_naive_52_week,HOUSEHOLD_1_005_CA_2,24,353.0,205.0,200.0,2202.0,-148.0,56.657223796033996,-41.92634560906516,8.333333333333334,9.578622030334008
rolling_validation,seasonal_naive_52_week,HOUSEHOLD_1_005_CA_3,24,35.0,394.0,407.0,7881.0,359.0,1162.857142857143,1025.7142857142858,16.958333333333332,18.12112027442012
rolling_validation,seasonal_naive_52_week,HOUSEHOLD_1_005_CA_4,24,115.0,108.0,63.0,275.0,-7.0,54.78260869565217,-6.086956521739131,2.625,3.38501600193165
rolling_validation,seasonal_naive_52_week,HOUSEHOLD_1_005_TX_1,24,143.0,98.0,93.0,489.0,-45.0,65.03496503496503,-31.46853146853147,3.875,4.513867521316947
rolling_validation,seasonal_naive_52_week,HOUSEHOLD_1_005_TX_2,24,334.0,164.0,262.0,4096.0,-170.0,78.44311377245509,-50.898203592814376,10.916666666666666,13.063945294843617
rolling_validation,seasonal_naive_52_week,HOUSEHOLD_1_005_TX_3,24,133.0,115.0,90.0,428.0,-18.0,67.66917293233082,-13.533834586466165,3.75,4.222953153106642
rolling_validation,seasonal_naive_52_week,HOUSEHOLD_1_005_WI_1,24,171.0,116.0,105.0,677.0,-55.0,61.40350877192983,-32.16374269005848,4.375,5.311151789709397
rolling_validation,seasonal_naive_52_week,HOUSEHOLD_1_005_WI_2,24,141.0,79.0,90.0,472.0,-62.0,63.829787234042556,-43.97163120567376,3.75,4.43471156521669
rolling_validation,seasonal_naive_52_week,HOUSEHOLD_1_005_WI_3,24,433.0,42.0,391.0,9877.0,-391.0,90.30023094688222,-90.30023094688222,16.291666666666668,20.28648975714297
rolling_validation,seasonal_naive_52_week,HOUSEHOLD_1_006_CA_1,24,281.0,162.0,215.0,2433.0,-119.0,76.51245551601423,-42.34875444839858,8.958333333333334,10.068515282801133
rolling_validation,seasonal_naive_52_week,HOUSEHOLD_1_006_CA_2,24,224.0,170.0,124.0,1262.0,-54.0,55.35714285714286,-24.107142857142858,5.166666666666667,7.251436639269031
rolling_validation,seasonal_naive_52_week,HOUSEHOLD_1_006_CA_3,24,234.0,268.0,206.0,3656.0,34.0,88.03418803418803,14.529914529914532,8.583333333333334,12.342339054382412
rolling_validation,seasonal_naive_52_week,HOUSEHOLD_1_006_CA_4,24,109.0,59.0,72.0,346.0,-50.0,66.05504587155964,-45.87155963302752,3.0,3.7969285832981723
rolling_validation,seasonal_naive_52_week,HOUSEHOLD_1_006_TX_1,24,168.0,92.0,118.0,792.0,-76.0,70.23809523809523,-45.23809523809524,4.916666666666667,5.744562646538029
rolling_validation,seasonal_naive_52_week,HOUSEHOLD_1_006_TX_2,24,190.0,130.0,102.0,720.0,-60.0,53.68421052631579,-31.57894736842105,4.25,5.477225575051661
rolling_validation,seasonal_naive_52_week,HOUSEHOLD_1_006_TX_3,24,182.0,154.0,118.0,1104.0,-28.0,64.83516483516483,-15.384615384615385,4.916666666666667,6.782329983125268
rolling_validation,seasonal_naive_52_week,HOUSEHOLD_1_006_WI_1,24,89.0,65.0,64.0,236.0,-24.0,71.91011235955057,-26.96629213483146,2.6666666666666665,3.13581462037113
rolling_validation,seasonal_naive_52_week,HOUSEHOLD_1_006_WI_2,24,81.0,34.0,57.0,219.0,-47.0,70.37037037037037,-58.0246913580247,2.375,3.020761493398643
rolling_validation,seasonal_naive_52_week,HOUSEHOLD_1_006_WI_3,24,107.0,88.0,73.0,337.0,-19.0,68.22429906542055,-17.75700934579439,3.0416666666666665,3.7472211926528525
rolling_validation,seasonal_naive_52_week,HOUSEHOLD_1_007_CA_1,24,365.0,455.0,142.0,1370.0,90.0,38.9041095890411,24.65753424657534,5.916666666666667,7.555351304428758
rolling_validation,seasonal_naive_52_week,HOUSEHOLD_1_007_CA_2,24,268.0,301.0,119.0,969.0,33.0,44.40298507462687,12.313432835820896,4.958333333333333,6.354132513569417
rolling_validation,seasonal_naive_52_week,HOUSEHOLD_1_007_CA_3,24,286.0,517.0,275.0,4481.0,231.0,96.15384615384616,80.76923076923077,11.458333333333334,13.664125780061209
rolling_validation,seasonal_naive_52_week,HOUSEHOLD_1_007_CA_4,24,171.0,208.0,107.0,811.0,37.0,62.57309941520468,21.637426900584796,4.458333333333333,5.813060008865095
rolling_validation,seasonal_naive_52_week,HOUSEHOLD_1_007_TX_1,24,258.0,410.0,152.0,1390.0,152.0,58.91472868217055,58.91472868217055,6.333333333333333,7.610300037887249
rolling_validation,seasonal_naive_52_week,HOUSEHOLD_1_007_TX_2,24,231.0,283.0,134.0,1052.0,52.0,58.00865800865801,22.51082251082251,5.583333333333333,6.620674688680402
rolling_validation,seasonal_naive_52_week,HOUSEHOLD_1_007_TX_3,24,121.0,279.0,184.0,1840.0,158.0,152.06611570247935,130.57851239669424,7.666666666666667,8.755950357709132
rolling_validation,seasonal_naive_52_week,HOUSEHOLD_1_007_WI_1,24,281.0,250.0,113.0,799.0,-31.0,40.213523131672595,-11.032028469750891,4.708333333333333,5.7698931243712535
rolling_validation,seasonal_naive_52_week,HOUSEHOLD_1_007_WI_2,24,347.0,347.0,116.0,828.0,0.0,33.429394812680115,0.0,4.833333333333333,5.873670062235365
rolling_validation,seasonal_naive_52_week,HOUSEHOLD_1_007_WI_3,24,196.0,221.0,93.0,531.0,25.0,47.44897959183674,12.755102040816327,3.875,4.703721930556695
rolling_validation,seasonal_naive_52_week,HOUSEHOLD_1_008_CA_1,24,71.0,57.0,50.0,176.0,-14.0,70.4225352112676,-19.718309859154928,2.0833333333333335,2.70801280154532
rolling_validation,seasonal_naive_52_week,HOUSEHOLD_1_008_CA_2,24,59.0,47.0,38.0,98.0,-12.0,64.40677966101694,-20.33898305084746,1.5833333333333333,2.0207259421636903
rolling_validation,seasonal_naive_52_week,HOUSEHOLD_1_008_CA_3,24,94.0,113.0,59.0,233.0,19.0,62.76595744680851,20.212765957446805,2.4583333333333335,3.115819849306653
rolling_validation,seasonal_naive_52_week,HOUSEHOLD_1_008_CA_4,24,45.0,22.0,41.0,107.0,-23.0,91.11111111111111,-51.11111111111111,1.7083333333333333,2.111476576553321
rolling_validation,seasonal_naive_52_week,HOUSEHOLD_1_008_TX_1,24,33.0,29.0,30.0,58.0,-4.0,90.9090909090909,-12.121212121212121,1.25,1.5545631755148024
rolling_validation,seasonal_naive_52_week,HOUSEHOLD_1_008_TX_2,24,81.0,81.0,36.0,108.0,0.0,44.44444444444444,0.0,1.5,2.1213203435596424
rolling_validation,seasonal_naive_52_week,HOUSEHOLD_1_008_TX_3,24,57.0,51.0,38.0,94.0,-6.0,66.66666666666666,-10.526315789473683,1.5833333333333333,1.9790570145063195
rolling_validation,seasonal_naive_52_week,HOUSEHOLD_1_008_WI_1,24,39.0,35.0,28.0,54.0,-4.0,71.7948717948718,-10.256410256410255,1.1666666666666667,1.5
rolling_validation,seasonal_naive_52_week,HOUSEHOLD_1_008_WI_2,24,75.0,78.0,39.0,137.0,3.0,52.0,4.0,1.625,2.3892118644719083
rolling_validation,seasonal_naive_52_week,HOUSEHOLD_1_008_WI_3,24,36.0,35.0,39.0,105.0,-1.0,108.33333333333333,-2.7777777777777777,1.625,2.091650066335189
rolling_validation,seasonal_naive_52_week,HOUSEHOLD_1_009_CA_1,24,92.0,117.0,49.0,175.0,25.0,53.2608695652174,27.173913043478258,2.0416666666666665,2.7003086243366083
rolling_validation,seasonal_naive_52_week,HOUSEHOLD_1_009_CA_2,24,108.0,69.0,53.0,191.0,-39.0,49.074074074074076,-36.11111111111111,2.2083333333333335,2.8210518133017928
rolling_validation,seasonal_naive_52_week,HOUSEHOLD_1_009_CA_3,24,115.0,173.0,86.0,420.0,58.0,74.78260869565217,50.43478260869565,3.5833333333333335,4.183300132670378
rolling_validation,seasonal_naive_52_week,HOUSEHOLD_1_009_CA_4,24,63.0,70.0,33.0,79.0,7.0,52.38095238095239,11.11111111111111,1.375,1.8142950880897701
rolling_validation,seasonal_naive_52_week,HOUSEHOLD_1_009_TX_1,24,53.0,45.0,40.0,124.0,-8.0,75.47169811320755,-15.09433962264151,1.6666666666666667,2.273030282830976
rolling_validation,seasonal_naive_52_week,HOUSEHOLD_1_009_TX_2,24,99.0,128.0,59.0,229.0,29.0,59.59595959595959,29.292929292929294,2.4583333333333335,3.088958832141773
rolling_validation,seasonal_naive_52_week,HOUSEHOLD_1_009_TX_3,24,86.0,57.0,53.0,195.0,-29.0,61.627906976744185,-33.72093023255814,2.2083333333333335,2.850438562747845
rolling_validation,seasonal_naive_52_week,HOUSEHOLD_1_009_WI_1,24,34.0,44.0,46.0,136.0,10.0,135.29411764705884,29.411764705882355,1.9166666666666667,2.3804761428476167
rolling_validation,seasonal_naive_52_week,HOUSEHOLD_1_009_WI_2,24,49.0,64.0,45.0,113.0,15.0,91.83673469387756,30.612244897959183,1.875,2.169869427715256
rolling_validation,seasonal_naive_52_week,HOUSEHOLD_1_009_WI_3,24,59.0,64.0,41.0,95.0,5.0,69.49152542372882,8.47457627118644,1.7083333333333333,1.9895560643855537
rolling_validation,seasonal_naive_52_week,HOUSEHOLD_1_010_CA_1,24,174.0,95.0,113.0,827.0,-79.0,64.9425287356322,-45.40229885057471,4.708333333333333,5.870122088452108
rolling_validation,seasonal_naive_52_week,HOUSEHOLD_1_010_CA_2,24,188.0,55.0,149.0,1659.0,-133.0,79.25531914893617,-70.74468085106383,6.208333333333333,8.314144574157945
rolling_validation,seasonal_naive_52_week,HOUSEHOLD_1_010_CA_3,24,271.0,90.0,229.0,2909.0,-181.0,84.50184501845018,-66.78966789667896,9.541666666666666,11.009465624331334
rolling_validation,seasonal_naive_52_week,HOUSEHOLD_1_010_CA_4,24,70.0,24.0,70.0,346.0,-46.0,100.0,-65.71428571428571,2.9166666666666665,3.7969285832981723
rolling_validation,seasonal_naive_52_week,HOUSEHOLD_1_010_TX_1,24,140.0,48.0,136.0,1112.0,-92.0,97.14285714285714,-65.71428571428571,5.666666666666667,6.8068592855540455
rolling_validation,seasonal_naive_52_week,HOUSEHOLD_1_010_TX_2,24,255.0,60.0,233.0,3681.0,-195.0,91.37254901960785,-76.47058823529412,9.708333333333334,12.384466076500836
rolling_validation,seasonal_naive_52_week,HOUSEHOLD_1_010_TX_3,24,142.0,43.0,165.0,1989.0,-99.0,116.19718309859155,-69.71830985915493,6.875,9.103570728016562
rolling_validation,seasonal_naive_52_week,HOUSEHOLD_1_010_WI_1,24,114.0,35.0,103.0,793.0,-79.0,90.35087719298247,-69.2982456140351,4.291666666666667,5.748188120326844
rolling_validation,seasonal_naive_52_week,HOUSEHOLD_1_010_WI_2,24,138.0,30.0,108.0,986.0,-108.0,78.26086956521739,-78.26086956521739,4.5,6.409628174343137
rolling_validation,seasonal_naive_52_week,HOUSEHOLD_1_010_WI_3,24,88.0,18.0,80.0,524.0,-70.0,90.9090909090909,-79.54545454545455,3.3333333333333335,4.672615256292062
rolling_validation,simple_exponential_smoothing,FOODS_1_001_CA_1,24,112.0,100.91478667814067,45.757656183664366,139.98231252160406,-11.085213321859333,40.85505016398604,-9.897511894517262,1.906569007652682,2.4150768838831684
rolling_validation,simple_exponential_smoothing,FOODS_1_001_CA_2,24,178.0,171.1894231410614,69.13742712994106,322.8959591682894,-6.810576858938582,38.8412511965961,-3.8261667746845966,2.8807261304142107,3.6679692336058007
rolling_validation,simple_exponential_smoothing,FOODS_1_001_CA_3,24,200.0,167.50672150059253,141.6528212230971,1238.3711253308813,-32.49327849940747,70.82641061154855,-16.246639249703733,5.902200884295713,7.183230254473729
rolling_validation,simple_exponential_smoothing,FOODS_1_001_CA_4,24,38.0,51.184428989951336,42.175996236213706,94.59046180885763,13.184428989951336,110.98946377950976,34.69586576302983,1.7573331765089044,1.9852630158333515
rolling_validation,simple_exponential_smoothing,FOODS_1_001_TX_1,24,112.0,86.31093680266973,86.54353364399469,938.5412862853484,-25.689063197330267,77.27101218213812,-22.93666356904488,3.605980568499779,6.253469991017481
rolling_validation,simple_exponential_smoothing,FOODS_1_001_TX_2,24,92.0,74.22334147010932,56.09337787580036,268.9354818296543,-17.776658529890685,60.97106290847864,-19.322454923794226,2.337224078158348,3.347483394467491
rolling_validation,simple_exponential_smoothing,FOODS_1_001_TX_3,24,67.0,96.13719523978233,52.91904605324816,165.26778216947235,29.137195239782333,78.98365082574352,43.488351104152734,2.2049602522186733,2.6241489268703257
rolling_validation,simple_exponential_smoothing,FOODS_1_001_WI_1,24,65.0,68.58883124649091,36.61191710299534,96.17089594984516,3.5888312464909147,56.32602631230053,5.5212788407552535,1.5254965459581393,2.001779374600728
rolling_validation,simple_exponential_smoothing,FOODS_1_001_WI_2,24,52.0,64.53796292808929,25.6030482984373,47.54963040482175,12.537962928089282,49.23663134314866,24.111467169402463,1.0667936791015542,1.4075633556614446
rolling_validation,simple_exponential_smoothing,FOODS_1_001_WI_3,24,26.0,34.894269147301586,28.62562856697882,44.344323451270256,8.894269147301584,110.098571411457,34.208727489621474,1.1927345236241174,1.3592939872606393
rolling_validation,simple_exponential_smoothing,FOODS_1_002_CA_1,24,65.0,63.84335175313135,33.090138585932095,72.60469938799349,-1.1566482468686488,50.90790551681861,-1.7794588413363825,1.3787557744138372,1.7393090029759124
rolling_validation,simple_exponential_smoothing,FOODS_1_002_CA_2,24,121.0,121.00626531109992,61.471015091085604,242.30837398400783,0.0062653110999306705,50.80249181081455,0.005177943057793942,2.5612922954619,3.177449016008543
rolling_validation,simple_exponential_smoothing,FOODS_1_002_CA_3,24,2.0,14.050574691888412,13.926024480034963,15.252063316467606,12.050574691888412,696.3012240017481,602.5287345944206,0.5802510200014568,0.7971841933870429
rolling_validation,simple_exponential_smoothing,FOODS_1_002_CA_4,24,37.0,41.802489455569614,35.614179215936936,88.09917641387611,4.80248945556961,96.25453842145117,12.979701231269217,1.4839241339973723,1.9159329365207014
rolling_validation,simple_exponential_smoothing,FOODS_1_002_TX_1,24,29.0,26.265030639735528,23.62216164650672,34.43260942046169,-2.734969360264472,81.45572981554041,-9.43092882849818,0.9842567352711132,1.1977863161624045
rolling_validation,simple_exponential_smoothing,FOODS_1_002_TX_2,24,31.0,38.89890536288398,25.780297770474547,45.63917727021885,7.898905362883983,83.16225087249855,25.480339880270915,1.0741790737697727,1.3789968768126775
rolling_validation,simple_exponential_smoothing,FOODS_1_002_TX_3,24,31.0,29.815676909302095,32.22362245629201,63.514091331653745,-1.1843230906979056,103.94716921384519,-3.8203970667674376,1.3426509356788339,1.626782244847859
rolling_validation,simple_exponential_smoothing,FOODS_1_002_WI_1,24,172.0,146.60984616176302,61.544632136230625,236.21637048256838,-25.39015383823697,35.78176286990153,-14.761717347812192,2.5643596723429427,3.1372517862146507
rolling_validation,simple_exponential_smoothing,FOODS_1_002_WI_2,24,78.0,72.2491757667029,43.6387486457865,129.5981339853054,-5.750824233297095,55.94711364844424,-7.3728515811501225,1.8182811935744374,2.323773278396093
rolling_validation,simple_exponential_smoothing,FOODS_1_002_WI_3,24,29.0,47.04783651697555,36.28630453773982,64.69295363491618,18.04783651697555,125.12518806117178,62.23391902405362,1.511929355739159,1.6418098960562315
rolling_validation,simple_exponential_smoothing,FOODS_1_003_CA_1,24,125.0,125.56564548686653,62.28991964939132,262.7794117056674,0.5656454868665293,49.83193571951306,0.45251638949322337,2.5954133187246384,3.3089487989998894
rolling_validation,simple_exponential_smoothing,FOODS_1_003_CA_2,24,167.0,184.6402704780054,60.97669655267075,263.74139950837264,17.640270478005398,36.512991947707036,10.56303621437449,2.5406956896946147,3.314999996910336
rolling_validation,simple_exponential_smoothing,FOODS_1_003_CA_3,24,106.0,105.35329608220991,52.110660030272086,181.0309628499302,-0.6467039177900844,49.16100002855857,-0.610098035651023,2.171277501261337,2.7464443896452297
rolling_validation,simple_exponential_smoothing,FOODS_1_003_CA_4,24,35.0,53.11562634632839,28.483466150191745,42.563027008262,18.11562634632839,81.3813318576907,51.758932418081116,1.1868110895913226,1.331712979090308
rolling_validation,simple_exponential_smoothing,FOODS_1_003_TX_1,24,32.0,40.72305152759366,30.144220795414537,56.53755766622977,8.72305152759366,94.20068998567042,27.259536023730185,1.256009199808939,1.5348392650131937
rolling_validation,simple_exponential_smoothing,FOODS_1_003_TX_2,24,59.0,50.45330101074371,30.16274592025775,50.10634987286113,-8.546698989256292,51.12329816992839,-14.4859304902649,1.2567810800107395,1.4449098857838438
rolling_validation,simple_exponential_smoothing,FOODS_1_003_TX_3,24,35.0,28.758852279194812,25.17009660493402,36.96773747670727,-6.2411477208051895,71.91456172838292,-17.83185063087197,1.0487540252055843,1.2410972543933867
rolling_validation,simple_exponential_smoothing,FOODS_1_003_WI_1,24,190.0,169.8675315099351,63.54863093810397,235.40449076981764,-20.132468490064895,33.446647862159985,-10.596036047402576,2.6478596224209987,3.1318557515860146
rolling_validation,simple_exponential_smoothing,FOODS_1_003_WI_2,24,5.0,24.11000858803554,22.021442694763138,28.070321710455435,19.11000858803554,440.42885389526276,382.2001717607108,0.9175601122817975,1.081478958619003
rolling_validation,simple_exponential_smoothing,FOODS_1_003_WI_3,24,35.0,33.153198036861475,28.47044275992764,50.90621616603446,-1.8468019631385266,81.34412217122183,-5.276577037538647,1.1862684483303183,1.4563970407314881
rolling_validation,simple_exponential_smoothing,FOODS_1_004_CA_1,24,840.0,1088.3659864318686,532.0914966079672,18454.353565940677,248.36598643186863,63.34422578666277,29.56737933712722,22.170479025331968,27.729612304914426
rolling_validation,simple_exponential_smoothing,FOODS_1_004_CA_2,24,589.0,937.4392199270685,595.2752853163273,22253.093089810645,348.4392199270685,101.06541346626949,59.15776229661604,24.803136888180305,30.45015947536964
rolling_validation,simple_exponential_smoothing,FOODS_1_004_CA_3,24,587.0,946.5453029956443,798.1421269351824,42740.36934897413,359.5453029956443,135.9696979446648,61.25132930079119,33.2559219556326,42.20010335146019
rolling_validation,simple_exponential_smoothing,FOODS_1_004_CA_4,24,383.0,387.36856392184234,159.44493608109772,1951.0671737453717,4.368563921842323,41.63053161386364,1.140617211969275,6.643539003379072,9.01634435748346
rolling_validation,simple_exponential_smoothing,FOODS_1_004_TX_1,24,1099.0,944.9323710015992,579.4639098159029,18471.367534087032,-154.06762899840083,52.726470410910174,-14.018892538526009,24.14432957566262,27.74239200069621
rolling_validation,simple_exponential_smoothing,FOODS_1_004_TX_2,24,313.0,358.2489291882392,310.3720700023389,5457.052207143411,45.248929188239146,99.16040575154597,14.456526897201005,12.932169583430786,15.07903098006109
rolling_validation,simple_exponential_smoothing,FOODS_1_004_TX_3,24,906.0,1147.6862465730528,410.2502594766129,11644.439089406927,241.6862465730528,45.28148559344513,26.676186155966093,17.093760811525538,22.02691449247084
rolling_validation,simple_exponential_smoothing,FOODS_1_004_WI_1,24,713.0,419.4293528516712,522.3740695581666,18118.316752480972,-293.5706471483288,73.26424537982702,-41.174003807619755,21.765586231590277,27.475987055731178
rolling_validation,simple_exponential_smoothing,FOODS_1_004_WI_2,24,1590.0,1612.0858352939613,578.783858108704,22197.72852543133,22.085835293961225,36.40150050998138,1.3890462449032217,24.115994087862664,30.41225666119345
rolling_validation,simple_exponential_smoothing,FOODS_1_004_WI_3,24,993.0,783.2385382319823,515.5485679931206,16380.731226611286,-209.76146176801774,51.9182847928621,-21.124014276738947,21.481190333046694,26.12528407071338
rolling_validation,simple_exponential_smoothing,FOODS_1_005_CA_1,24,263.0,249.44377885023616,132.33801213631347,1220.00034692564,-13.556221149763843,50.31863579327508,-5.154456710936822,5.514083839013061,7.129750892462397
rolling_validation,simple_exponential_smoothing,FOODS_1_005_CA_2,24,471.0,472.68326200193803,159.93941169010043,1459.893819561506,1.6832620019380045,33.957412248428966,0.35738046750276103,6.6641421537541845,7.799289015570335
rolling_validation,simple_exponential_smoothing,FOODS_1_005_CA_3,24,380.0,328.20186429578035,206.71580165927125,2624.6036904699286,-51.798135704219646,54.398895173492434,-13.631088343215698,8.613158402469635,10.457460834395398
rolling_validation,simple_exponential_smoothing,FOODS_1_005_CA_4,24,103.0,92.71050932847795,63.5802831754918,244.33196363144566,-10.28949067152205,61.72843026746777,-9.98979676846801,2.6491784656454915,3.190689343173912
rolling_validation,simple_exponential_smoothing,FOODS_1_005_TX_1,24,140.0,136.71592165839178,92.94760540688695,735.580291992447,-3.284078341608236,66.39114671920497,-2.345770244005883,3.8728168919536228,5.5361700509484555
rolling_validation,simple_exponential_smoothing,FOODS_1_005_TX_2,24,149.0,193.60658946101046,90.77199655314661,461.4508916344778,44.60658946101046,60.9208030558031,29.937308363094267,3.7821665230477755,4.384874055747772
rolling_validation,simple_exponential_smoothing,FOODS_1_005_TX_3,24,181.0,242.83214110675453,122.38243854606262,826.138721972035,61.832141106754534,67.61460693152631,34.16140392638372,5.099268272752609,5.867064576842051
rolling_validation,simple_exponential_smoothing,FOODS_1_005_WI_1,24,282.0,253.4041368994901,144.81010292140186,1307.791408557135,-28.595863100509888,51.351100326738255,-10.140376985996415,6.033754288391744,7.3818228568478
rolling_validation,simple_exponential_smoothing,FOODS_1_005_WI_2,24,300.0,179.93408624132258,153.4887418330243,2284.067127646161,-120.06591375867742,51.16291394434144,-40.02197125289248,6.395364243042679,9.755483773341195
rolling_validation,simple_exponential_smoothing,FOODS_1_005_WI_3,24,267.0,191.25221484731853,116.81688463465825,809.253230189101,-75.74778515268147,43.75164218526526,-28.369956986023027,4.8673701931107605,5.806796413790701
rolling_validation,simple_exponential_smoothing,FOODS_1_006_CA_1,24,254.0,263.4068277410072,105.02061409124653,719.3211224030125,9.40682774100722,41.34669846112068,3.7034754885855197,4.375858920468605,5.474642767656978
rolling_validation,simple_exponential_smoothing,FOODS_1_006_CA_2,24,138.0,200.37178989893226,97.84663285561795,485.92087475623475,62.37178989893227,70.90335714175214,45.196949202124834,4.076943035650748,4.499633664515714
rolling_validation,simple_exponential_smoothing,FOODS_1_006_CA_3,24,279.0,303.6677655021581,125.66537966149971,1042.7886701075543,24.66776550215812,45.041354717383406,8.841493011526207,5.236057485895821,6.591625590182447
rolling_validation,simple_exponential_smoothing,FOODS_1_006_CA_4,24,187.0,116.55435699282586,122.02042131999913,846.4843809598538,-70.44564300717414,65.2515622032081,-37.671466848756225,5.08418422166663,5.938870476782088
rolling_validation,simple_exponential_smoothing,FOODS_1_006_TX_1,24,71.0,60.98695411260563,55.4631963214222,317.388978850854,-10.013045887394371,78.11717791749606,-14.102881531541367,2.3109665133925916,3.63655617108443
rolling_validation,simple_exponential_smoothing,FOODS_1_006_TX_2,24,95.0,103.35698729937585,62.19752245838677,242.44897359402717,8.356987299375845,65.47107627198608,8.7968287361851,2.5915634357661155,3.178370740869888
rolling_validation,simple_exponential_smoothing,FOODS_1_006_TX_3,24,121.0,78.5194810491352,67.26742568854476,520.531020318762,-42.480518950864806,55.59291379218575,-35.107866901541165,2.802809403689365,4.657122771978612
rolling_validation,simple_exponential_smoothing,FOODS_1_006_WI_1,24,266.0,240.67586989527769,94.1381855517942,625.0566311158731,-25.324130104722315,35.39029532022338,-9.520349663429442,3.9224243979914246,5.103334821123802
rolling_validation,simple_exponential_smoothing,FOODS_1_006_WI_2,24,173.0,181.24408654208543,144.86369226242527,1753.8020891141655,8.244086542085409,83.73623830197992,4.76536794340197,6.035987177601053,8.548396752983775
rolling_validation,simple_exponential_smoothing,FOODS_1_006_WI_3,24,143.0,128.56661774620082,61.27470233724344,399.64058029565393,-14.433382253799186,42.84944219387653,-10.093274303356074,2.553112597385143,4.080648336435308
rolling_validation,simple_exponential_smoothing,FOODS_1_008_CA_1,24,56.0,63.06861728279258,37.39170262923387,91.38771729997599,7.06861728279258,66.77089755220334,12.622530862129608,1.5579876095514111,1.9513640240010746
rolling_validation,simple_exponential_smoothing,FOODS_1_008_CA_2,24,56.0,54.38652489131255,39.98360344157087,104.28445397996084,-1.6134751086874535,71.399291859948,-2.8812055512275956,1.6659834767321196,2.0845108736819697
rolling_validation,simple_exponential_smoothing,FOODS_1_008_CA_3,24,55.0,57.740680475178735,41.2383984669579,136.71008277133697,2.740680475178736,74.97890630355981,4.983055409415884,1.7182666027899123,2.386682519482997
rolling_validation,simple_exponential_smoothing,FOODS_1_008_CA_4,24,64.0,79.91954229962775,39.77488739268349,104.12353944090287,15.91954229962775,62.148261551067954,24.87428484316836,1.6572869746951453,2.08290201642747
rolling_validation,simple_exponential_smoothing,FOODS_1_008_TX_1,24,17.0,14.444968327883673,18.93527765369248,25.762690051318884,-2.5550316721163275,111.38398619819105,-15.029598071272515,0.7889699022371867,1.0360721108132163
rolling_validation,simple_exponential_smoothing,FOODS_1_008_TX_2,24,50.0,54.61790740479543,34.0967568720422,64.16809207188952,4.617907404795432,68.1935137440844,9.235814809590863,1.4206982030017583,1.6351362337724022
rolling_validation,simple_exponential_smoothing,FOODS_1_008_TX_3,24,38.0,42.3188737344468,34.91104356934391,68.90444575682523,4.318873734446799,91.87116728774714,11.36545719591263,1.4546268153893296,1.6944080303165028
rolling_validation,simple_exponential_smoothing,FOODS_1_008_WI_1,24,104.0,100.17606134791376,48.71166585677265,162.21459518432366,-3.823938652086241,46.83814024689678,-3.6768640885444626,2.0296527440321936,2.599796427802278
rolling_validation,simple_exponential_smoothing,FOODS_1_008_WI_2,24,47.0,46.13651086492307,34.924046524109734,113.61240939403511,-0.8634891350769363,74.30648196619092,-1.8372109256956088,1.455168605171239,2.1757413429491406
rolling_validation,simple_exponential_smoothing,FOODS_1_008_WI_3,24,41.0,41.84251030968011,36.77267975869165,84.33362903396916,0.8425103096801045,89.6894628260772,2.054903194341718,1.5321949899454854,1.8745402662382888
rolling_validation,simple_exponential_smoothing,FOODS_1_009_CA_1,24,170.0,213.40044216681562,118.57331338107552,839.2676644308698,43.40044216681562,69.7490078712209,25.52967186283272,4.94055472421148,5.91350031858906
rolling_validation,simple_exponential_smoothing,FOODS_1_009_CA_2,24,216.0,216.34437656379762,144.2925188122073,1285.1719354004686,0.34437656379762593,66.80209204268857,0.15943359435075274,6.012188283841971,7.317706651792363
rolling_validation,simple_exponential_smoothing,FOODS_1_009_CA_3,24,345.0,318.7164029177481,329.0889861353265,6163.395690666089,-26.2835970822519,95.38811192328303,-7.6184339368846095,13.712041088971937,16.025234905540504
rolling_validation,simple_exponential_smoothing,FOODS_1_009_CA_4,24,83.0,77.78271457598385,50.223410896584966,175.10580257849506,-5.217285424016161,60.51013361034333,-6.28588605303152,2.0926421206910404,2.7011247856101157
rolling_validation,simple_exponential_smoothing,FOODS_1_009_TX_1,24,45.0,37.191262664310706,45.28542840721708,164.55346916077113,-7.808737335689294,100.63428534937128,-17.3527496348651,1.8868928503007119,2.618471796366244
rolling_validation,simple_exponential_smoothing,FOODS_1_009_TX_2,24,3.0,21.06951482310973,24.05439200223937,58.6570956692336,18.06951482310973,801.8130667413124,602.3171607703243,1.0022663334266404,1.5633443807698717
rolling_validation,simple_exponential_smoothing,FOODS_1_009_TX_3,24,55.0,74.95003210763042,50.48815135443612,148.97091955849774,19.950032107630424,91.79663882624749,36.27278565023713,2.103672973101505,2.49140957055855
rolling_validation,simple_exponential_smoothing,FOODS_1_009_WI_1,24,110.0,102.93762199172515,65.89674968673157,266.1750103360721,-7.062378008274846,59.906136078846885,-6.420343643886224,2.745697903613815,3.3302590635969556
rolling_validation,simple_exponential_smoothing,FOODS_1_009_WI_2,24,113.0,83.19365607180791,71.89041201218762,330.17828859340136,-29.806343928192085,63.619833639104094,-26.377295511674408,2.995433833841151,3.7091007928326407
rolling_validation,simple_exponential_smoothing,FOODS_1_009_WI_3,24,62.0,63.26120716631229,57.243003441142186,212.891131730918,1.2612071663122908,92.32742490506804,2.0342051069553078,2.3851251433809244,2.97833238946253
rolling_validation,simple_exponential_smoothing,FOODS_1_010_CA_1,24,40.0,41.084080208142616,36.188408342474936,76.92824925933196,1.0840802081426157,90.47102085618735,2.710200520356539,1.5078503476031224,1.790347373874364
rolling_validation,simple_exponential_smoothing,FOODS_1_010_CA_2,24,83.0,72.807242845561,53.892366992781035,196.19414448833456,-10.192757154438986,64.93056264190487,-12.280430306552995,2.2455152913658765,2.859153024996611
rolling_validation,simple_exponential_smoothing,FOODS_1_010_CA_3,24,119.0,117.77556347973768,82.32534288271599,409.15321220289314,-1.2244365202623158,69.18096040564369,-1.0289382523212738,3.4302226201131663,4.128928493986531
rolling_validation,simple_exponential_smoothing,FOODS_1_010_CA_4,24,0.0,0.8122653673069478,0.8122653673069478,0.07019263522701288,0.8122653673069478,,,0.03384439030445616,0.054080432084616985
rolling_validation,simple_exponential_smoothing,FOODS_1_010_TX_1,24,68.0,75.37666213851786,35.19691842948913,75.65240429471031,7.3766621385178555,51.76017416101343,10.848032556643904,1.4665382678953804,1.7754389632650276
rolling_validation,simple_exponential_smoothing,FOODS_1_010_TX_2,24,143.0,102.80294237651836,76.73629249910049,401.92169471423017,-40.19705762348163,53.66174300636397,-28.10983050593121,3.1973455207958534,4.0922777618044925
rolling_validation,simple_exponential_smoothing,FOODS_1_010_TX_3,24,143.0,193.81321228353383,90.1253208282737,519.4373901426843,50.81321228353384,63.02469987991168,35.53371488359009,3.755221701178071,4.652227916738228
rolling_validation,simple_exponential_smoothing,FOODS_1_010_WI_1,24,216.0,209.8309299707195,59.519773815944454,205.36175587629862,-6.169070029280505,27.555450840715025,-2.8560509394817153,2.479990575664352,2.9251905627119594
rolling_validation,simple_exponential_smoothing,FOODS_1_010_WI_2,24,45.0,60.9624066480576,48.20979741137367,171.86871873496858,15.962406648057604,107.13288313638594,35.47201477346134,2.008741558807236,2.676041220526512
rolling_validation,simple_exponential_smoothing,FOODS_1_010_WI_3,24,88.0,54.48717599781423,57.57634636678629,297.3848736734566,-33.512824002185766,65.42766632589351,-38.08275454793837,2.399014431949429,3.520090397001289
rolling_validation,simple_exponential_smoothing,FOODS_1_011_CA_1,24,115.0,51.599343151166984,120.03886400491317,1036.1855404138723,-63.40065684883301,104.38162087383753,-55.131005955506964,5.0016193335380486,6.570722754556357
rolling_validation,simple_exponential_smoothing,FOODS_1_011_CA_2,24,164.0,99.36906915588213,188.9707825512784,2727.713326970898,-64.63093084411787,115.22608692151121,-39.4091041732426,7.8737826063032665,10.660896864575735
rolling_validation,simple_exponential_smoothing,FOODS_1_011_CA_3,24,127.0,141.3365659674077,118.22505243290341,907.7390845656992,14.33656596740769,93.09059246685308,11.288634620006055,4.9260438513709754,6.149996898934513
rolling_validation,simple_exponential_smoothing,FOODS_1_011_CA_4,24,80.0,38.82545546764899,87.32429095569165,599.9493337591418,-41.17454453235101,109.15536369461456,-51.46818066543876,3.6385121231538187,4.999788886206187
rolling_validation,simple_exponential_smoothing,FOODS_1_011_TX_1,24,73.0,39.440058849094065,94.09350814593073,715.7169809488214,-33.55994115090594,128.89521663826127,-45.97252212452869,3.92056283941378,5.460910260466433
rolling_validation,simple_exponential_smoothing,FOODS_1_011_TX_2,24,25.0,30.82133543063495,53.315066258436204,211.93824247012589,5.821335430634948,213.26026503374482,23.28534172253979,2.2214610941015085,2.971659486368166
rolling_validation,simple_exponential_smoothing,FOODS_1_011_TX_3,24,30.0,15.845057594394403,37.28079394568793,97.19846285336492,-14.154942405605597,124.26931315229311,-47.18314135201866,1.5533664144036639,2.0124452668889004
rolling_validation,simple_exponential_smoothing,FOODS_1_011_WI_1,24,60.0,37.0824035035344,71.01585022434465,450.9937545616505,-22.917596496465595,118.35975037390773,-38.195994160775996,2.9589937593476936,4.334905586061682
rolling_validation,simple_exponential_smoothing,FOODS_1_011_WI_2,24,57.0,26.152917952582058,63.497565050469895,356.1826324565087,-30.847082047417942,111.39923693064895,-54.117687802487616,2.645731877102912,3.852394452677607
rolling_validation,simple_exponential_smoothing,FOODS_1_011_WI_3,24,22.0,25.639469145229157,31.322868059713684,66.47566078210042,3.6394691452291577,142.37667299869855,16.543041569223444,1.3051195024880702,1.6642773805030773
rolling_validation,simple_exponential_smoothing,HOBBIES_1_001_CA_1,24,115.0,113.86072879611935,36.91312048317322,99.18761298375821,-1.1392712038806572,32.09836563754193,-0.9906706120701367,1.5380466867988842,2.0329331537600033
rolling_validation,simple_exponential_smoothing,HOBBIES_1_001_CA_2,24,105.0,105.928510419573,45.43282644827288,122.91266790392247,0.9285104195729943,43.269358522164644,0.884295637688566,1.8930344353447033,2.2630424571057954
rolling_validation,simple_exponential_smoothing,HOBBIES_1_001_CA_3,24,132.0,120.85790740267868,44.60443816668054,116.3636045489241,-11.142092597321316,33.791241035364045,-8.440979240394936,1.8585182569450225,2.201927229240748
rolling_validation,simple_exponential_smoothing,HOBBIES_1_001_CA_4,24,131.0,122.18376056771602,34.49076659611179,84.58018843795823,-8.816239432283979,26.32882946268076,-6.729953765102274,1.4371152748379912,1.8772784871319064
rolling_validation,simple_exponential_smoothing,HOBBIES_1_001_TX_1,24,39.0,36.66959980954511,23.825654213805926,31.946348809971674,-2.3304001904548883,61.09142106104084,-5.975385103730483,0.9927355922419135,1.1537321470264028
rolling_validation,simple_exponential_smoothing,HOBBIES_1_001_TX_2,24,106.0,83.99264384464945,53.6756446596991,177.16815683206073,-22.00735615535055,50.637400622357646,-20.761656750330708,2.2364851941541293,2.716984824151434
rolling_validation,simple_exponential_smoothing,HOBBIES_1_001_TX_3,24,104.0,101.13474720718793,36.79402122615248,80.43417535420596,-2.865252792812079,35.37886656360815,-2.755050762319307,1.5330842177563533,1.830689480248334
rolling_validation,simple_exponential_smoothing,HOBBIES_1_001_WI_1,24,76.0,58.217049178144194,41.98511045715094,113.74767660115478,-17.782950821855806,55.24356639098807,-23.39861950244185,1.749379602381289,2.177036179085712
rolling_validation,simple_exponential_smoothing,HOBBIES_1_001_WI_2,24,4.0,12.184375084471023,15.787834137009275,19.699769691234803,8.184375084471023,394.69585342523186,204.6093771117756,0.6578264223753865,0.9059932323890634
rolling_validation,simple_exponential_smoothing,HOBBIES_1_001_WI_3,24,44.0,45.80997107964714,31.7340309648795,64.08285971080258,1.8099710796471429,72.12279764745341,4.113570635561689,1.3222512902033126,1.634049924150659
rolling_validation,simple_exponential_smoothing,HOBBIES_1_002_CA_1,24,65.0,75.82482688545905,57.19997517030447,255.14614362983656,10.824826885459046,87.99996180046841,16.653579823783147,2.3833322987626864,3.2605351275380943
rolling_validation,simple_exponential_smoothing,HOBBIES_1_002_CA_2,24,18.0,27.039133707693686,21.94283357209682,29.490428134858774,9.039133707693686,121.90463095609346,50.21740948718715,0.9142847321707008,1.108498010351146
rolling_validation,simple_exponential_smoothing,HOBBIES_1_002_CA_3,24,29.0,33.850534241378135,22.14236743718845,30.742255392803724,4.850534241378135,76.3529911627188,16.725980142683223,0.9225986432161855,1.1317805918257693
rolling_validation,simple_exponential_smoothing,HOBBIES_1_002_CA_4,24,32.0,34.59505450938719,32.115826502633894,58.07666376620892,2.5950545093871877,100.36195782073092,8.109545341834961,1.3381594376097457,1.5555902385457119
rolling_validation,simple_exponential_smoothing,HOBBIES_1_002_TX_1,24,8.0,18.591647751558995,16.837727782817176,13.591381346715954,10.591647751558995,210.4715972852147,132.39559689448743,0.7015719909507157,0.7525340896684779
rolling_validation,simple_exponential_smoothing,HOBBIES_1_002_TX_2,24,31.0,31.218409144242756,25.659276246193144,40.355311353052656,0.21840914424275448,82.77185885868757,0.7045456265895306,1.0691365102580477,1.2967155842270093
rolling_validation,simple_exponential_smoothing,HOBBIES_1_002_TX_3,24,11.0,22.19194443619171,13.98508939510885,12.119239762983826,11.191944436191712,127.13717631917136,101.74494941992465,0.5827120581295354,0.7106112322906664
rolling_validation,simple_exponential_smoothing,HOBBIES_1_002_WI_1,24,151.0,142.31746151646252,110.1710595950574,1167.6050820722717,-8.682538483537495,72.96096661924331,-5.750025485786421,4.590460816460725,6.974970376497044
rolling_validation,simple_exponential_smoothing,HOBBIES_1_002_WI_2,24,104.0,89.02499969478517,53.10103429917981,169.48350758700093,-14.97500030521483,51.05868682613443,-14.39903875501426,2.2125430957991585,2.657407160396208
rolling_validation,simple_exponential_smoothing,HOBBIES_1_002_WI_3,24,70.0,54.1001558763212,34.778188615005476,122.91774112779285,-15.899844123678797,49.683126592864966,-22.714063033826854,1.4490911922918948,2.2630891601948364
rolling_validation,simple_exponential_smoothing,HOBBIES_1_003_CA_1,24,110.0,135.53141050181225,116.52434248549397,915.3888071631067,25.53141050181224,105.93122044135816,23.21037318346567,4.855180936895582,6.175856240106531
rolling_validation,simple_exponential_smoothing,HOBBIES_1_003_CA_2,24,61.0,37.157743978223564,39.610226945447714,111.69913325992037,-23.842256021776436,64.93479827122576,-39.085665609469565,1.650426122726988,2.1573434016161364
rolling_validation,simple_exponential_smoothing,HOBBIES_1_003_CA_3,24,64.0,73.22343294108717,47.897851738184556,151.89440268392516,9.223432941087173,74.84039334091337,14.411613970448709,1.9957438224243564,2.5157371574080525
rolling_validation,simple_exponential_smoothing,HOBBIES_1_003_CA_4,24,39.0,47.76436809924185,36.960778738560656,95.85841319028302,8.764368099241846,94.7712275347709,22.472738716004734,1.5400324474400273,1.9985245931924696
rolling_validation,simple_exponential_smoothing,HOBBIES_1_003_TX_1,24,36.0,34.499228958981554,28.699394246964516,53.720584719143424,-1.500771041018444,79.72053957490144,-4.168808447273456,1.1958080936235216,1.4961141990606788
rolling_validation,simple_exponential_smoothing,HOBBIES_1_003_TX_2,24,23.0,24.05768232234709,18.19773219362333,19.90104701910443,1.057682322347091,79.12057475488405,4.598618792813439,0.7582388414009721,0.9106098464560355
rolling_validation,simple_exponential_smoothing,HOBBIES_1_003_TX_3,24,34.0,46.13066117778849,34.536638683209276,73.49946456483032,12.130661177788488,101.57834906826257,35.678415228789675,1.4390266118003865,1.7499936257601807
rolling_validation,simple_exponential_smoothing,HOBBIES_1_003_WI_1,24,24.0,23.78417138675516,21.597535292206167,28.693808576312783,-0.21582861324484215,89.98973038419237,-0.8992858885201757,0.8998973038419237,1.0934236861099937
rolling_validation,simple_exponential_smoothing,HOBBIES_1_003_WI_2,24,17.0,18.972965349076624,18.709890665232496,21.430754092845,1.9729653490766257,110.05818038372057,11.605678523980151,0.7795787777180206,0.9449593045215625
rolling_validation,simple_exponential_smoothing,HOBBIES_1_003_WI_3,24,17.0,10.146190530751095,16.446653663295937,37.48441813199362,-6.853809469248904,96.74502154879963,-40.31652628969943,0.685277235970664,1.2497402752171085
rolling_validation,simple_exponential_smoothing,HOBBIES_1_004_CA_1,24,308.0,316.15773345249,108.21328200998755,650.5065369870528,8.157733452489964,35.13418247077518,2.648614757301936,4.508886750416148,5.206192374579256
rolling_validation,simple_exponential_smoothing,HOBBIES_1_004_CA_2,24,537.0,616.3599478460229,179.65694712924602,1692.912781126715,79.35994784602289,33.455669856470394,14.778388798142064,7.485706130385251,8.398692311720108
rolling_validation,simple_exponential_smoothing,HOBBIES_1_004_CA_3,24,1036.0,1030.8623588083706,115.18837698457182,962.891938164972,-5.137641191629314,11.118569207005002,-0.49591131193333143,4.799515707690492,6.334074314652497
rolling_validation,simple_exponential_smoothing,HOBBIES_1_004_CA_4,24,84.0,91.45586924450667,61.87800159788299,232.9815349457849,7.455869244506677,73.66428761652737,8.876034814888902,2.578250066578458,3.11569638380802
rolling_validation,simple_exponential_smoothing,HOBBIES_1_004_TX_1,24,125.0,166.18539564273527,84.21803900846695,431.4206887553086,41.18539564273527,67.37443120677355,32.94831651418822,3.5090849586861226,4.239795045927479
rolling_validation,simple_exponential_smoothing,HOBBIES_1_004_TX_2,24,49.0,0.6175114865337674,49.610473448011916,414.982264351097,-48.382488513466235,101.24586417961616,-98.73977247646171,2.06710306033383,4.158236126207326
rolling_validation,simple_exponential_smoothing,HOBBIES_1_004_TX_3,24,208.0,167.51066871961768,110.50798681835559,654.9073520947663,-40.4893312803823,53.128839816517115,-19.466024654029955,4.604499450764816,5.22377318968597
rolling_validation,simple_exponential_smoothing,HOBBIES_1_004_WI_1,24,56.0,72.49705094491635,31.08058865557058,60.286409637445736,16.49705094491635,55.50105117066175,29.45901954449348,1.2950245273154408,1.5849081155996307
rolling_validation,simple_exponential_smoothing,HOBBIES_1_004_WI_2,24,62.0,41.369123175492696,35.072600406695635,97.47767523878653,-20.630876824507304,56.568710333380054,-33.27560778146339,1.4613583502789849,2.015333670044766
rolling_validation,simple_exponential_smoothing,HOBBIES_1_004_WI_3,24,360.0,333.42756322976663,98.30804511958713,524.3897004445112,-26.57243677023338,27.307790310996428,-7.381232436175939,4.096168546649464,4.6743524526777644
rolling_validation,simple_exponential_smoothing,HOBBIES_1_005_CA_1,24,201.0,214.5424323410927,79.27415736626764,389.68508440409613,13.542432341092706,39.43987928670032,6.737528527906819,3.303089890261152,4.029501025789339
rolling_validation,simple_exponential_smoothing,HOBBIES_1_005_CA_2,24,265.0,261.4430099744248,86.95282468764438,484.5546829714313,-3.556990025575189,32.81238667458278,-1.3422603870095053,3.6230343619851824,4.493303735242363
rolling_validation,simple_exponential_smoothing,HOBBIES_1_005_CA_3,24,303.0,302.1662110269144,67.1223321947227,272.3685162731686,-0.8337889730855466,22.15258488274677,-0.275177878906121,2.7967638414467793,3.368781408469343
rolling_validation,simple_exponential_smoothing,HOBBIES_1_005_CA_4,24,319.0,313.9309845088856,77.55914405227564,376.7517163153176,-5.069015491114371,24.313211301653805,-1.5890330693148498,3.2316310021781516,3.9620686742918654
rolling_validation,simple_exponential_smoothing,HOBBIES_1_005_TX_1,24,99.0,84.55679435207092,48.84315676302569,163.66442089566178,-14.443205647929076,49.33652198285423,-14.589096614069774,2.035131531792737,2.611388686245802
rolling_validation,simple_exponential_smoothing,HOBBIES_1_005_TX_2,24,133.0,138.02486438381328,48.137433072891255,158.772476841581,5.0248643838132665,36.193558701422,3.7780935216641103,2.0057263780371355,2.5720652924059313
rolling_validation,simple_exponential_smoothing,HOBBIES_1_005_TX_3,24,113.0,132.88632696751617,44.2225955968565,131.39046945816528,19.886326967516162,39.135040351200445,17.598519440279787,1.8426081498690208,2.3397869334813843
rolling_validation,simple_exponential_smoothing,HOBBIES_1_005_WI_1,24,146.0,134.5859337013143,53.487992218146054,224.57821092994206,-11.41406629868569,36.63561110831922,-7.817853629236773,2.2286663424227524,3.0589909211068695
rolling_validation,simple_exponential_smoothing,HOBBIES_1_005_WI_2,24,99.0,72.40200301502854,54.81298402495534,198.9717356300062,-26.597996984971463,55.36665053025792,-26.866663621183296,2.2838743343731394,2.8793209242082742
rolling_validation,simple_exponential_smoothing,HOBBIES_1_005_WI_3,24,102.0,71.15602590489247,55.511425706888154,198.621612086601,-30.843974095107534,54.42296637930211,-30.23919028932111,2.3129760711203398,2.876786489054823
rolling_validation,simple_exponential_smoothing,HOBBIES_1_006_CA_1,24,87.0,39.09648701724452,86.40214314755933,482.17405664449007,-47.90351298275548,99.31280821558543,-55.061509175581016,3.600089297814972,4.482252301412808
rolling_validation,simple_exponential_smoothing,HOBBIES_1_006_CA_2,24,113.0,130.1970957099091,69.90978829582309,310.098370439345,17.1970957099091,61.86706928833902,15.218668769831062,2.9129078456592956,3.59454662439823
rolling_validation,simple_exponential_smoothing,HOBBIES_1_006_CA_3,24,179.0,188.08333491618072,62.30915195276086,244.01177172664558,9.083334916180718,34.80958209651445,5.0744887799892275,2.596214664698369,3.188597992108271
rolling_validation,simple_exponential_smoothing,HOBBIES_1_006_CA_4,24,0.0,0.0002925240591465154,0.0002925240591465154,4.049696310878135e-09,0.0002925240591465154,,,1.218850246443814e-05,1.298989400597976e-05
rolling_validation,simple_exponential_smoothing,HOBBIES_1_006_TX_1,24,71.0,86.87831845812055,41.15626575488487,95.30607246103337,15.878318458120543,57.966571485753335,22.363828814254287,1.7148444064535362,1.9927584782263648
rolling_validation,simple_exponential_smoothing,HOBBIES_1_006_TX_2,24,34.0,30.8126853652827,35.89343067230284,100.17161263522817,-3.1873146347173003,105.56891374206718,-9.374454807992059,1.4955596113459517,2.0429922156323816
rolling_validation,simple_exponential_smoothing,HOBBIES_1_006_TX_3,24,41.0,38.707716586631264,34.053991975228946,69.14084375924178,-2.292283413368732,83.05851701275353,-5.590935154557883,1.4189163323012062,1.6973121368706485
rolling_validation,simple_exponential_smoothing,HOBBIES_1_006_WI_1,24,396.0,427.9948444402623,109.8215961095312,894.3353943956251,31.994844440262284,27.732726290285658,8.079506171783406,4.575899837897134,6.104422557988952
rolling_validation,simple_exponential_smoothing,HOBBIES_1_006_WI_2,24,120.0,87.6527233755773,65.17184880682231,303.2139254332027,-32.3472766244227,54.30987400568525,-26.95606385368558,2.715493700284263,3.5544216913186846
rolling_validation,simple_exponential_smoothing,HOBBIES_1_006_WI_3,24,40.0,4.447857948467623,44.42394343571459,276.07081490482517,-35.55214205153238,111.05985858928649,-88.88035512883094,1.8509976431547746,3.3916000089978744
rolling_validation,simple_exponential_smoothing,HOBBIES_1_007_CA_1,24,50.0,38.603622460913854,32.76066614555143,81.51757636164702,-11.39637753908615,65.52133229110287,-22.7927550781723,1.365027756064643,1.8429773958828937
rolling_validation,simple_exponential_smoothing,HOBBIES_1_007_CA_2,24,33.0,25.01986999838307,19.134678954192648,28.231293299671997,-7.9801300016169305,57.9838756187656,-24.18221212611191,0.797278289758027,1.0845754411226234
rolling_validation,simple_exponential_smoothing,HOBBIES_1_007_CA_3,24,39.0,37.4283790967344,22.74547535165055,32.78622451085815,-1.5716209032655986,58.32173167089885,-4.02979718786051,0.9477281396521063,1.1687996782821353
rolling_validation,simple_exponential_smoothing,HOBBIES_1_007_CA_4,24,63.0,53.3598721021791,26.869499122358057,44.731546162250375,-9.6401278978209,42.64999860691755,-15.30179031400143,1.1195624634315857,1.3652158889447115
rolling_validation,simple_exponential_smoothing,HOBBIES_1_007_TX_1,24,37.0,32.01721827885551,25.839867917874123,41.03745417965298,-4.982781721144491,69.83748085911925,-13.46697762471484,1.0766611632447551,1.307629123319073
rolling_validation,simple_exponential_smoothing,HOBBIES_1_007_TX_2,24,23.0,27.09096820115188,22.926730928454695,29.464994663797096,4.090968201151882,99.68143881936824,17.78681826587775,0.955280455352279,1.1080199055033018
rolling_validation,simple_exponential_smoothing,HOBBIES_1_007_TX_3,24,30.0,25.753792049359113,21.126857229566564,28.10054045569469,-4.246207950640889,70.42285743188856,-14.154026502136297,0.8802857178986069,1.0820609281924063
rolling_validation,simple_exponential_smoothing,HOBBIES_1_007_WI_1,24,108.0,109.67959746263361,47.16548479456168,147.04323436969403,1.679597462633609,43.6717451801497,1.5551828357718602,1.9652285331067365,2.475237651634805
rolling_validation,simple_exponential_smoothing,HOBBIES_1_007_WI_2,24,41.0,34.99092475945166,27.854869833462107,48.51422687291129,-6.009075240548341,67.93870691088318,-14.656281074508149,1.1606195763942544,1.4217686589964758
rolling_validation,simple_exponential_smoothing,HOBBIES_1_007_WI_3,24,29.0,30.806206088127222,19.317214844573513,22.165533272550785,1.8062060881272224,66.61108567094315,6.228296855611112,0.8048839518572297,0.9610223131417307
rolling_validation,simple_exponential_smoothing,HOBBIES_1_008_CA_1,24,1999.0,1779.453336815909,763.357987946358,35513.75327277068,-219.5466631840908,38.18699289376478,-10.982824571490285,31.80658283109825,38.46738514246554
rolling_validation,simple_exponential_smoothing,HOBBIES_1_008_CA_2,24,685.0,710.1886169181827,337.22242688920846,6537.298233277104,25.188616918182674,49.22955137068737,3.6771703530193682,14.05093445371702,16.50416391055742
rolling_validation,simple_exponential_smoothing,HOBBIES_1_008_CA_3,24,1420.0,1286.2833482753394,308.7587696637047,7486.659955028951,-133.7166517246606,21.74357532842991,-9.416665614412718,12.864948735987696,17.661941138868993
rolling_validation,simple_exponential_smoothing,HOBBIES_1_008_CA_4,24,942.0,908.2355228535541,306.54492607077674,6819.159582281611,-33.76447714644581,32.54192421133511,-3.5843393998350117,12.77270525294903,16.85620506702899
rolling_validation,simple_exponential_smoothing,HOBBIES_1_008_TX_1,24,149.0,280.25007470989226,207.17538371196724,2633.171082609725,131.25007470989223,139.04388168588406,88.08729846301492,8.632307654665302,10.474514870647004
rolling_validation,simple_exponential_smoothing,HOBBIES_1_008_TX_2,24,1072.0,1418.155186014675,452.713567478082,11314.056952989135,346.15518601467517,42.230743234895705,32.290595710324176,18.863065311586748,21.712186433150407
rolling_validation,simple_exponential_smoothing,HOBBIES_1_008_TX_3,24,424.0,393.96023643439105,217.48710737393765,3149.0332203040025,-30.03976356560898,51.29412909762681,-7.0848498975492875,9.061962807247403,11.454681030594731
rolling_validation,simple_exponential_smoothing,HOBBIES_1_008_WI_1,24,422.0,424.1584376934057,195.83337337623195,2551.8597454210662,2.1584376934056877,46.40601264839619,0.511478126399452,8.15972389067633,10.311522166612669
rolling_validation,simple_exponential_smoothing,HOBBIES_1_008_WI_2,24,388.0,416.0353006413201,141.48904315114913,1572.6699944939305,28.035300641320077,36.46624823483225,7.2255929487938335,5.8953767979645475,8.09493152764414
rolling_validation,simple_exponential_smoothing,HOBBIES_1_008_WI_3,24,241.0,236.10537139616355,127.52304587649995,1348.46730164984,-4.894628603836466,52.914126919709524,-2.0309662256582848,5.313460244854165,7.4957412954786085
rolling_validation,simple_exponential_smoothing,HOBBIES_1_009_CA_1,24,7.0,28.750623707800276,31.843852098999847,50.05013406437145,21.750623707800276,454.912172842855,310.7231958257182,1.3268271707916603,1.444099114563174
rolling_validation,simple_exponential_smoothing,HOBBIES_1_009_CA_2,24,97.0,82.8183691467002,64.28041008808705,248.37901872360686,-14.181630853299788,66.26846400833716,-14.620237993092566,2.6783504203369604,3.2170057165243406
rolling_validation,simple_exponential_smoothing,HOBBIES_1_009_CA_3,24,220.0,248.0201314198681,90.97678644746102,487.6174571904905,28.02013141986812,41.35308474884592,12.736423372667327,3.790699435310876,4.507482007684975
rolling_validation,simple_exponential_smoothing,HOBBIES_1_009_CA_4,24,430.0,328.9215871013954,149.46985338567015,1611.9014561755364,-101.07841289860458,34.76043101992329,-23.506607650838273,6.227910557736256,8.195276729554694
rolling_validation,simple_exponential_smoothing,HOBBIES_1_009_TX_1,24,120.0,110.79975232314672,72.11855918433619,321.71244939407273,-9.200247676853273,60.09879932028016,-7.666873064044394,3.004939966014008,3.6612409633100764
rolling_validation,simple_exponential_smoothing,HOBBIES_1_009_TX_2,24,64.0,52.88849686498883,63.39788729475484,226.14082483295735,-11.11150313501117,99.05919889805443,-17.36172364845495,2.6415786372814516,3.0696146937425044
rolling_validation,simple_exponential_smoothing,HOBBIES_1_009_TX_3,24,84.0,63.44704323720333,56.13823919069917,188.33250649309173,-20.55295676279667,66.83123713178473,-24.467805669996036,2.339093299612465,2.801283236401755
rolling_validation,simple_exponential_smoothing,HOBBIES_1_009_WI_1,24,121.0,132.24247599589782,67.17328307463885,295.81715935879777,11.242475995897827,55.51510997904037,9.291302475948617,2.7988867947766187,3.5107997626300533
rolling_validation,simple_exponential_smoothing,HOBBIES_1_009_WI_2,24,33.0,30.772885664197013,18.0985940803761,21.683078464669713,-2.2271143358029875,54.84422448598818,-6.748831320615113,0.7541080866823374,0.9505059719405088
rolling_validation,simple_exponential_smoothing,HOBBIES_1_009_WI_3,24,37.0,44.67292083403983,36.49551414345651,75.78823000197889,7.67292083403983,98.63652471204463,20.737623875783324,1.5206464226440213,1.777032052819847
rolling_validation,simple_exponential_smoothing,HOBBIES_1_010_CA_1,24,108.0,99.9468322525179,38.76824534347661,89.32695279836281,-8.05316774748211,35.896523466182046,-7.456636803224176,1.615343555978192,1.9292372499509878
rolling_validation,simple_exponential_smoothing,HOBBIES_1_010_CA_2,24,51.0,95.54204833353526,57.168996634392464,217.7077038375207,44.54204833353527,112.0960718321421,87.33734967359857,2.3820415264330195,3.0118357071001336
rolling_validation,simple_exponential_smoothing,HOBBIES_1_010_CA_3,24,129.0,124.03645964212353,50.24086471562771,156.33700085828048,-4.963540357876468,38.94640675630055,-3.847705703780208,2.0933693631511545,2.5522620755769485
rolling_validation,simple_exponential_smoothing,HOBBIES_1_010_CA_4,24,28.0,28.175934596009967,21.64267397951804,26.950138747090357,0.1759345960099683,77.29526421256443,0.628337842892744,0.9017780824799183,1.0596803517077362
rolling_validation,simple_exponential_smoothing,HOBBIES_1_010_TX_1,24,88.0,81.46448131308532,35.90077323724526,71.96010550010665,-6.535518686914678,40.79633322414234,-7.426725780584861,1.495865551551886,1.7315708848242715
rolling_validation,simple_exponential_smoothing,HOBBIES_1_010_TX_2,24,123.0,164.69385274361485,50.921488452605516,178.8604575103203,41.69385274361486,41.39958410780936,33.89744125497143,2.12172868552523,2.7299302304143254
rolling_validation,simple_exponential_smoothing,HOBBIES_1_010_TX_3,24,92.0,74.52824885431252,42.61809453340384,116.70446135133193,-17.47175114568747,46.324015797178085,-18.99103385400812,1.7757539388918266,2.2051498565038226
rolling_validation,simple_exponential_smoothing,HOBBIES_1_010_WI_1,24,85.0,92.19514556356816,38.99059136733331,81.53539615678064,7.195145563568161,45.8712839615686,8.464877133609601,1.6246079736388879,1.8431788229032995
rolling_validation,simple_exponential_smoothing,HOBBIES_1_010_WI_2,24,65.0,62.29885143027116,37.362090374664064,86.75456402441226,-2.7011485697288435,57.48013903794471,-4.155613184198221,1.5567537656110026,1.9012557694895176
rolling_validation,simple_exponential_smoothing,HOBBIES_1_010_WI_3,24,58.0,64.45867034800985,41.77429095764754,119.1050333545814,6.458670348009846,72.02463958215093,11.135638531051459,1.7405954565686474,2.2277140128633115
rolling_validation,simple_exponential_smoothing,HOUSEHOLD_1_001_CA_1,24,167.0,144.22046487740766,85.79284748087726,456.36032435545604,-22.77953512259235,51.37296256339956,-13.64044019316907,3.5747019783698857,4.360620771726277
rolling_validation,simple_exponential_smoothing,HOUSEHOLD_1_001_CA_2,24,13.0,4.013523970224083e-09,13.0000000040135,60.9999999999999,-12.999999995986476,100.00000003087308,-99.99999996912675,0.5416666668338959,1.5942605391424147
rolling_validation,simple_exponential_smoothing,HOUSEHOLD_1_001_CA_3,24,8.0,3.208053233871527,9.972957589662407,17.89336290474054,-4.791946766128472,124.66196987078008,-59.8993345766059,0.41553989956926696,0.8634563032936423
rolling_validation,simple_exponential_smoothing,HOUSEHOLD_1_001_CA_4,24,97.0,114.66169165712326,38.05171684601718,93.00675106679168,17.661691657123257,39.22857406805895,18.207929543426037,1.5854882019173824,1.9685734160680046
rolling_validation,simple_exponential_smoothing,HOUSEHOLD_1_001_TX_1,24,65.0,63.03829821809215,33.53775672905437,66.55792866311484,-1.9617017819078484,51.5965488139298,-3.01800274139669,1.3974065303772656,1.6653068869219825
rolling_validation,simple_exponential_smoothing,HOUSEHOLD_1_001_TX_2,24,47.0,71.40007933110803,44.184244699553375,118.36491986873453,24.40007933110803,94.00903127564548,51.91506240661283,1.841010195814724,2.2207817680261317
rolling_validation,simple_exponential_smoothing,HOUSEHOLD_1_001_TX_3,24,5.0,0.00020304747832753503,5.00020196816556,12.999997305867915,-4.999796952521673,100.0040393633112,-99.99593905043346,0.208341748673565,0.7359799959313861
rolling_validation,simple_exponential_smoothing,HOUSEHOLD_1_001_WI_1,24,226.0,268.8467549691383,62.82647860065956,309.55947398388395,42.84675496913833,27.799326814451135,18.958741136786873,2.6177699416941485,3.5914219211887604
rolling_validation,simple_exponential_smoothing,HOUSEHOLD_1_001_WI_2,24,29.0,41.77675200460451,31.828074032952287,67.83621313050823,12.776752004604509,109.75197942397341,44.057765533118996,1.326169751373012,1.6812224363354906
rolling_validation,simple_exponential_smoothing,HOUSEHOLD_1_001_WI_3,24,61.0,40.94915670083005,41.85959022913903,105.29983174176316,-20.050843299169948,68.62227906416234,-32.87023491667205,1.7441495928807929,2.0946343330615327
rolling_validation,simple_exponential_smoothing,HOUSEHOLD_1_002_CA_1,24,27.0,48.1618507107305,47.60689288464914,154.165966724452,21.161850710730498,176.32182549870052,78.3772248545574,1.983620536860381,2.5344786341281647
rolling_validation,simple_exponential_smoothing,HOUSEHOLD_1_002_CA_2,24,139.0,131.1373210623838,116.63149896359054,792.7554729416253,-7.8626789376162165,83.90755321121623,-5.656603552241882,4.859645790149606,5.747301805128593
rolling_validation,simple_exponential_smoothing,HOUSEHOLD_1_002_CA_3,24,175.0,187.00734936069648,52.1198143804517,190.32700563499827,12.00734936069648,29.782751074543828,6.8613424918265595,2.1716589325188207,2.8160773962123735
rolling_validation,simple_exponential_smoothing,HOUSEHOLD_1_002_CA_4,24,151.0,129.2812187151129,43.325302083211895,118.09511096089497,-21.71878128488708,28.692253035239666,-14.38329886416363,1.805220920133829,2.218249224810103
rolling_validation,simple_exponential_smoothing,HOUSEHOLD_1_002_TX_1,24,73.0,65.54072683297049,28.95839249590272,54.63726430265139,-7.459273167029512,39.669030816305096,-10.218182420588372,1.2065996873292801,1.5088249332766017
rolling_validation,simple_exponential_smoothing,HOUSEHOLD_1_002_TX_2,24,93.0,90.1656105364164,63.11671318253002,249.46998229954534,-2.834389463583605,67.86743352960217,-3.0477306060038765,2.629863049272084,3.224063057046867
rolling_validation,simple_exponential_smoothing,HOUSEHOLD_1_002_TX_3,24,53.0,47.768869879351534,37.488361469765266,90.05185655799468,-5.231130120648464,70.73275749012315,-9.870056831412196,1.5620150612402195,1.9370494805028717
rolling_validation,simple_exponential_smoothing,HOUSEHOLD_1_002_WI_1,24,306.0,260.38880072910274,114.7113959748859,818.4904255457328,-45.61119927089723,37.48738430551827,-14.905620676763801,4.77964149895358,5.839843125553306
rolling_validation,simple_exponential_smoothing,HOUSEHOLD_1_002_WI_2,24,77.0,84.9542867219435,46.658121339103886,145.75280997205104,7.954286721943507,60.594962778056995,10.33024249603053,1.9440883891293286,2.4643526023756137
rolling_validation,simple_exponential_smoothing,HOUSEHOLD_1_002_WI_3,24,38.0,53.49722542095519,25.737116093264444,38.03045012848719,15.497225420955193,67.72925287701169,40.7821721604084,1.0723798372193518,1.2588097905112456
rolling_validation,simple_exponential_smoothing,HOUSEHOLD_1_003_CA_1,24,144.0,173.54454323914752,56.05461326350455,227.63701143403733,29.544543239147508,38.92681476632261,20.51704391607466,2.3356088859793562,3.079752502461557
rolling_validation,simple_exponential_smoothing,HOUSEHOLD_1_003_CA_2,24,238.0,244.81089580418927,44.65515749342711,137.08038328509798,6.810895804189258,18.762671215725675,2.8617209261299403,1.8606315622261296,2.3899126839445586
rolling_validation,simple_exponential_smoothing,HOUSEHOLD_1_003_CA_3,24,424.0,437.8737206790365,130.39152614958653,1228.7052778302248,13.873720679036495,30.752718431506253,3.2721039337350226,5.432980256232772,7.155141734649708
rolling_validation,simple_exponential_smoothing,HOUSEHOLD_1_003_CA_4,24,155.0,165.5678323024455,81.28997212561124,413.97801127135335,10.567832302445513,52.445143306845964,6.817956324158396,3.3870821719004685,4.153201632833766
rolling_validation,simple_exponential_smoothing,HOUSEHOLD_1_003_TX_1,24,51.0,64.82317687745181,28.098774047521605,45.058455798337384,13.823176877451813,55.09563538729726,27.104268387160417,1.1707822519800668,1.3701954817704143
rolling_validation,simple_exponential_smoothing,HOUSEHOLD_1_003_TX_2,24,78.0,95.10229371473467,33.8237936321774,73.96737359308628,17.102293714734675,43.363837989971024,21.926017582993175,1.4093247346740583,1.7555551542779646
rolling_validation,simple_exponential_smoothing,HOUSEHOLD_1_003_TX_3,24,55.0,92.09802227037888,42.091373309623485,125.11041256640011,37.09802227037888,76.52976965386088,67.45094958250705,1.7538072212343119,2.283185024682261
rolling_validation,simple_exponential_smoothing,HOUSEHOLD_1_003_WI_1,24,234.0,209.3563987728669,111.47999948735013,869.5932849857069,-24.64360122713311,47.6410254219445,-10.53145351586885,4.644999978639588,6.019389798066838
rolling_validation,simple_exponential_smoothing,HOUSEHOLD_1_003_WI_2,24,217.0,259.0730664607862,132.84354872488075,1166.5467883291228,42.07306646078623,61.21822521883905,19.388509889763238,5.5351478635366975,6.971808673535162
rolling_validation,simple_exponential_smoothing,HOUSEHOLD_1_003_WI_3,24,71.0,58.39502363255958,42.51468462876713,115.73676423807845,-12.604976367440422,59.87983750530581,-17.753487841465383,1.771445192865297,2.1959884281540742
rolling_validation,simple_exponential_smoothing,HOUSEHOLD_1_004_CA_1,24,422.0,386.87966752473716,138.51894565971884,1320.5589841462943,-35.12033247526283,32.82439470609451,-8.322353667123892,5.7716227358216186,7.417768600198823
rolling_validation,simple_exponential_smoothing,HOUSEHOLD_1_004_CA_2,24,513.0,475.14364547539947,248.34269767862614,3501.532823873179,-37.856354524600505,48.40988258842614,-7.379406340078071,10.34761240327609,12.078791371437616
rolling_validation,simple_exponential_smoothing,HOUSEHOLD_1_004_CA_3,24,1823.0,1660.1314596242164,435.20162987461305,13485.452816749978,-162.8685403757836,23.87282665247466,-8.934094370586045,18.133401244775545,23.704300609057892
rolling_validation,simple_exponential_smoothing,HOUSEHOLD_1_004_CA_4,24,169.0,131.60931533622963,101.4555929057271,664.2060812234193,-37.390684663770365,60.032895210489414,-22.124665481520925,4.227316371071963,5.260727457710496
rolling_validation,simple_exponential_smoothing,HOUSEHOLD_1_004_TX_1,24,162.0,88.54995485718894,99.89867749684974,780.4805862690368,-73.45004514281106,61.665850306697365,-45.339534038772264,4.162444895702072,5.702633113560483
rolling_validation,simple_exponential_smoothing,HOUSEHOLD_1_004_TX_2,24,295.0,308.9962620551448,88.37881707728997,387.84917493105456,13.99626205514484,29.95892104314914,4.744495611913505,3.6824507115537486,4.019997797113071
rolling_validation,simple_exponential_smoothing,HOUSEHOLD_1_004_TX_3,24,400.0,341.1626044225008,170.9422221174328,1669.1160864901965,-58.83739557749921,42.7355555293582,-14.709348894374802,7.122592588226367,8.339454634672352
rolling_validation,simple_exponential_smoothing,HOUSEHOLD_1_004_WI_1,24,259.0,221.92924593156792,97.89795310839352,622.7267575801177,-37.07075406843208,37.79843749358823,-14.313032458854085,4.0790813795163965,5.093814703393215
rolling_validation,simple_exponential_smoothing,HOUSEHOLD_1_004_WI_2,24,875.0,744.2594656391532,295.20428365877694,5433.091570333478,-130.74053436084682,33.737632418145935,-14.941775355525353,12.300178485782373,15.045890316978971
rolling_validation,simple_exponential_smoothing,HOUSEHOLD_1_004_WI_3,24,497.0,294.5466363852769,289.2732025852094,5847.09967720572,-202.4533636147231,58.2038636992373,-40.73508322227829,12.053050107717057,15.608624321730119
rolling_validation,simple_exponential_smoothing,HOUSEHOLD_1_005_CA_1,24,250.0,305.2538031841722,109.4205183457131,884.2617098078873,55.25380318417223,43.768207338285244,22.101521273668894,4.559188264404713,6.069945461753505
rolling_validation,simple_exponential_smoothing,HOUSEHOLD_1_005_CA_2,24,353.0,377.41502593645987,160.4119107660965,1765.9892588121616,24.415025936459898,45.44246763912082,6.916437942339915,6.68382961525402,8.578046734766609
rolling_validation,simple_exponential_smoothing,HOUSEHOLD_1_005_CA_3,24,35.0,0.00026726307362424516,35.00026724276289,634.9999998310548,-34.999732736926376,100.00076355075112,-99.99923639121822,1.4583444684484537,5.143766453319391
rolling_validation,simple_exponential_smoothing,HOUSEHOLD_1_005_CA_4,24,115.0,92.25561849521526,50.04221913810676,164.40225715870733,-22.744381504784744,43.5149731635711,-19.777723047638908,2.0850924640877815,2.617268432599047
rolling_validation,simple_exponential_smoothing,HOUSEHOLD_1_005_TX_1,24,143.0,154.39982449348378,82.52795042991916,417.08640828991327,11.39982449348377,57.71185344749592,7.97190524019844,3.4386646012466318,4.168764846499866
rolling_validation,simple_exponential_smoothing,HOUSEHOLD_1_005_TX_2,24,334.0,407.81493847889976,202.75675417745526,2596.9138813318195,73.81493847889979,60.7056150231902,22.100280981706526,8.448198090727303,10.402150982152321
rolling_validation,simple_exponential_smoothing,HOUSEHOLD_1_005_TX_3,24,133.0,149.43009872694836,114.37393882258672,758.0194744405388,16.43009872694836,85.99544272374942,12.353457689434856,4.765580784274447,5.619977292512469
rolling_validation,simple_exponential_smoothing,HOUSEHOLD_1_005_WI_1,24,171.0,203.39226061283512,106.08500224813115,802.1889280083296,32.3922606128351,62.03801301060301,18.942842463646258,4.4202084270054645,5.781395909900457
rolling_validation,simple_exponential_smoothing,HOUSEHOLD_1_005_WI_2,24,141.0,117.04441346140436,89.34657158172513,534.6641771619568,-23.955586538595647,63.36636282391853,-16.989777686947267,3.7227738159052137,4.719923097722553
rolling_validation,simple_exponential_smoothing,HOUSEHOLD_1_005_WI_3,24,433.0,461.5378410845301,211.01804279622166,2364.8625098487023,28.53784108453013,48.733959075339875,6.5907254236790145,8.79241844984257,9.926526981294243
rolling_validation,simple_exponential_smoothing,HOUSEHOLD_1_006_CA_1,24,281.0,315.9167754826585,72.8892137617022,310.6348484321759,34.91677548265852,25.939221979253453,12.425898748277055,3.037050573404258,3.5976546088631127
rolling_validation,simple_exponential_smoothing,HOUSEHOLD_1_006_CA_2,24,224.0,239.64669263100012,103.20600560461801,629.4041176799766,15.646692631000107,46.07410964491876,6.985130638839333,4.300250233525751,5.121051803096608
rolling_validation,simple_exponential_smoothing,HOUSEHOLD_1_006_CA_3,24,234.0,221.24158995887848,84.67689085363024,544.3837646890664,-12.758410041121522,36.18670549300438,-5.452311983385266,3.5282037855679267,4.762631296042602
rolling_validation,simple_exponential_smoothing,HOUSEHOLD_1_006_CA_4,24,109.0,108.8742167747142,55.05078004143453,182.72810539076602,-0.125783225285808,50.50530279030691,-0.11539745439064952,2.293782501726439,2.7592881433349046
rolling_validation,simple_exponential_smoothing,HOUSEHOLD_1_006_TX_1,24,168.0,153.21729748327908,58.758139627514964,218.43664727547065,-14.782702516720931,34.97508311161605,-8.799227688524363,2.4482558178131235,3.0168737079651304
rolling_validation,simple_exponential_smoothing,HOUSEHOLD_1_006_TX_2,24,190.0,178.20699198766007,58.41231776283398,229.6340202631742,-11.793008012339918,30.74332513833367,-6.206846322284167,2.4338465734514156,3.093231995442996
rolling_validation,simple_exponential_smoothing,HOUSEHOLD_1_006_TX_3,24,182.0,197.76050986230712,62.98188907704599,265.47422226497457,15.760509862307131,34.60543355881648,8.659620803465456,2.6242453782102495,3.3258722055586074
rolling_validation,simple_exponential_smoothing,HOUSEHOLD_1_006_WI_1,24,89.0,82.82973753227881,30.292565616930297,51.407085601417876,-6.170262467721187,34.03659058082056,-6.932879177214817,1.2621902340387623,1.4635442938493792
rolling_validation,simple_exponential_smoothing,HOUSEHOLD_1_006_WI_2,24,81.0,82.62763940942311,37.621705254814124,89.96012698198169,1.6276394094231144,46.446549697301386,2.009431369658166,1.567571052283922,1.9360626602073696
rolling_validation,simple_exponential_smoothing,HOUSEHOLD_1_006_WI_3,24,107.0,113.91670333018622,44.80902146065421,112.3697325531287,6.916703330186223,41.877590150144115,6.464208719800209,1.867042560860592,2.163809647291946
rolling_validation,simple_exponential_smoothing,HOUSEHOLD_1_007_CA_1,24,365.0,349.5406282687578,99.75821294763739,591.5427623451833,-15.459371731242186,27.331017245928052,-4.235444309929366,4.156592206151558,4.9646364517168795
rolling_validation,simple_exponential_smoothing,HOUSEHOLD_1_007_CA_2,24,268.0,258.3726512405255,72.01578515860936,283.36491199591416,-9.627348759474515,26.87156162634678,-3.5922943132367595,3.0006577149420566,3.436112823113218
rolling_validation,simple_exponential_smoothing,HOUSEHOLD_1_007_CA_3,24,286.0,250.0887840673695,114.87969896775094,732.0088488131015,-35.91121593263051,40.167726911801026,-12.556369207213466,4.786654123656289,5.522713889071739
rolling_validation,simple_exponential_smoothing,HOUSEHOLD_1_007_CA_4,24,171.0,158.15541365543683,68.3311528496015,298.674754036321,-12.844586344563169,39.959738508538884,-7.51145400266852,2.8471313687333955,3.5277161759671145
rolling_validation,simple_exponential_smoothing,HOUSEHOLD_1_007_TX_1,24,258.0,252.69977070333488,62.5398075072199,248.69700534305278,-5.300229296665108,24.24023546791469,-2.0543524405678713,2.605825312800829,3.2190643396221827
rolling_validation,simple_exponential_smoothing,HOUSEHOLD_1_007_TX_2,24,231.0,239.86569891754723,104.08864082985458,594.5135534848471,8.865698917547235,45.060017675261726,3.837964899371097,4.337026701243941,4.977087307036981
rolling_validation,simple_exponential_smoothing,HOUSEHOLD_1_007_TX_3,24,121.0,119.737607343009,112.83984488850233,748.3876237387885,-1.2623926569909987,93.25607015578706,-1.0432997165214866,4.701660203687597,5.584157739156628
rolling_validation,simple_exponential_smoothing,HOUSEHOLD_1_007_WI_1,24,281.0,349.6590469267808,84.29196190860058,410.88947534210155,68.65904692678079,29.997139469252875,24.433824529103486,3.5121650795250243,4.137679882001615
rolling_validation,simple_exponential_smoothing,HOUSEHOLD_1_007_WI_2,24,347.0,351.73897096449684,92.51739740465261,524.4554966160327,4.738970964496829,26.66207418001516,1.3656976842930344,3.8548915585271923,4.67464569341906
rolling_validation,simple_exponential_smoothing,HOUSEHOLD_1_007_WI_3,24,196.0,220.44347042032894,75.22667870465973,367.32851456956394,24.443470420328936,38.380958522785576,12.471158377718846,3.134444946027489,3.912205870571209
rolling_validation,simple_exponential_smoothing,HOUSEHOLD_1_008_CA_1,24,71.0,78.53663634273914,35.60696394982922,82.09983180555,7.53663634273914,50.150653450463686,10.614980764421324,1.4836234979095508,1.8495476001528726
rolling_validation,simple_exponential_smoothing,HOUSEHOLD_1_008_CA_2,24,59.0,63.01002554493312,30.46100728226291,71.37090084809843,4.0100255449331215,51.62882590214052,6.796653465988342,1.2692086367609545,1.7244673193010747
rolling_validation,simple_exponential_smoothing,HOUSEHOLD_1_008_CA_3,24,94.0,100.2642373870346,41.64376011631976,102.95766831880859,6.2642373870346,44.30187246416996,6.6640823266325535,1.7351566715133233,2.07120806454036
rolling_validation,simple_exponential_smoothing,HOUSEHOLD_1_008_CA_4,24,45.0,42.38643400415491,23.9352737473535,39.011303583770555,-2.6135659958450943,53.18949721634111,-5.807924435211321,0.9973030728063957,1.274939599611333
rolling_validation,simple_exponential_smoothing,HOUSEHOLD_1_008_TX_1,24,33.0,33.42861473511893,24.769830560293425,36.04025122381694,0.42861473511893067,75.06009260694977,1.2988325306634263,1.0320762733455593,1.225429367334448
rolling_validation,simple_exponential_smoothing,HOUSEHOLD_1_008_TX_2,24,81.0,80.42055087487222,32.269886842619066,71.97691469937327,-0.5794491251277871,39.839366472369214,-0.7153692902812187,1.344578618442461,1.7317731122967253
rolling_validation,simple_exponential_smoothing,HOUSEHOLD_1_008_TX_3,24,57.0,52.07861678729621,32.3250910528899,68.25545671910325,-4.921383212703784,56.71068605770159,-8.634005636322428,1.3468787938704125,1.6864096072117143
rolling_validation,simple_exponential_smoothing,HOUSEHOLD_1_008_WI_1,24,39.0,43.41622868857159,26.10099368491627,43.843371654008784,4.4162286885715965,66.92562483311863,11.323663304029735,1.0875414035381779,1.3515943001693838
rolling_validation,simple_exponential_smoothing,HOUSEHOLD_1_008_WI_2,24,75.0,65.25050138030137,28.9768921077884,52.35610374850926,-9.749498619698628,38.63585614371787,-12.999331492931503,1.2073705044911833,1.4769916461695214
rolling_validation,simple_exponential_smoothing,HOUSEHOLD_1_008_WI_3,24,36.0,33.46642102478211,27.095550775005567,42.94276440724885,-2.533578975217889,75.26541881945991,-7.037719375605247,1.1289812822918985,1.3376404039584164
rolling_validation,simple_exponential_smoothing,HOUSEHOLD_1_009_CA_1,24,92.0,56.11884641695895,44.42536107589459,131.65526474283593,-35.88115358304105,48.28843595205934,-39.00125389460983,1.851056711495608,2.3421434693356207
rolling_validation,simple_exponential_smoothing,HOUSEHOLD_1_009_CA_2,24,108.0,89.70142930872234,41.98696378057245,106.82686495147617,-18.298570691277657,38.87681831534486,-16.943121010442276,1.7494568241905188,2.109767611131182
rolling_validation,simple_exponential_smoothing,HOUSEHOLD_1_009_CA_3,24,115.0,145.86150980424281,48.34897216088408,151.4539347113256,30.86150980424283,42.042584487725286,26.836095481950284,2.0145405067035034,2.5120869039449847
rolling_validation,simple_exponential_smoothing,HOUSEHOLD_1_009_CA_4,24,63.0,59.20771826664456,28.927537053010102,52.05974907231917,-3.792281733355434,45.91672548096842,-6.019494814849895,1.2053140438754208,1.4728055578882884
rolling_validation,simple_exponential_smoothing,HOUSEHOLD_1_009_TX_1,24,53.0,59.73881071219495,37.71308273070489,75.81532291300229,6.738810712194951,71.15675986925451,12.714737192820664,1.5713784471127037,1.7773496527250237
rolling_validation,simple_exponential_smoothing,HOUSEHOLD_1_009_TX_2,24,99.0,76.2696250282691,62.08424087458886,244.8091627998119,-22.730374971730903,62.71135441877662,-22.959974718920105,2.586843369774536,3.1938036544730632
rolling_validation,simple_exponential_smoothing,HOUSEHOLD_1_009_TX_3,24,86.0,70.30316473075592,38.919137800926926,102.29371003168379,-15.69683526924408,45.25481139642666,-18.252134034004744,1.6216307417052886,2.0645188102768217
rolling_validation,simple_exponential_smoothing,HOUSEHOLD_1_009_WI_1,24,34.0,35.33112153357819,19.66792777882278,21.18623597401486,1.3311215335781927,57.84684640830229,3.9150633340535084,0.8194969907842825,0.939552995977672
rolling_validation,simple_exponential_smoothing,HOUSEHOLD_1_009_WI_2,24,49.0,59.15240604877549,50.30140890804029,156.8956823997564,10.152406048775493,102.65593654702099,20.71919601790917,2.095892037835012,2.5568183549071
rolling_validation,simple_exponential_smoothing,HOUSEHOLD_1_009_WI_3,24,59.0,61.97485310938103,33.0934176912831,62.38785191213232,2.9748531093810335,56.09053845980186,5.042123914205142,1.3788924038034625,1.6122945852641757
rolling_validation,simple_exponential_smoothing,HOUSEHOLD_1_010_CA_1,24,174.0,182.7651362987379,82.72884880501903,531.4270517164936,8.765136298737907,47.545315405183345,5.037434654447074,3.447035366875793,4.705613012299308
rolling_validation,simple_exponential_smoothing,HOUSEHOLD_1_010_CA_2,24,188.0,309.3611314323024,146.80079725740396,1148.0457138792094,121.3611314323024,78.08553045606594,64.55379331505446,6.116699885725165,6.916302341446649
rolling_validation,simple_exponential_smoothing,HOUSEHOLD_1_010_CA_3,24,271.0,257.32371613636394,161.4240375676872,1434.8451307112987,-13.676283863636073,59.566065523131805,-5.046599211673827,6.7260015653203,7.732089871414936
rolling_validation,simple_exponential_smoothing,HOUSEHOLD_1_010_CA_4,24,70.0,91.80986390181965,65.78532059290706,259.98022915561353,21.809863901819657,93.97902941843866,31.15694843117094,2.7410550247044605,3.2912777986901323
rolling_validation,simple_exponential_smoothing,HOUSEHOLD_1_010_TX_1,24,140.0,190.7611601531892,117.22981932160866,821.8160121668582,50.761160153189195,83.73558522972047,36.25797153799228,4.884575805067027,5.85169495447992
rolling_validation,simple_exponential_smoothing,HOUSEHOLD_1_010_TX_2,24,255.0,270.39085277181255,198.28768345564228,2435.464256448008,15.390852771812558,77.75987586495776,6.035628537965708,8.261986810651761,10.073612924467584
rolling_validation,simple_exponential_smoothing,HOUSEHOLD_1_010_TX_3,24,142.0,242.6235464513651,174.9584924419662,1727.7176676166205,100.62354645136507,123.21020594504661,70.86165243053878,7.289937185081925,8.484588154453492
rolling_validation,simple_exponential_smoothing,HOUSEHOLD_1_010_WI_1,24,114.0,104.42076353770523,67.26344586659386,274.74566643708727,-9.579236462294777,59.00302268999461,-8.40283900201296,2.802643577774744,3.383450324970843
rolling_validation,simple_exponential_smoothing,HOUSEHOLD_1_010_WI_2,24,138.0,117.284755858015,83.37668558337856,654.5751351728637,-20.715244141984996,60.41788810389751,-15.011046479699273,3.474028565974107,5.222448081650596
rolling_validation,simple_exponential_smoothing,HOUSEHOLD_1_010_WI_3,24,88.0,153.51906493914734,69.14927245987202,351.07517157100233,65.51906493914733,78.57871870440003,74.45348288539469,2.881219685828001,3.8246741232151744
